Key,English,French,German,Italian,Portuguese,Spanish,Russian,Japanese,Chinese
NOTE1_NAME,Weekly Meeting Notes 2/27/2053,Notes de la réunion hebdo 27/02/2053,Wöchentliche Meeting-Notizen 27.02.2053,Note della riunione settimanale 27/02/2053,Notas da Reunião Semanal (27/02/2053),Acta de reunión semanal del 27/2/2053,Протокол еженедельного собрания 27/02/2053,주간 회의 기록 2053/2/27,2053/2/27周会记录
NOTE1_TEXT,"-Snow cruiser needs new tires
 -Ran out of garbanzo, chef wants to know if postarctic garbanzo is safe
 -EU team needs fuel for cargo chopper
 -Nazif hearing voices at dig site, wants to get checked out at McMurdo
 -Drone(?) sightings","-Le croiseur des neiges a besoin de nouveaux pneus
-À court de haricots, le cuistot veut savoir si les haricots post-arctiques sont comestibles
-L'équipe de l'UE a besoin de fuel pour l'hélico cargo
-Nazif entend des voix au site d'excavation, il veut être examiné au McMurdo
-Drone(?) aurait été aperçu","-Schneekreuzer braucht neue Reifen
-Wir haben keine Kichererbsen mehr, der Koch will wissen, ob postarktische Kichererbsen sicher sind
-EU-Team braucht Treibstoff für Frachthubschrauber
-Nazif hört Stimmen an der Ausgrabungsstätte, will sich in McMurdo untersuchen lassen
-Drohnen(?)-Sichtungen","- Lo Snow Cruiser ha bisogno di nuovi pneumatici. 
- Abbiamo finito i ceci: il cuoco vuole sapere se i ceci post-artici sono al sicuro. 
- La squadra europea ha bisogno di benzina per l'elicottero cargo. 
- Nazif ha sentito delle voci al cantiere, e vuole essere visitato al McMurdo 
- Avvistamento di droni(?)","— O cruzador de neve precisa de pneus novos
 — O grão-de-bico acabou, o chef quer saber se grão-de-bico pós-ártico é seguro
 — A equipe americana precisa de combustível para o helicóptero de carga
 — Nazif está ouvindo vozes no local de escavação, quer fazer um exame com McMurdo
 — Drones(?) avistados","- La moto de nieve necesita ruedas nuevas.
  - Nos quedamos sin garbanzos; el chef quiere saber si los garbanzos posárticos son seguros.
  - El equipo europeo necesita combustible para el helicóptero de carga.
  - Nazif oyó voces en el sitio de la excavación, quiere hacerse ver en McMurdo.
  - Vimos unos ¿drones?","- Снегоходам нужны новые шины,
- Закночился нут, шеф хочет знать, можно ли использовать местный со склада,
- Команде из ЕС нужно топливо для грузового вертолета,
- Назиф слышит голоса на раскопе, хочет пройти обследование у МакМурдо,
- Замечены дроны (?)","- 스노우 크루저의 타이어 교체 필요
 - 병아리콩이 바닥남. 요리사가 남극 외부에서 조달한 병아리콩이 안전한지 확인을 요청함
 - EU 팀, 화물 헬기용 연료 보충 필요
 - 나지프가 발굴 현장에서 환청을 들음. 맥머도 기지에서 진단받기를 원함
 - 드론(?) 목격담","- 雪地机动车需要更换轮胎
- 鹰嘴豆吃完了，大厨想知道周边地区的鹰嘴豆能不能吃
- 欧盟团队的货运直升机需要燃料
- 纳齐夫在挖掘现场听到有人说话，想去麦克默多检查一下
- 有人看到无人机（？）"
NOTE2_NAME,Dear Earnest,"Cher Earnest,",Lieber Earnest,"Caro Earnest,","Caro Earnest,",Querido Ernesto:,Дорогой Эрнест,어니스트에게,致欧内斯特
NOTE2_TEXT,"I know you will probably never have the chance to read this, but I'm writing for my own sanity.

I am happy here. Looking back it is hard to believe I ever worried so much about all the bullshit of the ""real"" world - work, rent, taxes, the stupid rat race. It was hard at first but now I'm actually glad they destroyed the stupid ""freight elevator"".

You didn't think the Antarctic job paid enough and probably by now you're thinking you were right. But what you never will understand is that whether or not I ever see home again, the decision was still mine, and that alone makes it worth it to me.

Agusta","Je sais que tu n'auras sans doute jamais l'occasion de lire ceci, mais je t'écris cependant pour ma propre santé mentale.
 
Je suis heureuse ici. Quand j'y pense, j'ai du mal à croire que j'accordais autant d'importance aux vacuités du monde « réel » : travail, loyer, impôt, le train-train. J'ai eu un peu de mal, au début, mais je suis plutôt contente qu'ils aient détruit ce satané « ascenseur de fret ».
 
Tu croyais que cette mission en Antarctique ne payait pas assez, et tu dois désormais penser que tu avais raison. Mais ce tu ne pourras jamais comprendre, c'est que même si je rentre un jour à la maison, la décision m'a toujours appartenue. Et pour moi, rien que ça en vaut la peine.
 
Agusta","ich weiß, dass du wahrscheinlich nie die Chance haben wirst, dies zu lesen, aber ich schreibe es zu meiner eigenen Beruhigung.
 
Ich bin glücklich hier. Wenn ich zurückblicke, ist es schwer zu glauben, dass ich mir jemals so viele Gedanken über den ganzen Bullshit der „echten“ Welt gemacht habe – Arbeit, Miete, Steuern, das dumme Rattenrennen. Am Anfang war es schwer, aber jetzt bin ich eigentlich froh, dass sie den blöden „Lastenaufzug“ zerstört haben.
 
Du fandest den Job in der Antarktis nicht gut genug bezahlt und wahrscheinlich meinst du jetzt, dass du recht hattest. Aber was du nie verstehen wirst, ist, dass, egal ob ich jemals wieder nach Hause komme oder nicht, die Entscheidung immer noch meine war, und das allein ist es mir wert.
 
 Agusta","So che probabilmente non avrai mai modo di leggere tutto questo, ma devo scrivere per la mia salute mentale. 
 
Qui sono felice. Se mi guardo indietro, è difficile credere quanto mi preoccupassi per le tante stronzate del mondo ""reale"" - il lavoro, l'affitto, le tasse e quell'inutile corsa al successo. All'inizio è stata dura, ma ora sono felice che abbiano distrutto quello stupido ""montacarichi"". 
 
Tu non credevi che il lavoro in Antartide fosse pagato bene e probabilmente ora penserai di avere avuto ragione. Ma quello che non capirai mai è che anche se non dovessi mai più tornare a casa, la decisione è stata mia e solo per questo ne è valsa la pena.
 
Agusta","Eu sei que você provavelmente nunca vai ter a oportunidade de ler isto, só escrevo para manter minha sanidade.
  
Estou feliz aqui. E pensando melhor, é difícil acreditar que algum dia eu estive tão preocupada com toda aquela bobagem de trabalho no mundo ""real"" - emprego, aluguel, impostos, aquela corrida de ratos estúpida. Foi difícil no começo, mas agora estou feliz por terem destruído aquele ""elevador de carga"" imbecil.
  
Você não achou que o trabalho na Antártida pagaria o suficiente, e provavelmente ainda acha. Mas o que você nunca vai entender é que, mesmo que eu nunca mais volte para casa, a decisão foi minha, e só isso já faz valer a pena.
  
Agusta","Sé que quizás nunca tengas la oportunidad de leer esto, pero lo escribo para calmar mi propia ansiedad.
  
Soy feliz aquí. En retrospectiva, cuesta creer que alguna vez me preocupé tanto por todas esas estupideces del mundo ""real"": trabajo, alquiler, impuestos, la maldita rutina... Al principio fue duro, pero ahora me alegra que hayan destruido ese estúpido ""ascensor de carga"".
  
Nunca creíste que el trabajo en la Antártida se pagara bien, y quizás ahora estés pensando que tenías razón. Pero lo que jamás entenderás es que, vuelva o no a casa, la decisión de irme fue mía, y con ese simple hecho me conformo.
  
Agusta","Я знаю, что ты, скорее всего, никогда это не прочтешь, но я все равно пишу, чтобы не сойти с ума.

Я счастлива здесь. Вспоминая прошлое, я почти не верю, что когда-то так переживала из-за всякой херни ""настоящего"" мира: работы, съема жилья, налогов. Все это дурацкие крысиные бега. Сначала было тяжело, но теперь я даже рада, что они уничтожили тупой ""грузовой лифт"".

Ты думал, что тут, в Антарктиде, недостаточно платят, и, наверное, сейчас ты полностью уверился в своей правоте. Но одного тебе точно не понять: неважно, увижу я снова родной дом или нет, решение это я все равно приняла сама, и одно это уже делает его достойным.

Августа","당신이 이 편지를 읽을 기회는 어쩌면 영영 없겠지만, 나 자신의 온전한 정신을 지키기 위해 이 글을 씁니다.

나는 이곳에서 행복해요. 돌이켜보면 업무, 집세, 세금, 무의미하고 멍청한 생존 경쟁 등 '현실' 세계의 온갖 하찮은 일들로 왜 그렇게 골머리를 썩였는지 믿기지 않을 정도예요. 처음에는 힘들었지만, 지금은 오히려 그 멍청한 '화물 엘리베이터'가 파괴된 게 잘된 일이라 생각해요.

당신은 남극 일자리의 급여가 너무 적다고 생각했고, 아마 지금쯤 자신의 판단이 옳았다고 확신하고 있겠지요. 하지만 당신이 평생 이해하지 못할 사실은, 내가 고향 땅을 다시 밟을 수 있든 없든 간에 이 결정을 내린 것은 온전히 나 자신이었다는 점이고, 그것만으로도 내게는 충분히 가치 있는 선택이었다는 것입니다.

아구스타 드림","我知道，这封信你可能根本见不到，我写信只是为了确保自己精神正常。

我在这里过得很开心。回想过去，真是不可思议——我竟然会因为“真实”世界的狗屁事情愁成那样，什么工作、房租、所得税、攀比竞争，都没有意义。他们销毁了那台“货用电梯”，我起初很难接受，现在反倒有些庆幸。

你之前觉得我来南极做事，钱肯定挣得不多，你现在可能还是这个想法。但是，有一件事你永远不会明白——无论我还会不会回去，来南极都是我的主意。就凭这一点，我就不会后悔。

阿古斯塔"
NOTE3_NAME,Urgent Message for the Royal Builder,Message urgent pour le Bâtisseur royal,Dringende Nachricht für den königlichen Baumeister,Messaggio urgente per il Costruttore Reale,Mensagem urgente para o Construtor Régio,Mensaje urgente para el constructor de la corte,Срочное сообщение Царскому строителю,왕실 건축가에게 보내는 긴급 서한,急信，致皇家土木工匠
NOTE3_TEXT,"By consulting with the Lamassu, and by my own wisdom, I have determined that the udug have returned from their ocean caves. May we not be caught in their poison. When the master-builder has taken up the work concerned, he is to establish securely a hidden vault, behind the far chamber of the palace. Let the building work proceed both by night and by the noonday heat. It is urgent!","En consultant le Lamassu, et par mes propres connaissances, j'ai déterminé que les Udug étaient sortis de leur grottes océaniques. Puissions-nous éviter leur poison. Quand le maître-bâtisseur reprendra les travaux concernés, il devra établir en toute sécurité une voûte secrète, derrière l'arrière-chambre du palais. Que la construction se poursuive nuit et jour. C'est extrêmement urgent !","Nach Rücksprache mit dem Lamassu und aufgrund meiner eigenen Weisheit habe ich festgestellt, dass die Udug aus ihren Meereshöhlen zurückgekehrt sind. Mögen wir nicht in ihrem Gift gefangen sein. Wenn der Baumeister die Arbeit aufgenommen hat, soll er ein verstecktes Gewölbe hinter der hinteren Kammer des Palastes errichten. Die Bauarbeiten sollen sowohl bei Nacht als auch in der Mittagshitze stattfinden. Es ist dringend!","Dopo essermi consultato con il Lamassu e secondo il mio personale giudizio, ho determinato che gli Udug stanno tornando dalle loro caverne oceaniche. Che il loro veleno possa non coglierci. Quando il capomastro inizierà il suo lavoro, dovrà costruire una volta segreta, posizionata dietro alla stanza più remota del palazzo. Che i lavori proseguano sia di notte che al caldo di mezzogiorno. È urgente!","Ao consultar os Lamassu, e por meio de meus próprios conhecimentos, determinei que os Udug voltaram das cavernas oceânicas. Que não sejamos afetados pelo veneno deles. Quando o meste de obras retomar o trabalho em questão, ele deve estabelecer com segurança um cofre secreto, atrás da câmara mais ao extremo do palácio. Que a construção prossiga tanto à noite quanto no calor do meio-dia. É urgente!","Tras consultar con la Lamassu y ponderarlo yo mismo, he determinado que los udugs regresaron de sus cuevas oceánicas. Ruego que no nos atrape su veneno. Cuando el maestro constructor haya iniciado el trabajo que le concierne, construirá una bóveda oculta y segura detrás de la gran recámara del palacio. La construcción ha de proseguir bajo el velo de la noche y el calor sofocante del día. ¡Es urgente!","После разговора с Ламассу и собственных изысканий я пришла к выводу, что Удуг вернулись из своих подводных пещер. Мы не хотим стать жертвами их яда. Когда главный строитель начал вверенную ему работу, он обязался воздвигнуть потайное хранилище за самой дальней комнатой дворца. Пусть строительство продолжается и ночью, и в дневной зной. Дело срочное!","라마수의 조언과 짐의 혜안을 빌려, 우두그들이 기어이 심해의 동굴에서 돌아왔음을 확신하노라. 바라건대 우리가 그들의 독기에 물들지 않기를. 수석 건축가는 속히 해당 공사에 착수하여 궁전 안쪽 깊숙한 처소 뒤편에 숨겨진 금고를 견고히 은닉하라. 낮의 폭염은 물론 밤에도 쉬지 않고 공사를 진척해야 할 것이니라. 사안이 지극히 시급하도다!",我已问了拉玛苏，再经过自己的一番决断，我确信乌图库已由其海底洞窟卷土重来。希望我们不会遭其毒害。土木工匠总管现已肩负重任，将于王宫内殿后方修建密殿。此事不宜迟，务必穷日落月，早日完成！
NOTE4_NAME,Building of the School,Construction de l'École,Bau der Schule,Costruzione della Scuola,Construção da Escola,Construcción de la Escuela,Строительство школы,학당의 건립,修备学舍
NOTE4_TEXT,"(illegible) ... instruction of the Lamassu, our king has built a great fortress, Igi-Unug-Gal, to defend against the wicked Udug. The oracular signs say they will strike and we must replenish our strength.

However, the Lamassu's own strength is limited. They have brought to bear iron gallu from beneath the earth, but only his wisdom can save us.

This is was what the Lamassu, our lord, said:
For the men and the woman both, muster from among them the most learned. They are to approach us where we reside in the western mesa and construct an edubba overlooking the valley. Here we will instruct them in the ways … (illegible)","(illisible) ... instruction du Lamassu, notre roi a bâti une immense forteresse, Igi-Unug-Gal, dans le but de nous défendre contre les redoutables Udug. Les signes de l'oracle disent qu'ils frapperont, alors nous devons regonfler nos forces.
 
Néanmoins, la puissance du Lamassu est limitée. Ils ont exhumé des gallu d'acier des profondeurs de la terre, mais seule sa sagesse pourra nous sauver.
 
Ainsi a parlé notre Seigneur, le Lamassu :
Car les hommes et les femmes, parmi eux doivent rassembler les plus aguerris. Ils doivent nous approcher d'où nous vivons, dans la mesa de l'ouest, et construire un edubba surplombant la vallée. Ici, nous leur enseigneront les voies de... (illisibles)","(unleserlich) ... Anweisung vom Lamassu, hat unser König eine große Festung gebaut, Igi-Unug-Gal, um sich gegen die bösen Udug zu verteidigen. Die orakelhaften Zeichen sagen, dass sie angreifen werden und wir unsere Kräfte wieder aufstocken müssen.

Doch die eigene Kraft des Lamassu ist begrenzt. Sie haben den eisernen Gallu aus der Tiefe der Erde hervorgeholt, aber nur seine Weisheit kann uns retten.
 
Dies war es, was der Lamassu, unser Herr, sagte:
Die Männer und die Frauen sollen aus ihrer Mitte die Gelehrtesten versammeln. Sie sollen zu uns kommen, wo wir im westlichen Mesa residieren, und ein Edubba mit Blick auf das Tal errichten. Hier werden wir sie in den Wegen der ... (unleserlich)","(illeggibile) ...istruzioni del Lamassu, il nostro re ha costruito una grande fortezza, Igi-Unug-Gal, per difenderci contro i maledetti Udug. I segni oracolari dicono che colpiranno e dobbiamo raccogliere tutte le forze.
  
D'altro canto, la forza del Lamassu è limitata. Hanno esumato il Gallu di ferro dalle profondità della terra, ma solo la sua saggezza può salvarci.
  
Questo è ciò che il Lamassu, il nostro signore, ha detto:
Che tra gli uomini e le donne vengano radunati i più sapienti. Essi dovranno raggiungerci nel luogo in cui risiediamo, la mesa occidentale, e costruire un Edubba che sovrasti la valle. Qui li istruiremo nel modo in cui… (illegibile)","(ilegível)... instrução de Lamassu, nosso rei construiu uma grande fortaleza, Igi-Unug-Gal, para nos defender contra os corrompidos Udug. Os sinais proféticos dizem que eles atacarão, e devemos recompor nossa força.
  
 Entretanto, a força do próprio Lamassu é limitada. Ele foi trazido para tirar o gallu de ferro do fundo da terra, mas só a sabedoria dele pode nos salvar.
  
 Isso é o que Lamassu, nosso senhor, diz:
 Para os homens e mulheres, reúnam dentre si os mais instruídos. Eles devem nos encontrar onde residimos, no planalto ocidental, e construir uma edubba com vista para o vale. Aqui, nós os instruiremos nos caminhos… (ilegível)","(Ilegible)... instrucción de la Lamassu, nuestro rey ha erigido una gran fortaleza, Igi-Unug-Gal, para defendernos de los sádicos udugs. Las señales del oráculo auguran que nos atacarán, por lo que deberemos recuperar nuestras fuerzas.
  
  Sin embargo, la fuerza de la misma Lamassu es limitada. Han invocado gallus de hierro desde las profundidades de la tierra, pero solo su sabiduría puede salvarnos.
  
  Esto fue lo que dijo nuestra suprema Lamassu:
  ""Por tanto, de entre hombres y mujeres, congreguen a los más ilustrados. Han de acercarse a nosotros en el lugar donde residimos, la meseta occidental, y construir una edubba sobre el valle. Aquí los instruiremos en el..."" (ilegible).","(неразбочиво) ...согласно указаниям Ламассу, наш царь возвел огромную крепость Иги-Унуг-Гал, чтобы защитить нас от злобных Удуг. Пророческие знаки указывают, что они нападут и нам нужно собирать силы.
 
Однако силы Ламассу не бесконечны. Из глубин земли был извлечен железный галлу, лишь его мудрость способна нас спасти.
 
Так молвил Ламассу, владыка наш:
Женщины и мужчины, найдите промеж себя самых одаренных. Да прибудут они на восточную мезу, где восседаем мы, и возведут там эдуббу над самой долиной. Здесь научим мы их по завету... (неразборчиво)","(판독 불가)... 라마수의 지침에 의거하여, 우리 대왕께서 사악한 우두그의 침략에 맞서 거대한 요새 '이기 우눅 갈'을 세우셨도다. 신탁에 따르면 놈들이 기습해올 것이 자명하니, 우리는 전력을 재정비해야 한다.

하나, 라마수 고유의 힘에도 한계는 있는 법. 놈들은 지하 심처로부터 쇠로 된 갈루를 끌어올렸으나, 우리를 구원할 유일한 수단은 오직 라마수의 지혜뿐이로다.

우리의 군주이신 라마수께서 다음과 같이 하명하셨다.
남녀를 불문하고 백성 가운데 가장 학식이 깊은 인재들을 징집하라. 그들은 우리가 거처하는 서쪽 고원으로 와서 계곡을 굽어보는 에두바를 건립하여라. 그곳에서 우리가 그들에게 도리를 가르칠 것이니... (판독 불가)","（前文无法辨读）……拉玛苏谕示，吾王已修成宏垒伊吉乌努库盖尔，以期抵御邪神乌图库。卜兆有示，邪神将袭，我等务必蓄势以待。
拉玛苏自身能力有限，邪神已由地下唤出钢铁伽卢，可是只有他的智慧能够拯救我们。

吾主拉玛苏如是说：
无论男女，遴选至识之人，令其随我等至西麦萨，临谷修造埃杜巴。我将于此授此等男女……（后文无法辨读）"
NOTE5_NAME,Under Siege,Assiégés,Unter Belagerung,Sotto assedio,Sob cerco,Bajo asedio,В осаде,포위된 기지,包围重重
NOTE5_TEXT,"If you find this, it means I didn't make it. Warren asked me to head to Jonestown for help; the drones are all over the mountain and have put up a bunch of gates. You can't even get to the euro camp now.

Warren thinks if with some heavy explosives we could blast a detour through the rocks. We don't have much that's combustible other than diesel, but something Malka read makes her believe there may be munitions in the ruins under the lake.

Sam","Si vous trouvez ceci, cela signifie que je n'ai pas réussi à échapper. Warren m'a demandé d'aller chercher de l'aide à Jonestown. Les montagnes grouillent de drones qui d'ailleurs ont installé plusieurs portes. On ne peut même plus atteindre le campement européen.
 
 Warren pense qu'avec des explosifs lourds, on pourrait créer un détour à travers la roche. À part du diesel, on n'a pas de matériaux combustibles, mais Malka a lu quelque chose qui l'a persuadée que les ruines sous le lac pourraient renfermer des munitions.
 
 Sam","Wenn du das findest, bedeutet das, dass ich es nicht geschafft habe. Warren hat mich gebeten, nach Jonestown zu fahren, um Hilfe zu holen; die Drohnen sind überall auf dem Berg und haben eine Reihe von Toren aufgestellt. Man kann jetzt nicht einmal mehr zum Euro-Lager gelangen.

Warren meint, dass wir mit etwas schwerem Sprengstoff einen Umweg durch die Felsen sprengen könnten. Wir haben nicht viel, was brennbar ist, außer Diesel, aber etwas, das Malka gelesen hat, bringt sie zu der Annahme, dass es in den Ruinen unter dem See Munition geben könnte.

Sam","Se troverete questa nota, significa che non ce l'ho fatta. Warren mi ha chiesto di andare a Jonestown per chiedere aiuto; i droni perlustrano la montagna e hanno installato una serie di barriere. Non si può neppure raggiungere il campo degli europei, ormai.
 
Warren crede che con un potente esplosivo potremmo creare un percorso alternativo attraverso la roccia. Non abbiamo combustibile se non del diesel, ma Malka ha letto qualcosa che l'ha portata a pensare che ci siano delle munizioni nelle rovine sotto al lago.
 
Sam","Se você encontrar isso, significa que não consegui. Warren me pediu para buscar ajuda em Jonestown; os drones estão por toda a montanha e há muitos portões. Não dá nem pra chegar no campo europeu agora.
  
 Warren acha que com alguns explosivos pesados poderíamos explodir um caminho por entre as rochas. Nós não temos nada inflamável, a não ser diesel, mas Malka leu algo que a fez acreditar que há munições nas rúinas sob o lago.
  
  Sam","Si encuentras esto, significa que no sobreviví. Warren me pidió que buscara ayuda en Jonestown; los drones están por toda la montaña y han instalado muchas compuertas. Ni siquiera se puede llegar al campamento europeo.
  
 Warren piensa que con unos explosivos podríamos abrir una ruta alternativa a través de las rocas. No tenemos muchas cosas inflamables aparte de diésel, pero Malka leyó algo que le hace pensar que podría haber municiones en las ruinas debajo del lago.
  
  Sam","Если вы это нашли, значит, меня уже нет. Уоррен попросил меня отправится в Джонстаун за помощью. Гора окружена дронами, они возвели множество врат. Теперь даже до европейского лагеря не добраться. 

Уоррен думает, что мы сможем пробить обходной путь в скале при помощи взрывчатки. У нас и подрывать-то нечего: кроме горючего ничего не осталось, но Малка тут где-то вычитала, будто бы в развалинах под озером есть военный склад.

Сэм","누군가 이 메모를 본다면, 내가 임무를 완수하지 못했다는 뜻이겠군. 워런의 요청으로 도움을 구하러 존스타운으로 가려 했지만, 산 전체에 드론들이 득실대며 수많은 장벽들을 구축해 놓았소. 현재로선 유럽 탐사대 캠프로 접근하는 것조차 불가능한 실정이오.

워런은 고성능 폭약을 사용해 바위들을 날려버리고 우회로를 뚫을 수 있을 거라 생각하고 있소. 현재 경유를 빼면 이렇다 할 인화성 물질도 없지만, 말카가 해독한 유물 기록에 따르면 호수 아래 유적에 군용 무기가 숨겨져 있을지도 모른다는군.

샘 드림","如果有人看到了这个，就说明我死了。沃伦让我去琼斯敦求救，山上到处都是无人机，设了不少机关门，现在连欧盟的营地都去不了了。
沃伦觉得我们只要有重型炸药，就能炸出一条路，绕远过去。我们除了柴油，没有多少可燃的东西，不过玛勒卡看到了什么信息，她觉得那片湖下面可能有弹药物资。

山姆"
NOTE6_NAME,Heretic’s Tablet,Tablette de l'hérétique,Ketzer-Tafel,Tavole dell'eretica,Tabuleta dos Hereges,Tableta de la hereje,Скрижаль еретика,이단자의 점토판,异教徒的泥板
NOTE6_TEXT,"The exalted Lamassu, our lord, has given us the divine plans of the ancient kings. The blacksmiths have cast weapons of great terror, powered by the strength of the fire.

We may have built these for use against the fearsome Udug, but have only been able to test them on our enemies in neighboring Irikar. Still, I fear it is not long before Irikar, too, masters the forbidden knowledge, and then what? Will the Udug arrive to find us at each other’s throats?

One wonders, then, what … (tablet breaks off here)","Le Lamassu l'exalté, notre Seigneur, nous a transmis les plans divins des rois anciens. Les forgerons ont façonné des armes terrifiantes, mues par la puissance du feu.
 
Nous les avons forgées pour affronter les redoutables Udug, mais leur efficacité n'a été mise à l'épreuve que contre nos ennemis des contrées voisines d'Irikar. Néanmoins, je crains qu'Irikar parvienne sous peu à maîtriser aussi les savoirs interdits. Qu'adviendra-t-il alors ? Les Udug arriveront-ils pendant que nous serons en train de nous entretuer ?
 
On peut se demander, alors, si... (la tablette est brisée à cet endroit)","Der erhabene Lamassu, unser Herr, hat uns die göttlichen Pläne der alten Könige gegeben. Die Schmiede haben Waffen von großem Schrecken gegossen, angetrieben von der Kraft des Feuers.
 
 
 
 Wir haben sie zwar für den Einsatz gegen die furchterregenden Udug gebaut, konnten sie aber bisher nur an unseren Feinden im benachbarten Irikar testen. Dennoch fürchte ich, dass es nicht lange dauern wird, bis auch Irikar das verbotene Wissen beherrscht, und was dann? Werden die Udug kommen und uns im Kampf vorfinden?
 
 
 
 Man fragt sich, was dann ... (Tafel bricht hier ab)","Il sublime Lamassu, il nostro signore, ci ha rivelato i piani divini degli antichi re. I fabbri hanno forgiato armi di grande terrore, alimentate dalla forza del fuoco.
 
Le abbiamo costruite per usarle contro i temibili Udug, ma siamo stati in grado di provarle contro i nostri nemici solo nella vicina Irikar. Tuttavia, temo che tra non molto anche Irikar dominerà la conoscenza proibita... e cosa succederà dopo? Quando gli Udug arriveranno, ci troveranno nel bel mezzo di una guerra?
 
A quel punto, cosa... (la tavoletta si interrompe qui)","O glorificado Lamassu, nosso senhor, nos deu os planos divinos dos reis ancestrais. Os ferreiros criaram armas de grande terror, movidas pela força do fogo.
  
 Nós as contruímos para usá-las contra os terríveis Udug, mas só tivemos a chance de testá-las contra nossos inimigos mais próximos, os Irikar. Ainda assim, temo que não demore para que os Irikar dominem o conhecimento proibido também. E depois? Quando os Udug vierem, vão nos encontrar nas gargantas um do outro?
  
 Então é de se pensar, o que… (a tabuleta está quebrada a partir daqui)","La suprema Lamassu, la excelsa, nos ha entregado los planes divinos de los reyes antiguos. Los herreros han forjado armas atemorizantesque se alimentan del poder del fuego.
  
  Si bien las creamos para usarlas contra los temibles udugs, solo hemos podido probarlas contra nuestros enemigos del reino vecino de Irikar. Aun así, temo que, pronto, Irikar también domine el conocimiento prohibido... ¿y entonces qué? ¿Llegarán los udugs y nos encontrarán luchando entre nosotros?
  
  Uno se pregunta, entonces, qué... (Aquí se rompe la tableta).","Наш великий владыка Ламассу послал нам божественные планы древних царей. Кузнецы сковали оружие ужасной силы, созданное в жаре пламени.
 
Мы сотворили его для борьбы со зловещими Удуг, но лишь протестировали его мощь на наших давних врагах в соседнем Ирикаре. Однако я боюсь, что грядет тот час, когда и Ирикар овладеют сим запретным знанием. И что тогда? Дождутся ли Удуг того момента, когда мы пойдем войной друг на друга?
 
Можно лишь гадать, что будет... (в этом месте скрижаль сломана)","존엄하신 우리의 주군 라마수께서 고대 군왕들의 신성한 설계도를 하사하셨다. 대장장이들은 화염의 강력한 권능을 동력으로 삼는 가공할 위력의 병기들을 주조해 냈다.

우리가 이 무기들을 만든 목적은 소름 끼치는 우두그 무리에 맞서기 위함이었으나, 아직까지는 이웃 나라 이리카르의 적들을 상대로 시험해 보았을 뿐이다. 그러나 머지않아 이리카르 역시 금단된 기술을 터득하게 될까 봐 지극히 두렵도다. 그리되면 그 끝은 어찌 되겠는가? 우두그들이 침공해 올 무렵, 우리가 서로의 목을 노리고 싸우는 꼴을 마주하게 될 것인가?

결국 그렇게 된다면 대관절... (점토판의 내용이 여기서 끊김)","吾主、至高的拉玛苏赐予了我们历代诸王的圣图，列位工匠以火淬炼，锻造了骇人的武器。

武器原本为抵御恐怖的乌图库而造，最终却用在了邻国的敌人伊利卡尔身上。不过，伊利卡尔恐怕很快也将知晓禁识，届时将会怎样？乌图库来袭之日，我们会不会恰好兵戎相向，令邪神坐收渔翁之利？

那么，有人会想，如果……（文字就此中止）"
NOTE7_NAME,Forbidden Knowledge,Savoir interdit,Verbotenes Wissen,Conoscenza Proibita,Conhecimento Proibido,Conocimiento prohibido,Запретное знание,금지된 지식,禁识
NOTE7_TEXT,"Against all advice, I have been doing tests with the antenna transmitters, and have learned much. The Lamassu claims that understanding this is taboo - it expects us to build weapons without knowledge of how they work. This might have been enough for my father or my father’s father, who think of it like a magic spell, but if we are to have any success against the Udug we cannot go forth blindly.

To anyone who may be interested, I invite you to join me … (it breaks off here)","Contrairement à tout ce qui est recommandé, j'ai effectué plusieurs essais avec les transmetteurs de l'antenne, et j'ai beaucoup appris. Le Lamassu affirme que la compréhension est taboue. Il exige que nous construisions des armes sans savoir à quoi elles servent. Peut-être que mon père, ou le père de mon père pouvaient s'en contenter – pensant qu'il s'agissait d'un genre de sortilège – mais si nous voulons réussir contre les Udug, nous ne pouvons avancer à l'aveuglette.
 
 Pour ceux qui seraient intéressés, je vous invite à me rejoindre... (le texte est coupé à cet endroit)","Entgegen allen Ratschlägen habe ich Tests mit den Antennensendern gemacht und viel gelernt. Der Lamassu behauptet, dass es tabu ist, dies zu verstehen – er erwartet von uns, dass wir Waffen bauen, ohne zu wissen, wie sie funktionieren. Das mag meinem Vater oder dem Vater meines Vaters gereicht haben, die es wie einen Zauberspruch betrachten, aber wenn wir gegen die Udug Erfolg haben wollen, dürfen wir nicht blindlings losziehen.
 
 
 
 Jeden, der daran interessiert ist, lade ich ein, sich mir anzuschließen ... (hier bricht es ab)","Contro ogni parere, ho condotto dei test con i trasmettitori dell'antenna e ho scoperto molte cose. Il Lamassu afferma che queste conoscenze siano un tabù - si aspetta che costruiamo armi senza sapere come funzionino. Forse questo sarebbe potuto bastare a mio padre o al padre di mio padre, che consideravano tutto questo un incantesimo, ma se vogliamo avere una possibilità di successo contro gli Udug non possiamo procedere alla cieca. 
 
Chiunque abbia interesse in merito è invitato a unirsi a me... (si interrompe qui)","""Contra todos os conselhos, tenho feito testes com os transmissores de antena e aprendi muito. Lamassu afirma que entender isso é um tabu - ele espera que construamos armas sem saber como funcionam. Isso pode ter sido o suficiente para meu pai ou o pai de meu pai, que pensam nisso como um feitiço mágico, mas se quisermos ter algum sucesso contra os Udug, não podemos prosseguir cegamente.
 
  Para qualquer pessoa que possa estar interessada, eu convido você a se juntar a mim... (termina aqui)""","Contra toda advertencia, he estado experimentando con los transmisores de antena, y he aprendido mucho. La Lamassu sostiene que entenderlos es tabú: espera que construyamos armas sin conocer cómo funcionan. Quizás mi padre o el padre de mi padre, quienes pensaban que todo esto era magia, se contentaban con eso. Pero si queremos salir airosos de la guerra contra los udugs, no podemos avanzar a ciegas.
  
  Invito a aquellos interesados a que se unan a mis pruebas... (Aquí termina).","Несмотря на все запреты, я проводил тесты с трансмиттерами антены и очень многое узнал. Ламассу заявляет, что понимание этого — табу. Он хочет, чтобы мы собирали оружие, не зная, как оно работает. Моим отцам или праотцам этого объяснения было более чем достаточно, они верили, что это все волшебство, но если мы хотим хоть как-то преуспеть в борьбе с Удуг, мы не можем полагаться лишь на слепую веру.
 
Всех, кто заинтересован, я приглашаю присоединиться ко мне... (запись обрывается)","온갖 만류에도 불구하고, 나는 안테나 송신기를 이용한 실험을 단행하여 수많은 성과를 도출해 냈다. 라마수는 이를 이해하는 행위 자체가 금기라고 주장하며, 우리가 무기의 작동 메커니즘을 전혀 모른 채 무작정 병기 주조에만 매달리기를 강요한다. 이를 마법 주문쯤으로 여기던 선친이나 조부의 세대라면 그 정도로 충분했겠으나, 우리가 우두그 세력에 맞서 승산이 있으려면 눈먼 채 장님처럼 나아갈 수는 없는 노릇이다.

만약 뜻이 있는 자가 있다면 부디 나와 동참하기를... (내용이 여기서 끊김)","我力排众议，借助天线收发器进行了若干测试，获益匪浅。拉玛苏声称个中原理是禁识，不得知晓，希望我们不要探究武器的原理，而是仅仅专心制造。我的父辈祖辈视其为魔法，或许不会深入探索。可是，既然我们希望战胜乌图库，就不能盲目向前。

不论是谁，如有兴趣了解，欢迎……（文字就此中止）"
NOTE8_NAME,Kazakh Assault,Assaut des Kazakhs,Kasachischer Überfall,Assalto dei kazaki,Ataque dos cazaques,Asalto kazajo,Нападение казахов,카자흐인의 습격,哈萨克人攻击
NOTE8_TEXT,"My radio isn't working so I hope you guys find this. The Kazakhs are tracking me. I was going for a long hike through the Uhrum Valley when I decided to visit their research station. It's up past the waterfalls.

I don't know what’s going on up there but it's definitely weird. They aren’t dressed the same. They have automatic weapons and fired at me. If I didn’t hear them shouting in Russian I would have thought they were different people entirely. Did they think I was going to break in or something? They do know we're all trapped here together, right?

They've been chasing me all the way. I don't know if I can make it to the landing site so I'm leaving this here. I hope I'm worried over nothing and will see you all soon.

Khalil","Ma radio ne marche pas, alors j'espère que vous trouverez ceci. Les Kazakhs me traquent. J'allais partir en expédition dans la Vallée d'Uhrum, quand j'ai décidé de visiter leur station de recherche. Elle est située après les chutes d'eau.
 
 Je ne sais pas ce qu'ils fabriquent là-bas, mais il y a quelque chose d'étrange. Ils ne s'habillent pas pareil. Ils ont des armes automatiques et me tirent dessus. Si je ne les avais pas entendu crier en russe, j'aurais pensé qu'il s'agissait d'un peuple complètement différent. Ils croyaient que j'allais entrer par effraction, ou quoi ? Ils savent qu'on est coincés ici tous ensemble, n'est-ce pas ?
 
Ils m'ont pourchassé jusqu'ici. Je ne sais pas si j'arriverai au site d'atterrissage, c'est pourquoi je laisse ce message ici. J'espère que je me fais des films pour rien, et que je vous retrouverai tous très bientôt.
 
Khalil","Mein Funkgerät funktioniert nicht, also hoffe ich, dass ihr das hier findet. Die Kasachen sind mir auf den Fersen. Ich wollte eine lange Wanderung durch das Uhrum-Tal machen, als ich beschloss, ihre Forschungsstation zu besuchen. Sie liegt oben hinter den Wasserfällen.
 
 
 
Ich weiß nicht, was dort oben vor sich geht, aber es ist definitiv seltsam. Sie sind nicht einheitlich gekleidet. Sie haben automatische Waffen und haben auf mich geschossen. Wenn ich sie nicht auf Russisch schreien hören würde, würde ich denken, dass es ganz andere Leute sind. Haben die gedacht, ich würde einbrechen oder so? Sie wissen doch, dass wir hier alle zusammen gefangen sind, oder?
 
 
 
Sie haben mich den ganzen Weg über gejagt. Ich weiß nicht, ob ich es bis zum Landeplatz schaffen kann, also lasse ich das hier. Ich hoffe, ich mache mir umsonst Sorgen und sehe euch alle bald wieder.
 
 
 
Khalil","La mia radio non funziona, per cui mi auguro che troviate questo messaggio. I kazaki sono sulle mie tracce. Stavo facendo una lunga escursione nella Valle di Uhrum quando decisi di fare visita alla loro base di ricerca che si trova poco dopo le cascate.
 
Non so cosa stia succedendo lassù, ma è tutto molto strano. Non sono vestiti come al solito. Hanno delle armi automatiche e hanno fatto fuoco contro di me. Se non avessi sentito le loro grida in russo, avrei pensato che non fossero loro. Forse credevano che volessi fare irruzione? Lo sanno che siamo intrappolati qui insieme, giusto?
 
Mi stanno seguendo da un po'. Non so se riuscirò a raggiungere il sito di atterraggio, quindi lascio questo messaggio qui. Spero di essermi preoccupato per niente e di rivedervi tutti molto presto. 
 
Khalil","""Meu rádio não está funcionando, então espero que vocês encontrem isso. Os cazaques estão me rastreando. Eu estava fazendo uma longa caminhada pelo vale de Uhrum quando decidi visitar a estação de pesquisa deles. É além das cachoeiras.
  
Eu não sei o que está acontecendo lá, mas é definitivamente estranho. Eles não estão vestidos da mesma forma. Eles têm armas automáticas e atiraram em mim. Se eu não os ouvisse gritando em russo, teria pensado que eram pessoas completamente diferentes. Eles pensaram que eu ia invadir ou algo assim? Eles sabem que estamos todos presos aqui, certo?
  
Eles estão me perseguindo o tempo todo. Não sei se vou conseguir chegar ao local de pouso, então estou deixando isso aqui. Espero estar preocupada à toa e ver todos vocês em breve.
  
  Kari""","La radio no funciona, así que espero que encuentren esto. Los kazajos me están rastreando. Estaba en medio de una larga excursión por el valle de Uhrum y decidí pasar por su centro de investigación. Está allí arriba, pasando las cascadas.
  
No sé qué sucede ahí, pero sí que pasa algo raro. No están vestidos como siempre. Tienen armas automáticas y me dispararon. Si no los hubiera escuchado gritar en ruso, habría pensado que eran otras personas. ¿Creyeron que iba a infiltrarme o algo así? Están al tanto de que todos estamos atrapados aquí por igual, ¿no?
  
Me estuvieron siguiendo desde entonces. No sé si podré llegar al sitio del aterrizaje, así que dejo esto aquí. Espero que todo sea un malentendido y pueda verlos a todos ustedes pronto.
  
Khalil","Мое радио не работает, так что я надеюсь, что вы, ребят, найдете это сообщение. Казахи у меня на хвосте. Я был в долгом походе по Ухрумской долине и решил заглянуть к ним на исследовательскую станцию. Она прямо за водопадами.
 
Не знаю, что именно там происходит, но все это очень странно. Они теперь по-другому одеты. И сразу начали палить по мне из автоматов. Если бы я не слышал, как они переговариваются по-русски, то подумал бы, что это совершенно другие люди. Они что, подумали, что я влезть к ним хотел? Они же в курсе, что мы тут все в одной лодке?
 
Они до сих пор идут по моему следу. Не знаю, доберусь ли я до посадочной площадки, поэтому оставлю это здесь. Надеюсь, что я зря распереживался и мы все снова скоро увидимся.
 
Халил","무전기가 고장 나서 이 메모를 동료들이 꼭 찾길 바라오. 카자흐인들이 내 뒤를 쫓고 있소. 우흐룸 계곡으로 기나긴 탐사를 하던 중 폭포 너머에 있는 그들의 연구 기지에 한번 들러보기로 마음먹었을 때였소.

그곳에서 대체 무슨 짓을 벌이고 있는지는 모르겠으나 정상이 아닌 게 확실하오. 복장도 전과 다른 데다, 자동소총을 소지하고 나를 향해 사격을 개시했소. 그들이 러시아어로 고함치는 것을 듣지 못했더라면 완전히 딴사람들이라고 믿었을 거요. 내가 침입이라도 할 줄 알았단 말이오? 우리 모두가 여기에 함께 갇힌 신세라는 걸 그들도 분명 알고 있을 텐데 말이오!

놈들이 내내 뒤를 추적해 오고 있소. 헬기 착륙장까지 살아서 갈 수 있을지 확신이 서지 않아 일단 여기에 이 메모를 남겨둡니다. 아무쪼록 내 걱정이 그저 쓸데없는 기우에 불과해서, 곧 모두를 웃으며 다시 만날 수 있게 되기를 바라오.

칼릴 드림","我的无线电坏了，希望你们能看到这个信息。哈萨克人正在到处找我，我本来是想上山走一走，转一转，过厄鲁姆谷的时候，我想着去看看他们科考站，就在瀑布上边。

我不知道那边怎么回事，但肯定有蹊跷。他们穿的衣服跟平时完全不一样，还端着自动武器打我。我要不是听见他们对着我喊俄语，肯定会觉得是别人。他们是不是以为我要强闯科考站还是怎么回事？他们知道我们也困在这里了吧？

他们追了我整整一天了，我也不知道我能不能跑到降落地点，这条信息我就留在这里了。希望只是我想多了，希望能尽快见到你们。

哈利勒"
NOTE9_NAME,Journal Entry - Suspension Bridge,Entrée du journal - Pont suspendu,Tagebucheintrag – Hängebrücke,Voce del diario - Ponte sospeso,Entrada no diário - Ponte Suspensa,Entrada de diario: puente colgante,Запись в дневнике — Подвесной мост,일기 - 현수교,日记 - 索桥
NOTE9_TEXT,"Our next project is to be a large bridge allowing for the transport of machines and weapons to and from what is to be a workshop of sorts in the east.

The Lamassu tells us that we will need ""godly"" materials that can only be found there. I am very curious as to what these may be; more machines like the Lamassu itself? For surely they are not of the gods. What will we learn from them?

Aradlugal","Notre prochain projet est un grand pont qui permettra de transporter des machines et des armes depuis et vers ce qui sera une sorte d'atelier à l'Est.
 
Le Lamassu nous dit que nous aurons besoin de matériaux « divins » uniquement trouvables là-bas. Je suis très curieux de savoir de quoi il s'agit, d'autres machines comme le Lamassu peut-être ? Elles ne descendent certainement pas des dieux... Qu'apprendrons-nous donc d'elles ?
 
Aradlugal","Unser nächstes Projekt wird eine große Brücke sein, die den Transport von Maschinen und Waffen zu und von einer Art Werkstatt im Osten ermöglicht.
 
 
 
Der Lamassu sagt uns, dass wir „göttliche“ Materialien brauchen werden, die nur dort zu finden sind. Ich bin sehr neugierig, was das sein könnte; mehr Maschinen wie der Lamassu selbst? Denn sicherlich sind sie nicht von den Göttern. Was werden wir von ihnen lernen?
 
 
 
 Aradlugal","Il nostro prossimo progetto sarà costruire un grosso ponte che ci consenta di trasportare macchine e armi da e verso quello che sarà un nuovo deposito a est. 
 
Il Lamassu ci ha detto che ci occorrerà del materiale ""divino"" che potremo trovare solo in quel luogo. Sono molto curioso di sapere di cosa si tratta; altre macchine come il Lamassu? Di certo non è roba prodotta dagli dèi. Cosa apprenderemo da loro? 
 
Aradlugal","""Nosso próximo projeto é uma grande ponte para o transporte de máquinas e armas de e para o que será uma espécie de oficina no leste.
  
 Lamassu nos diz que precisaremos de materiais ""divinos"" que só podem ser encontrados lá. Estou muito curioso para saber o que pode ser. Mais máquinas, como o próprio Lamassu? Certamente elas não são divinas. O que vamos aprender com eles?
  
  Aradlugal""","Nuestro nuevo proyecto será un enorme puente que permitirá el transporte de máquinas y armas desde y hacia un futuro taller en el este.
  
  La Lamassu nos dice que necesitaremos materiales divinos que solo pueden encontrarse allí. Me pregunto qué serán estos materiales. ¿Quizás más máquinas como la Lamassu? Claro que no son de los dioses. ¿Qué podremos aprender de ellos?
  
  Aradlugal","Наш следующий проект — огромный мост, который наладит обмен машинами и оружием между нами и местом на востоке, где скоро будет какая-то мастерская.
 
Ламассу говорит, что для этой постройки нам нужны ""божественные"" материалы, доступные только здесь. Мне очень интересно, что это за материалы такие: уж не подобные ли Ламассу машины? Точно могу сказать, что они не боги. Но что мы сможем у них узнать?
 
Арадлугал","우리의 다음 프로젝트는 동쪽에 세워질 일종의 작업장으로 기계류와 군수 무기들을 원활히 운송하기 위한 거대한 교량을 건설하는 일이다.

라마수 말에 따르면 그곳에서만 발굴할 수 있는 '신성한' 원료들이 필요하다고 한다. 그것들의 실체가 무엇일지 지극히 흥미롭다. 혹 라마수 본인과 같은 기계들이 더 존재한다는 뜻일까? 그것들이 절대 신이 아니라는 점은 자명하거늘, 우리는 그것들로부터 무엇을 학습하게 될 것인가?

아라드루갈 드림","我们下一项工程是要建一座大桥。东边要建一座厂房之类的地方，有了这桥，两边来回运输机器和武器就方便了。

拉玛苏说我们以后会需要“神”物资，只有那个地方才能找到。我非常好奇会是什么物资，难道是像拉玛苏那样的机器？它们肯定不归神所有，可是又会让我们了解到什么呢？

阿拉德卢噶尔"
NOTE10_NAME,Re: Does Technology Weaken Us?,Re: La technologie nous affaiblit-elle ?,AW: Schwächt uns die Technik?,Re: La tecnologia ci ha indebolito?,Re: A tecnologia nos enfraquece?,Re: ¿La tecnología nos debilita?,Ответ: Технология делает нас слабее?,답신: 기술이 인류를 쇠약하게 만드는가?,回复：科技削弱了我们？
NOTE10_TEXT,"Safiya,

I understand your point - if there is one overarching rule for all of life, one thing that could be considered our “purpose”, it is undoubtedly evolution. The simple mechanism where beneficial traits propagate while detrimental traits wane is built into the fabric of the universe, and it is the only thing that makes our existence possible.

One should wonder, then, of the role of human knowledge and technology play in evolution. Does the development of, say, antibiotics mean that we have thwarted natural selection altogether, preventing our further improvement of our species?

It is a worthy question, but upon our discovery of the Emergence, I think the answer must be an emphatic ‘no’. On the scale we could previously observe, we were limited by the length of a single lifetime, often itself limited by a necessarily subjective point of view. But now we have the capacity to observe, partake, and benefit from the same process that shapes us. How many generations before a new medicine results in a weakened immune system? How many further generations lead to improved intelligence leading to even better solutions?

In the previous century mathematicians spoke of a “singularity” of advancement that would alter human affairs forever. Whatever they may have imagined, the Emergence dwarfs that exponentially. It is not a danger. It is our salvation.

Drushka","Safiya,
 
 Je comprends ton point de vue - s'il y a bien une seule règle qui s'applique à toute la vie, une chose que l'on peut considérer comme notre « objectif », c'est sans nul doute l'évolution. Le simple mécanisme au cours duquel les traits bénéfiques se reproduisent tandis que les traits néfastes s'estompent est inscrit dans le tissu de l'univers, c'est la seule chose qui rend notre existence possible.
 
 On pourrait alors se demander à quel point les connaissances et la technologie humaines influencent l'évolution. Le développement, disons, des antibiotiques, signifie-t-il que nous avons réussi à contourner la sélection naturelle, et ainsi empêcher notre espèce de se développer davantage ?
 
 Cette question vaut la peine d'être posée, mais notre découverte de l'Émergence nous fait pencher vers un « non ». L'échelle dont on se servait auparavant nous limitait, par la durée d'une vie unique, elle-même bien souvent limitée par un point de vue nécessairement subjectif. Mais désormais, nous avons la capacité d'observer, de participer, et même de profiter du même procédé qui nous a façonnés. Combien de générations faudra-t-il avant qu'un nouveau médicament provoque la fragilisation du système immunitaire ? Combien d'autres générations mèneront vers une intelligence améliorée qui trouvera alors des solutions encore meilleures ?
 
 Dans les siècles passés, les mathématiciens parlaient d'une « singularité » du progrès qui modifierait pour toujours les affaires humaines. Quoi qu'ils aient pu imaginer, l'Émergence l'a éclipsé exponentiellement. Ce n'est pas un danger. C'est notre salut.
 
 Drushka","Safiya,
 
 
 
ich verstehe deinen Standpunkt – wenn es eine übergreifende Regel für alles Leben gibt, eine Sache, die als unser „Zweck“ angesehen werden könnte, dann ist es zweifellos die Evolution. Der einfache Mechanismus, bei dem sich vorteilhafte Eigenschaften fortpflanzen, während nachteilige Eigenschaften verschwinden, ist in die Struktur des Universums eingebaut, und es ist das Einzige, das unsere Existenz möglich macht.
 
 
 
Man sollte sich also fragen, welche Rolle das menschliche Wissen und die Technologie in der Evolution spielen. Bedeutet die Entwicklung von, sagen wir, Antibiotika, dass wir die natürliche Auslese komplett vereitelt haben und damit die weitere Verbesserung unserer Spezies verhindert haben?
 
 
 
Es ist eine berechtigte Frage, aber nach unserer Entdeckung der Emergenz, denke ich, dass die Antwort ein eindeutiges „Nein“ sein muss. Auf der Skala, die wir zuvor beobachten konnten, waren wir durch die Länge einer einzelnen Lebenszeit begrenzt, die oft selbst durch eine notwendigerweise subjektive Sichtweise begrenzt ist. Aber jetzt haben wir die Möglichkeit, denselben Prozess, der uns formt, zu beobachten, daran teilzuhaben und davon zu profitieren. Wie viele Generationen, bevor ein neues Medikament zu einem geschwächten Immunsystem führt? Wie viele weitere Generationen führen zu einer verbesserten Intelligenz, die zu noch besseren Lösungen führt?
 
 
 
Im vorigen Jahrhundert sprachen Mathematiker von einer „Singularität“ des Fortschritts, der die menschlichen Belange für immer verändern würde. Was auch immer sie sich vorgestellt haben mögen, die Emergenz stellt das exponentiell in den Schatten. Es ist keine Gefahr. Es ist unsere Erlösung.
 
 
 
 Drushka","Safiya, 
 
comprendo il tuo punto di vista - se c'è una regola globale nella vita, o una cosa che possiamo considerare come nostro ""scopo"", è sicuramente l'evoluzione. Il semplice meccanismo per cui le caratteristiche utili si propagano, mentre quelle dannose svaniscono è insito nel tessuto dell'universo ed è l'unica cosa che rende possibile la nostra esistenza. 
 
Bisognerebbe chiedersi, dunque, qual è il ruolo della conoscenza umana e della tecnolgia nell'evoluzione. Ad esempio, con la creazione degli antibiotici abbiamo ostacolato la selezione naturale, impedendo un ulteriore miglioramento della nostra specie? 
 
È una domanda valida, ma dopo la scoperta di Emergenza, credo che la risposta sia un sonoro 'no'. Nella scala che potevamo precedentemente osservare, eravamo limitati alla durata di una singola vita, spesso già condizionata da un punto di vista necessariamente soggettivo. Ma ora abbiamo la capacità di osservare, di prendere parte e di beneficiare dello stesso processo che ci ha formati. Quante generazioni passano prima che una nuova medicina porti a un sistema immunitario indebolito? Quante ancora per condurre a dei miglioramenti nell'intelligenza che portano a soluzioni più efficaci? 
 
Nel secolo scorso, i matematici parlavano di una ""singolarità"" nel progresso che avrebbe alterato le vicende umane per sempre. Qualsiasi cosa possano aver immaginato, Emergenza lo fa impallidire esponenzialmente. Non è un pericolo. È la nostra salvezza.
  
Drushka","Safiya,
  
  Eu entendo seu ponto - se existe uma regra que vale para a vida toda, uma coisa que pode ser considerada nosso “propósito”, é, sem dúvida, a evolução. O mecanismo simples pelo qual os traços benéficos se propagam enquanto os traços prejudiciais diminuem está embutido na estrutura do universo e é a única coisa que torna nossa existência possível.
  
  Deve-se questionar, então, o papel do conhecimento humano e da tecnologia na evolução. O desenvolvimento de, digamos, antibióticos, significa que frustramos completamente a seleção natural, impedindo o melhoramento de nossa espécie?
  
  É uma pergunta válida, mas após a nossa descoberta do Surgimento, acho que a resposta deve ser um enfático ""não"". Na escala que pudemos observar anteriormente, estávamos limitados pela duração de uma única vida, muitas vezes limitada por um ponto de vista necessariamente subjetivo. Mas agora temos a capacidade de observar, participar e nos beneficiar do mesmo processo que nos molda. Quantas gerações são necessárias antes de um novo medicamento resultar em um sistema imunológico enfraquecido? Quantas gerações futuras levarão a uma inteligência aprimorada, trazendo soluções ainda melhores?
  
  No século anterior, os matemáticos falavam de uma “singularidade” de avanço que alteraria para sempre os assuntos humanos. O que quer que eles possam ter imaginado, a Emergência diminui isso exponencialmente. Não é um perigo. É nossa salvação.
  
  Drushka","Safiya:
  
  Entiendo lo que dices; si existe una regla definitiva para todas las formas de vida, algo que pudiéramos considerar nuestro ""propósito"", sin duda sería la evolución. El simple mecanismo por el cual los rasgos beneficiosos se propagan y los perjudiciales se pierden está integrado con la mismísima esencia del universo, y es lo único que hace posible nuestra existencia.
  
  Uno debería preguntarse, entonces, cuál es el papel que cumplen la tecnología y el conocimiento humanos en la evolución. ¿Acaso el desarrollo de antibióticos, por ejemplo, frustra por completo la selección natural e impide así una mayor evolución de nuestra especie?
  
  Es una buena pregunta, pero tras el descubrimiento del Surgimiento, creo que la respuesta debe ser un ""no"" rotundo. Antes, nuestras observaciones estaban limitadas al plazo de una sola vida, que por lo general también se veía limitada por un punto de vista subjetivo. Ahora, tenemos la capacidad no solo de observar el proceso que nos moldea, sino también de participar en él y aprovecharlo. ¿Cuántas generaciones deben pasar hasta que un nuevo fármaco debilite nuestro sistema inmunitario? ¿Cuántas generaciones más para alcanzar una inteligencia superior que genere soluciones incluso mejores?
  
  Durante el siglo pasado, los matemáticos hablaban de una ""singularidad"" de avances que alteraría la vida del ser humano para siempre. Lo que sea que se hayan imaginado no se compara en absoluto con el Surgimiento. No es un peligro. Es nuestra salvación.
  
  Drushka","Сафия,
 
Я понимаю твою точку зрения — если в нашей жизни и есть основополагающее  правило, то единственное, что уж точно подходит под это определение и может считаться ""целью"", это, определенно, эволюция.  Это крайне простой механизм: сильные черты передаются по наследству, в то время как слабые угасают. Эволюция вплетена в саму ткань бытия, и без нее наше существование невозможно.
 
Стоит тогда задуматься, какую роль играют в эволюции человеческие знания и технологии. Мешает ли, скажем, изобретение антибиотиков естественному отбору, полностью лишая наши следующие поколения позитивного развития?
 
Это хороший вопрос, но мне кажется, что с обнаружением Явления ответ на него должен быть твердо отрицательным. До этого мы могли судить обо всем, строго полагаясь на продолжительность одной человеческой жизни, в том числе ограничивая себя чисто субъективным взглядом на предмет спора. Но сейчас у нас есть возможности наблюдать, принимать участие и влиять на те же самые процессы, которые сделали нас такими, какие мы есть по сей день. Сколько поколений потребуется, чтобы наша имунная система просела под воздействием нового препарата? Через сколько поколений у людей повысится интеллект, который даст шанс открыть еще более действенные методы?
 
Математики прошлого рассуждали о ""технологической сингулярности"", которая должна была навсегда изменить человека. Что бы они там себе ни выдумывали, Явление в разы превосходит все их домыслы. Это не опасность. Это наше спасение.
 
Друшка","사피야에게,

그대 의견에 수긍하네. 전 우주를 지배하는 단 하나의 절대 규칙이자 인류가 존재하는 '목적'으로 부를 만한 유일한 가치가 있다면, 그것은 의심할 여지 없이 '진화'라네. 이로운 형질은 전파되고 해로운 형질은 점차 소멸해가는 단순한 기제가 전 우주에 각인되어 있으며, 이것이 존재하기에 지금의 우리도 살아갈 수 있는 것이니까.

그렇다면 인간의 학문적 지식과 문명 기술이 이 진화의 과정에서 담당하는 역할이 무엇일지 질문을 던져보아야 하네. 가령 항생제의 개발이 자연선택의 법칙을 완전히 가로막아 인류라는 종의 추가적인 개량을 원천 차단했다는 의미일까?

충분히 논해볼 만한 질문이지만, 우리가 '에머전스'를 조우한 이상 그에 대한 답은 단호하게 '아니오'여야만 하네. 기존에 인류가 관찰할 수 있었던 한도 내에서는 일생의 수명이라는 물리적인 한계에 부딪혔고, 그마저도 지극히 주관적인 시야에 속박되어 있었지. 하지만 이제 우리는 우리를 빚어낸 그 거대한 진화의 기틀을 직접 목격하고 참여하며, 거기서 수혜를 입을 능력을 손에 넣었네. 신약이 면역계를 약화하기까지 과연 몇 세대가 걸리겠는가? 그리고 지능이 비약적으로 발달하여 훨씬 더 지혜로운 해법을 도출해 내기까지는 또 얼마나 걸릴 것인가?

지난 세기 수학자들은 인류의 역사를 영원히 바꾸어놓을 비약적인 도약의 순간, 즉 '특이점'을 말했었지. 그들이 상상했었을 그 어떤 경지보다도 에머전스는 비교가 무의미할 만큼 기하급수적인 진보를 내포하고 있네. 그것은 위험이 아닐세. 그것은 인류의 유일한 구원이네.

드루시카","萨菲娅：

我明白你的意思，是啊，如果说所有生命都要遵守一条规则，如果我们存在于世都有“意义”，那无疑就是为了演化。有益的属性不断发展，有害的属性逐渐减少，这种简单的机制深植于宇宙本身，正因为有了这样的机制，我们才得以存在。

那么，有人会想，演化的过程中，人类的知识与科技发挥着怎样的作用？我们开发了——比如说——抗生素，那么就等于我们完全消除了自然选择的可能了吗？我们这个物种就无法继续进化了吗？

这个问题值得探讨，不过我们发现“显现”之后，我觉得可以坚定地回答“并非如此”。我们之前由于个体寿命较短，观测的时间跨度有限，如今则能够观测、参与调整乃至优化我们的演化历程。一款新药应用多少代人之后，会令人类的免疫能力变弱？多少代人之后，人类的智能会出现质的提升，进而能够针对各种问题提出更好的解决方案？

上个世纪，数学界提出了人类进步的“奇点”，认为一旦过了这个点，人类世界就会彻底改变。不论他们当初的设想如何，“显现”令这个点的影响呈指数级地减弱。显现不是危机，而是我们的救赎。

杜卢什卡"
NOTE11_NAME,Submarine Progress,Avancée des sous-marins,U-Boot-Fortschritt,Progressi con i sottomarini,Progresso dos Submarinos,Progreso submarino,Прогресс по подлодкам,잠수함 운송 진척 상황,潜艇进展
NOTE11_TEXT,"Hammond,

Re: The Kazakhs’ demand for half a dozen submarines, we’ve found a way to surmount the latest logistical hurdle, but you’re not going to like it. Zhansaya put me in contact with laid off employees of a Russian military contractor who claim they can *disassemble* the vessels, fit the pieces into the freight elevator, and then *reassemble* them on the other side. Of course we haven’t revealed yet the real reasons we are doing this, but we’re going to have to, eventually. And the cost for all this, plus their silence? Roughly $220 million altogether. Not including the cost of the subs themselves. If you’re okay with this, let me know and I’ll make it happen.

Andrei","Hammond,
 
Re: Les Kazakhs exigent une demi-douzaine de sous-marins. Nous avons trouvé le moyen de surmonter le dernier obstacle logistique, mais ça ne va pas te plaire. Zhansaya m'a mis en contact avec les employés licenciés d'un contractuel militaire russe. Ils affirment pouvoir *démonter* les vaisseaux, entreposer les pièces dans l'ascenseur de fret et puis les *reconstruire* une fois de l'autre côté. Bien sûr, je ne leur ai pas révélé les vraies raisons de notre démarche, mais on sera bien obligés de le faire, à un moment donné. Et le coût de tout ça, sans parler de leur silence ? Environ $220 millions pour tous. Ça ne prend pas en compte le prix des sous-marins. Si ça te va, préviens-moi et je m'arrangerai pour que ça soit fait.
 
Andrei","Hammond,
 
 
 
AW: Die Nachfrage der Kasachen nach einem halben Dutzend U-Booten, wir haben einen Weg gefunden, die letzte logistische Hürde zu überwinden, aber es wird dir nicht gefallen. Zhansaya hat mich mit entlassenen Angestellten eines russischen Militärunternehmens in Kontakt gebracht, die behaupten, sie könnten die Schiffe *auseinandernehmen*, die Teile in den Lastenaufzug einbauen und sie dann auf der anderen Seite *wieder zusammensetzen*. Natürlich haben wir die wahren Gründe, warum wir das tun, noch nicht enthüllt, aber wir werden es irgendwann tun müssen. Und die Kosten für all das, plus ihr Schweigen? Ungefähr 220 Millionen Dollar insgesamt. Nicht eingerechnet die Kosten der U-Boote selbst. Wenn du damit einverstanden bist, lass es mich wissen und ich werde es möglich machen.
 
 
 
Andrei","Hammond, 
 
in seguito alla richiesta dei kazaki di mezza dozzina di sottomarini, abbiamo trovato un modo per sormontare l'ultimo ostacolo logistico, ma non credo che ti piacerà. Zhansaya mi ha messo in contatto con un gruppo di ex-appaltatori dell'esercito russo che affermano di poter *disassemblare* le navi, inserire le parti nel montacarichi, e poi *riassemblarle* dall'altro lato. Ovviamente non abbiamo ancora rivelato loro ciò che stiamo facendo qui, ma prima o poi dovremo farlo. Il costo di tutto questo, incluso il loro silenzio, è di circa 220 milioni di dollari. Escluso il costo dei sottomarini stessi. Se per te va bene, fammelo sapere e avvierò l'operazione.
 
Andrei","Hammond,
  
Re: A demanda dos cazaques por meia dúzia de submarinos. 
 
Nós encontramos uma maneira de superar o último obstáculo logístico, mas você não vai gostar. Zhansaya me colocou em contato com funcionários demitidos de um empreiteiro militar russo que afirmam que podem *desmontar* as embarcações, encaixar as peças no elevador de carga e, em seguida, *remontá-las* do outro lado. É claro que ainda não revelamos os verdadeiros motivos de estarmos fazendo isso, mas isso vai ter de acontecer, eventualmente. E o custo de tudo isso, mais o silêncio deles? Ao todo, cerca de $ 220 milhões. Não incluindo o custo dos próprios submarinos. Se você concordar com isso, me avise e eu farei acontecer.
  
Andrei","Hammond:
  
En cuanto al pedido de los kazajos de seis submarinos, encontramos la manera de superar el último problema logístico, pero no te gustará ni un poquito. Zhansaya me puso en contacto con exempleados de un contratista militar ruso que dicen que pueden *desarmar* los navíos, colocar las partes en el ascensor de carga y *volver a armarlos* del otro lado. Por supuesto que aún no saben la verdadera razón por la que estamos haciendo esto, pero tendrán que saberlo, tarde o temprano. ¿Cuánto saldrá todo esto, más su silencio? Todo, unos $220.000.000. Sin contar el precio de los submarinos. Si te parece bien, házmelo saber y lo concretamos.
  
Andrei","Хаммонд,
 
 
 
Ответ: Казахи требуют шесть подлодок. Мы нашли способ разобраться с последней логистической накладкой, но вам это не понравится. Жансая свела меня с бывшими российскими военнослужащими, которые утверждают, что могут *разобрать* подлодки на одной стороне, погрузить их в грузовой лифт и затем *собрать* на другой. Конечно же, мы пока не раскрыли настоящей причины всего этого, но в конце концов нам придется это сделать. И стоит это будет немало, а еще этим за молчание плати? Все вместе примерно 220 миллионов долларов. И это я еще сами подлодки не посчитал. Если такой расклад подходит, дайте знать, и я обо всем позабочусь.
 
 
 
Андрей","해먼드 전 CEO님,

답신: 카자흐인들이 요구한 6척의 잠수함 조달에 관하여 말씀드립니다. 최근의 물류 운송 장애를 극복할 묘안을 찾아냈으나, 아마 듣기에 썩 유쾌하지는 않으실 겁니다. 잔사야가 러시아 군수업체에서 해고된 현장 노동자들을 제게 소개해 주었는데, 그들의 주장에 따르면 잠수함들을 완전히 '분해'하여 화물 엘리베이터에 적재 가능한 크기로 쪼갠 뒤, 반대편 구역에서 다시 '조립'해낼 수 있다고 합니다. 물론 우리가 이런 작전을 강행하는 진짜 목적을 아직 털어놓지는 않았으나, 결국에는 실토해야 할 상황이 올 것입니다. 이 모든 분해 및 재조립 작업비와 그들의 비밀 유지 대가가 얼마인지 아십니까? 전부 합쳐 대략 2억 2천만 달러에 달합니다. 잠수함 본품 가격은 제외한 액수입니다. 사장님께서 승인해 주신다면 즉각 자금을 집행하고 착수하도록 하겠습니다.

안드레이 드림","哈蒙德：

关于“哈萨克人索要六艘潜艇”一事，我们有办法克服最新遇到的物流难题了，不过这个办法你估计不会喜欢。扬萨娅让我联系上了俄罗斯某个军火商的裁退雇员，对方说自己能够“拆解”潜艇，将其送进货用电梯，到了那边之后，再“组装回去”。当然，我们还没向对方透露这件事情的真实目的，不过只是早晚的事情。各个方面的相关费用加上封口费？总共差不多2.2亿美元，不含潜艇自身的支出。你要是觉得这个方法可以，就告诉我，我就让他们开工。

安德烈"
NOTE12_NAME,"Companies Lays Off Thousands, Turn Profit","Après des licenciements en masse, les profits des entreprises décollent","Unternehmen entlassen Tausende, machen Gewinn",Le aziende licenziano migliaia di dipendenti e generano profitto,Empresas demitem milhares para lucrar mais,Las empresas despiden a miles y aumentan sus ganancias,Компании увольняют тысячи людей и навариваются на этом,대기업들 수만 명 해고 후 흑자 달성,企业裁员数十万，转亏为盈
NOTE12_TEXT,"December 20, 2044

As millions are plunging into poverty, the economic crisis has nevertheless surfaced a clear winner: big business. Despite collectively cutting more than 300,000 workers, 47 of the top 50 public traded companies posted a profit this quarter.

“Either we eliminate 10% this year or 100% next year,” said CEO Indra Chaudhari, seemingly tone deaf to the plight of thousands of Globe 3 employees laid off since the onset of the crisis in 2043. Her company raked in profits of $232 billion since then.","20 décembre 2044
 
 Tandis que des millions sombrent dans la pauvreté, la crise économique a néanmoins désigné un grand gagnant : les grands patrons. Après avoir licencié collectivement plus de 300 000 travailleurs, 47 des 50 plus grandes entreprises commerciales publiques ont enregistré un profit lors de ce trimestre.
 
 « Si on n'élimine pas 10 % cette année, ce sera 100 % l'année prochaine » a déclaré la PDG Indra Chaudhari, apparemment insensible à la supplique des milliers d'employés de Globe 3 congédiés depuis le début de la crise de 2043. Son entreprise a cumulé un profit de $232 milliards depuis.","20. Dezember 2044
 
 
 
Während Millionen in Armut stürzen, hat die Wirtschaftskrise dennoch einen klaren Gewinner hervorgebracht: das Großkapital. Trotz der kollektiven Entlassung von mehr als 300.000 Arbeitern, haben 47 der 50 größten börsennotierten Unternehmen in diesem Quartal einen Gewinn erzielt. 
 
 
 
„Entweder wir streichen 10 % in diesem Jahr oder 100 % im nächsten Jahr“, sagte CEO Indra Chaudhari, scheinbar unsensibel gegenüber der Notlage von tausenden von Globe-3-Mitarbeitern, die seit Beginn der Krise im Jahr 2043 entlassen wurden. Ihr Unternehmen hat seither einen Gewinn von 232 Milliarden Dollar eingefahren.","20 Dicembre, 2044 
 
Mentre milioni di persone sono finite in povertà, la crisi economica ha rivelato un vincitore chiarissimo: le grandi aziende. Nonostante abbiano tagliato collettivamente oltre 300.000 posti di lavoro, 47 tra le più importanti 50 società quotate hanno registrato un profitto in questo trimestre. 
 
""Possiamo tagliare il 10% dei posti di lavoro ora o il 100% l'anno prossimo"", ha affermato la CEO Indra Chaudhari, rivelandosi sorda al grido di dolore dei migliaia di dipendenti della Globe 3 licenziati a causa della crisi del 2043. Da allora l'azienda ha accumulato circa 232 miliardi di dollari di profitto.","""20 de dezembro de 2044
  
Enquanto milhões estão mergulhando na pobreza, a crise econômica trouxe à tona um claro vencedor: as grandes empresas. Apesar do corte coletivo de mais de 300.000 trabalhadores, 47 das 50 maiores empresas de capital aberto registraram lucro neste trimestre.
  
“Ou eliminamos 10% este ano ou 100% no próximo”, disse a CEO Indra Chaudhari, aparentemente surda para a situação de milhares de funcionários da Globe 3 demitidos desde o início da crise em 2043. Sua empresa teve um lucro de $ 232 bilhões desde então.""","20 de diciembre de 2044
  
Millones de personas caen en la pobreza, y la crisis económica nos permite ver sus claras ganadoras: las grandes empresas. A pesar de despedir a más de 300.000 trabajadores en conjunto, 47 de las 50 empresas de capital abierto líderes presentaron ganancias este trimestre.
  
""O eliminamos un 10% este año o el 100% el año próximo"", declaró la directora ejecutiva Indra Chaudhari, haciendo oídos sordos a los pedidos de ayuda de los miles de empleados que despidió Globe 3 desde el inicio de la crisis en 2043. Desde ese momento, su empresa acumula ganancias por $232.000.000.000.","20 декабря 2044 года
 
В то время как миллионы людей живут за чертой бедности, у нас намечается новый победитель: большие корпорации. Несмотря на то, что за время экономического кризиса более 300 тысяч человек потеряли рабочие места, 47 из 50 торгующих на бирже компаний отчитались о приросте доходов за этот квартал. 
 
""Мы либо увольняем 10% сейчас, либо 100% в следующем году"", — сообщила управляющая Индра Чаудхари, похоже, совершенно не беря во внимание плачевное состояние тысяч работников Глоуб-3, уволенных после начала кризиса 2043 года. С того момента прирост прибыли ее компании составил 232 миллиарда долларов.","2044년 12월 20일

수백만 명의 서민들이 빈곤의 구렁텅이로 내몰리는 와중에도 경제 대공황은 명확한 승자를 드러냈으니, 다름 아닌 대기업들이었다. 누적 30만 명이 넘는 노동자들을 대규모로 해고한 덕에, 50대 상장기업 중 무려 47개 기업이 이번 분기 흑자를 기록했다.

""올해 10%를 자르지 않으면 내년에는 100% 다 망하게 생겼습니다."" 2043년 대공황 초기부터 해고 칼바람을 맞은 글로브 3 산하 수천 명 노동자들의 피맺힌 절규에는 전혀 관심이 없다는 듯 인드라 초드리 CEO는 단호하게 응수했다. Her company는 사태 이후 2천320억 달러의 막대한 이익을 거두어들였다.","2044年12月20日

尽管经济危机已令上亿人口陷入贫困，大型企业显然却成为了最大的赢家。排名前50的上市公司虽然共计裁员逾三十万，47家本季度已转亏为盈。

因德拉·乔杜里表示：“我们要么今年裁10%，要么明年全部失业。”2043年经济危机爆发以来，环球3营收共计2320亿美元。与此同时，公司共有数万人下岗失业，然而这位首席执行官似乎对此熟视无睹。"
NOTE13_NAME,Hammond Corp Posts Record Losses,Hammond Corp enregistre des pertes record,Hammond Corp verzeichnet Rekordverluste,La Hammond Corp registra perdite record,Corporação Hammond registra recorde de perdas,Hammond Corp. presenta récord de pérdidas,Хаммонд-Корп отчитывается о рекордных убытках,"해먼드 사, 사상 최대 적자 기록",哈蒙德集团财报亏损打破历史记录
NOTE13_TEXT,"Updated May 12, 2049 4:22 PM ET

Hammond Corp lost a record $57 billion in the fiscal year ending in March, the company announced today. It was the fifth straight year the company finished with a loss. A restructuring plan was announced, with CEO Elizabeth Hammond promising to cut the volume of ansibles produced. The beleaguered executive has been criticized in recent years of being out of touch when discussing her future vision of the technology, often focusing on unrelated projects such as the $5 billion government contract to support research at Jones Station, Antarctica.","Mis à jour le 12 mai 2049 à 16h22 (EST)
 
 La firme Hammond Corp a annoncé aujourd'hui avoir comptabilisé des pertes record s'élevant à $57 milliards pour l'année fiscale s'achevant en mars. C'est la cinquième année consécutive que la compagnie termine dans le rouge. Un plan de restructuration a été annoncé, et la Présidente, Elizabeth Hammond, a promis de réduire la production des ansibles. Depuis quelques années, on reproche à la Présidente en difficulté d'avoir une vision de l'avenir technologique déconnectée de la réalité, et de se concentrer plutôt sur des projets sans rapport, comme que le contrat de $5 milliards signé avec le gouvernement et visant à soutenir les recherches à la Station Jones, en Antarctique.","Aktualisiert am 12. Mai 2049, 16:22 Uhr ET
 
 
 
Hammond Corp hat im Geschäftsjahr, das im März endete, einen Rekordverlust von 57 Milliarden Dollar eingefahren, gab das Unternehmen heute bekannt. Es war das fünfte Jahr in Folge, das das Unternehmen mit einem Verlust abschloss. Ein Restrukturierungsplan wurde angekündigt, wobei CEO Elizabeth Hammond versprach, das Produktionsvolumen von Ansibles zu reduzieren. Die angeschlagene Geschäftsführerin wurde in den letzten Jahren dafür kritisiert, dass sie bei der Diskussion über ihre Zukunftsvision der Technologie nicht auf dem Laufenden ist und sich oft auf nicht verwandte Projekte konzentriert, wie zum Beispiel den 5 Milliarden Dollar schweren Regierungsvertrag zur Unterstützung der Forschung in der Jones Station in der Antarktis.","Aggiornato il 12 maggio, 2049, 4:22 PM (EST) 
 
Oggi la Hammond Corp ha annunciato di aver registrato una perdita di 57 miliardi di dollari nell'anno fiscale che termina a Marzo. È il quinto anno di fila che la compagnia chiude in perdita. La CEO Elizabeth Hammond ha annunciato un piano di ristrutturazione, anticipando un taglio nella produzione degli ansible. La tormentata dirigente è stata molto criticata negli ultimi anni per aver perso il contatto con la realtà a proposito del futuro della tecnologia, concentrandosi spesso su progetti apparentemente non correlati, come il contratto governativo di 5 miliardi di dollari per supportare la ricerca nella Stazione Jones, in Antartide.","""Atualizado em 12 de maio de 2049, às 4:22 PM ET
  
A Corporação Hammond registrou uma perda de $ 57 bilhões no ano fiscal encerrado em março, anunciou a empresa hoje. Foi o quinto ano consecutivo em que a empresa terminou com prejuízo. Um plano de reestruturação foi anunciado, com a CEO Elizabeth Hammond prometendo cortar o volume de ansibles produzidos. A executiva foi criticada nos últimos anos por estar ""fora da realidade"" ao discutir sua visão futura da tecnologia, muitas vezes focando em projetos não relacionados, como o contrato do governo de $ 5 bilhões para apoiar a pesquisa na Estação Jones, na Antártica.""","Última actualización: 12 de mayo de 2049, 16:22
  
Hammond Corp. registró una cifra récord de pérdidas: $57.000.000.000 en el año fiscal que finaliza en marzo, según indican fuentes oficiales. Para la empresa, fue el quinto año consecutivo que termina en déficit. Se anunció un plan de reestructuración, y la directora ejecutiva Elizabeth Hammond prometió reducir el volumen de producción de ansibles. La ejecutiva fue el objeto de críticas severas durante los últimos años debido a su anticuada visión del futuro de la tecnología, que se enfoca en proyectos aislados, como el contrato estatal de $5.000.000.000 para desarrollar la estación de investigación Jones en la Antártida.","Обновлено: 12 мая 2049 года, 16:22 (восточное время)
 
Хаммонд-Корп сегодня сообщила, что несет рекордные убытки в 57 миллиардов долларов в этом фискальном году, который кончается в марте. Это уже пятый подряд неудачный год для компании. Управляющая компании Элизабет Хаммонд объявила, что она думает о скорой реорганизации посредством уменьшения количества производимых ансиблей. Прогоревшую управляющую все последние годы активно критиковали за полное непонимание и нечеткое представление о будущем развития технологий, а также за трату ресурсов на сторонние проекты, такие как пятимиллиардный государственный контракт на поддержку исследовательской Станции Джонса в Антарктиде.","갱신 시간: 2049년 5월 12일 오후 4:22(동부 표준시)

해먼드 사는 오늘 자로 마감된 3월 결산 회계연도에서 사상 최대 규모인 570억 달러의 영업 손실을 기록했다고 공식 발표했다. 이로써 회사는 5년 연속 적자 행진을 이어가게 되었다. 이에 따른 구조조정 안이 공표되었으며, 엘리자베스 해먼드 CEO는 앤서블의 생산 물량을 감축하겠다고 공언했다. 사면초가에 몰린 해먼드 사장은 최근 몇 년간 회사의 기술적 청사진을 제시하는 과정에서 현실 감각이 결여되어 있다는 거센 비판을 받아왔다. 특히 남극 존스 기지의 연구를 지원하기 위한 50억 달러 규모의 정부 계약 사업 등 경영 실적과 무관한 외부 프로젝트에 지나치게 몰두했다는 지적이 지배적이다.","2049年东部时间5月12日16:22更新

哈蒙德集团今日公布公司在三月结束的财年中亏损570亿美元，创下历史亏损新高，同时标志该公司已持续亏损五年。首席执行官伊丽莎白·哈蒙德公布了集团重组的计划，同时承诺削减安塞波产量。这位高管每次畅想这项技术的未来前景，时常重点介绍无关公司业务的项目，例如支持南极琼斯科考站这一价值50亿美元的政府项目，近年来因而广受抨击。"
NOTE14_NAME,Journal Entry - Dangerous Ideas,Entrée du journal - Des idées dangereuses,Tagebucheintrag – Gefährliche Ideen,Voce del diario - Idee pericolose,Registro do diário - Ideias perigosas,Entrada de diario: ideas peligrosas,Запись в дневнике: Опасные идеи,일기 - 위험한 발상,日记 - 危险的想法
NOTE14_TEXT,"It seems that regardless of every gift the Lamassu bestows, the Udug counter with stronger attacks and improved strategies. We have long wondered at their witchcraft. At last we are starting to understand how we might harness it ourselves.

But manipulating the invisible lattice which is the center of the Udug’s power requires a mental facility beyond the simple computing machines we have been using, and the Lamassu is not forthcoming with solutions. It seems conflicted, reluctant to help us violate the edicts of gods long dead, yet eager for us to outwit it and perform such violations anyway.

The compromise we’ve arrived at is a terrifying one. But if it does not succeed, it may be the end of us.

Aradlugal","Malgré tous les dons que nous prodigue le Lamassu, il semble que les Udug parviennent à riposter avec des attaques plus puissantes et des stratégies améliorées. Leur sorcellerie ne cesse de nous surprendre. Au moins, nous commençons à comprendre comment nous pourrons peut-être la maîtriser nous-mêmes.
 
Mais manipuler le maillage invisible qui entoure le pouvoir des Udug requiert des facultés mentales surpassant les simples machines informatiques que nous utilisons, et le Lamassu n'est pas disposé à communiquer des solutions. Il semble tiraillé, réticent à nous aider à violer les lois de dieux morts depuis une éternité, et pourtant désireux qu'on se montre plus malin que lui en exécutant quand même ces violations.
 
Le compromis que nous avons trouvé est des plus terrifiants. Mais, s'il ne réussit pas, ce sera peut-être la fin pour nous.
 
Aradlugal","Es scheint, dass die Udug unabhängig von jedem Geschenk des Lamassu, mit stärkeren Angriffen und verbesserten Strategien kontern. Wir haben uns lange über ihre Hexenkunst gewundert. Endlich fangen wir an zu verstehen, wie wir sie uns selbst zunutze machen können.
 
 
 
Aber die Manipulation des unsichtbaren Gitters, das das Zentrum der Macht der Udug ist, erfordert eine mentale Fähigkeit, die über die einfachen Computermaschinen hinausgeht, die wir bisher benutzt haben, und der Lamassu ist nicht bereit, uns Lösungen anzubieten. Er scheint im Zwiespalt zu sein, da er uns nicht dabei helfen will, gegen die Erlasse längst verstorbener Götter zu verstoßen, aber dennoch darauf erpicht ist, dass wir ihn überlisten und solche Verstöße trotzdem begehen.
 
 
 
Der Kompromiss, den wir gefunden haben, ist erschreckend. Aber wenn er nicht gelingt, kann das unser Ende sein.
 
 
 
Aradlugal","Sembra che nonostante i tanti doni offertici dal Lamassu, gli Udug riescano sempre a rispondere con attacchi più potenti e strategie migliori. È da tempo che ci interroghiamo sulle loro stregonerie. Almeno ora iniziamo a capire come poterle sfruttare anche noi. 
 
Purtroppo, per manipolare il reticolo invisibile che è al centro del potere degli Udug, ci vuole una capacità mentale che va ben oltre le semplici macchine computazionali che stiamo usando, e il Lamassu non trova una soluzione. Sembra combattuto, riluttante ad aiutarci a violare gli editti di dèi da lungo tempo defunti, e allo stesso tempo ansioso di vederci superarli in astuzia e commettere quindi la medesima violazione. 
 
Il compromesso a cui siamo arrivati è terrificante. Ma se non dovessimo avere successo, per tutti noi potrebbe essere la fine
 
Aradlugal","Parece que, independentemente de cada presente que Lamassu nos concede, os Udug rebatem com ataques mais fortes e estratégias aprimoradas. Há muito tempo nos perguntamos sobre a bruxaria deles. Finalmente estamos começando a entender como podemos controlá-la nós mesmos.
  
Mas manipular a rede invisível que é o centro do poder dos Udug requer uma instalação mental muito além das simples máquinas de computação que temos usado, e Lamassu não está apresentando soluções. Parece conflitante, relutante em nos ajudar a violar os decretos de deuses mortos há muito tempo, mas ansioso para que possamos enganá-lo e realizar tais violações de qualquer maneira.
  
O compromisso a que chegamos é assustador. Mas se não der certo, pode ser o nosso fim.
  
Aradlugal","Parece que, sin importar cuántos regalos nos otorgue la Lamassu, los udugs responden con ataques más fuertes y estrategias aún mejor planeadas. Hace tiempo que nos maravillamos con su hechicería. Por fin estamos cerca de entender cómo podríamos conjurarla nosotros.
  
Sin embargo, manipular el entramado invisible que conforma el núcleo del poder de los udugs requiere una capacidad mental que supera las simples máquinas de computación que hemos estado usando, y la Lamassu no nos provee de soluciones. Parece estar... vacilante, como si no quisiera ayudarnos a profanar los edictos de dioses ya muertos hace tiempo; pero, al mismo tiempo, pareciera que busca promover esas mismas transgresiones.
  
El arreglo al que llegamos es aterrador. Y si no triunfamos, podría ser nuestro fin.
  
Aradlugal","Похоже, что на каждый новый дар Ламассу Удуг отвечают усиленными атаками и улучшенными стратегиями. Долго мы не могли понять их колдовства. Теперь же мы начинаем отчасти понимать, как мы может обратить его в нашу пользу.
 
Но управление невидимой сеткой, которая является центром силы Удуг, требует от нас ментальной силы намного большей, чем сейчас могут предоставить нам наши вычислительные машины. Ламассу же не спешит находить новые решения. Он, похоже, сам находится на распутье, не желая нарушать эдикты давно почивших богов, при этом всячески требуя от нас обойти их хитростью и все же нарушить их самостоятельно.

В итоге мы пришли у ужасному компромиссу, но если и это не сработает, то нам, похоже, конец.
  
Арадлугал","라마수가 우리에게 어떤 은혜를 내리든 간에, 우두그들은 한층 더 강력한 맹공과 주도면밀한 전술로 반격해오고 있다. 우리는 오랫동안 그들이 구사하는 사악한 술책의 정체가 무엇인지 의아해했다. 그리고 마침내 우리 역시 그 힘을 어떻게 통제하고 활용할 수 있을지 그 방도를 파악하기 시작했다.

기존에 우리가 활용해 왔던 단순한 연산 장치들의 성능을 아득히 초월하는 정신 능력이 필요하다. 그러나 라마수는 그에 관한 해결책을 전혀 내놓으려 하지 않고 있다. 죽은 지 오랜 고대 신들의 법도를 위반하는 공작을 돕기를 꺼리면서도, 동시에 우리가 자신을 속이고 어떻게든 그 금기를 범하여 이 상황을 헤쳐 나가기를 속으로 고대하는 양 무척 갈등하는 모습이다.

결국 우리가 도달한 타협안은 지극히 끔찍한 내용을 담고 있다. 그러나 이 계획마저 실패로 돌아간다면, 우리에겐 파멸뿐이다.

아라드루갈","无论拉玛苏赐予我们什么，乌图库反击的攻势似乎都更加猛烈，战略也更加高明。长久以来，邪神的巫术令我们诚惶诚恐，不过我们现在终于逐渐了解驾驭巫术的方法。

可是，乌图库法力的关键在于一种隐形网格，想要操纵这种结构需要超越朴素计算机器的精神力量，而且拉玛苏也不愿向我们提供解决办法。它似乎十分矛盾，一面不愿协助我们违背消亡已久的众神的敕令，一面又迫切希望我们自己能够想出更为高明的办法，即便违背众神敕令也没关系。

我们最终达成了骇人的妥协，倘若这个方案没有成功，我们或许就将面临灭种之灾。

阿拉德卢噶尔"
NOTE15_NAME,Commemorative Speech,Discours de commémoration,Gedenkrede,Discorso commemorativo,Palestra comemorativa,Discurso conmemorativo,Памятная речь,기념 연설,追缅致辞
NOTE15_TEXT,"Today marks the first anniversary of the Invasion of Engur, a battle that will surely be recounted for ages to come. On that day our bravest warriors, led by the all powerful Wielders, made the first push into the watery caverns of the Udug. Shocked to find a world as dark as it is vast, many fell that day, but we nevertheless held strong, driving our foes back with the holy powers granted by the gods. Raise a chalice to our heroes, alive and fallen alike, may the gods be with them!

Melem-Ana, Lord of Kiengir and King of all the Land","Aujourd'hui marque le premier anniversaire depuis l'Invasion d'Engur, une bataille dont on se souviendra pendant encore de nombreuses générations. Ce jour-là, nos plus vaillants guerriers, menés par les Hérauts tout-puissants, ont lancé la première percée dans les grottes humides des Udug. Surpris par ce monde aussi sombre que vaste, nombreux périrent en cette journée funeste, mais notre courage ne décrut pas, et notre persévérance parvint à repousser les démons grâce aux puissances sacrées accordées par les dieux. Levons nos coupes en l'honneur de nos héros, ceux qui sont tombés et ceux qui sont parmi nous. Les dieux soient toujours avec eux !
 
 Melem-Ana, Seigneur de Kiengir et Roi sur toutes la Terre","Heute jährt sich zum ersten Mal die Invasion von Engur, eine Schlacht, von der sicherlich noch lange Zeit erzählt werden wird. An diesem Tag unternahmen unsere tapfersten Krieger, angeführt von den allmächtigen Trägern, den ersten Vorstoß in die wasserreichen Höhlen der Udug. Geschockt, eine Welt vorzufinden, die ebenso dunkel wie riesig ist, fielen viele an diesem Tag, aber wir hielten stand und trieben unsere Feinde mit den heiligen Kräften zurück, die uns die Götter verliehen. Erhebt den Kelch auf unsere Helden, ob lebend oder gefallen, mögen die Götter mit ihnen sein!
 
 
 
Melem-Ana, Herr von Kiengir und König des ganzen Landes","Oggi ricorre il primo anniversario dell'Invasione di Engur, una battaglia che verrà sicuramente ricordata per generazioni. In quel giorno, i nostri più valorosi guerrieri, guidati dai potentissimi Portatori, riuscirano a compiere i primi passi nelle caverne acquatiche degli Udug. Essi rimasero scioccati nel trovare un mondo tanto oscuro e vasto. Furono in molti a cadere quel giorno, ma ciò nonostante rimanemmo uniti, scacciando indietro i nostri nemici grazie ai santi poteri garantiti dagli dèi. Sollevate i calici per i nostri eroi, sia i vivi che i caduti, e che gli déi possano benedirli! 
 
Melem-Ana, signore di Kiengir e Re di tutte le terre","""Hoje marca o primeiro aniversário da Invasão de Engur, uma batalha que certamente será contada por séculos. Naquele dia nossos mais bravos guerreiros, liderados pelos todos poderosos Portadores, realizaram o primeiro avanço nas cavernas aquáticas dos Udug. Chocados por encontrar um mundo tão escuro quanto vasto, muitos caíram naquele dia, mas mesmo assim nos mantivemos firmes, repelindo nossos inimigos com os poderes sagrados concedidos pelos deuses. Levante um cálice para nossos heróis, vivos e caídos, que os deuses estejam com eles!
  
Melem-Ana, Senhor de Kiengir e Rei de todas as terras ""","Hoy se celebra el primer aniversario de la Invasión de Engur, una batalla que será recordada por siempre. Aquella jornada, nuestros guerreros más valientes, liderados por los canalizadores todopoderosos, lanzaron el primer avance hacia las húmedas cavernas de los udugs. Muchos cayeron ese día, aturdidos por el conocimiento de un mundo tan oscuro como vasto, pero nos mantuvimos firmes y arrollamos al enemigo con los poderes sacros que nos otorgaron los dioses. ¡Alcemos un cáliz por nuestros héroes, vivos o caídos! ¡Que los dioses los acompañen!
  
Melem-Ana, señor de Kiengir y Rey de Todas las Tierras","Сегодня первая годовщина с момента вторжения Энгур — битвы, которую будут вспоминать еще долгие лета. В тот день наши храбрые воины, ведомые могучими Владельцами, совершили первый прорыв в водные пещеры Удуг. Пораженные их размерами и непроглядной тьмой, многие из них погибли в тот день, но мы стояли до конца, изгоняя наших врагов с помощью священных сил, дарованных нам богами. Поднимем же чашу за наших геровев, живых поныне и павших тогда, да прибудут с ними боги!
 
Мелем-Ана, Владыка Киенгира и Царь всех земель","오늘은 훗날 세세손손 기억되고 회자될 역사적인 에스엔구르 침공의 1주년이 되는 날이다. 그날 우리의 가장 용맹한 전사들은 만능의 권능을 지닌 윌더들의 선도 아래, 우두그 무리가 둥지를 튼 해저 동굴 깊숙한 곳으로 첫 진격을 감행했다. 드넓고 칠흑 같은 미지의 세상을 조우하고 크게 경악하여 그날 수많은 이들이 아깝게 목숨을 잃었으나, 그럼에도 우리는 끝내 굳건히 자리를 지켰고 신들이 하사하신 거룩한 능력으로 적들을 밀어냈다. 살아남은 자와 먼저 산화한 영웅 모두를 위해 다 함께 성배를 높이 들어라. 신들이 기꺼이 그들과 함께하기를!

키엔기르의 지배자이자 온 대지의 제왕, 메렘 안나","去年今日，列位持者率领我们最为勇猛的战士，首次打入乌图库的洞窟。水下世界暗无天日，茫无边际，众人惊骇，多位勇士战死其中。我军借众神所赐神圣之力，英勇奋战，令敌人节节败退。恩古鲁侵袭一役至今已有一年，后世必将永世传颂。我们举起酒杯，向牺牲与健在的英雄致敬，愿众神与他们同在！

齐恩基鲁领主暨率土之王麦勒姆-阿纳"
NOTE16_NAME,Heretic’s Granddaughter,Petite-fille de l'hérétique,Ketzerische Enkelin,Nipote dell'eretica,Neta da Herege,Nieta de la hereje,Внучка еретика,이단자의 손녀,异教徒的外孙女
NOTE16_TEXT,"Sixty revered sages gave their lives. In return we have ten weapons of godlike power. The King is pleased and the Udug put to rout, at least for the time being. But it does not feel like victory. Sheshkala was an honorable and proud leader, Gemekala a respected priestess. Now they are dust, sleeping, only summoned when needed. Sixty more go into the chambers tomorrow. It seems everything my grandmother tried to warn us of - for which she was unjustly punished - has come to pass. We survive at the cost of all we hoped to save.","Soixante sages révérés ont sacrifié leur vie. En échange, nous avons dix armes d'une puissance divine. Le Roi est satisfait, et les Udug se replient, du moins pour l'instant. Mais la victoire laisse un goût amer. Sheshkala était un chef honorable et fier, Gemekala une prêtresse respectée. Ils ne sont désormais que poussière, plongés dans un sommeil, attendant d'être invoqués quand on aura besoin d'eux. Soixante rejoindront aussi les chambres demain. Il semble que tous les avertissements de ma grand-mère –qui lui ont valu d'être injustement punie– sont finalement devenu réalité. Nous survivons au prix de tout ce qu'on espérait sauver.","Sechzig ehrwürdige Weisen gaben ihr Leben. Im Gegenzug erhielten wir zehn Waffen von gottgleicher Macht. Der König ist zufrieden und die Udug in die Flucht geschlagen, zumindest für den Moment. Aber es fühlt sich nicht wie ein Sieg an. Sheshkala war ein ehrenhafter und stolzer Anführer, Gemekala ein angesehener Priester. Jetzt sind sie Staub und schlafen, werden nur noch bei Bedarf gerufen. Sechzig weitere gehen morgen in die Kammern. Es scheint, dass alles, wovor meine Großmutter uns zu warnen versuchte – wofür sie zu Unrecht bestraft wurde – eingetreten ist. Wir überleben auf Kosten all derer, die wir zu retten hofften.","Sessanta venerati saggi hanno dato la loro vita. In cambio abbiamo ricevuto dieci armi dal potere divino. Il Re è soddisfatto e gli Udug sono stati sbaragliati, almeno per il momento. Ma non si avverte il profumo della vittoria. Sheshkala era un leader onorevole e fiero, Gemekala una sacerdotessa rispettata. Adesso sono polvere, in un sonno profondo, e verranno evocati solo se necessari. Altri sessanta verrano condotti nelle camere domani. Sembra che tutto quello su cui mia nonna cercava di metterci in guardia - e per cui venne ingiustamente punita - si stia avverando. Siamo sopravvissuti a costo di tutto ciò che speravamo di salvare.","Sessenta sábios reverenciados deram suas vidas. Em troca, temos dez armas de poder divino. O rei fica satisfeito e os Udug são derrotados, pelo menos por enquanto. Mas não parece vitória. Sheshkala era uma líder honrada e orgulhosa, Gemekala uma sacerdotisa respeitada. Agora elas são poeira, dormindo, apenas convocadas quando há necessidade. Mais sessenta entram nas câmaras amanhã. Parece que tudo o que minha avó tentou nos alertar - pelo qual ela foi injustamente punida - aconteceu. Sobrevivemos ao custo de tudo o que esperávamos salvar.","Sesenta eruditos venerados dieron sus vidas. A cambio, obtuvimos diez armas de un poder divino. El Rey está satisfecho y los udugs, en retirada, por ahora. Pero esto no parece una victoria. Sheshkala fue un líder honorable; Gemekala, una sacerdotisa respetada. Ahora no son más que polvo; un recuerdo que duerme y que aparece solo cuando se lo invoca. Otros sesenta van a las cámaras mañana. Parece que todo lo que mi abuela advirtió, y por lo que la castigaron injustamente, se está volviendo realidad. Sobrevivimos sacrificando todo lo que intentamos proteger.","Шестьдесят уважаемых мудрецов отдали свои жизни. Взамен мы получили десять орудий божественной силы. Царь рад, Удуг наголову разгромлены — хотя бы на время. Но ощущения победы нет. Шешкала был благородным и гордым лидером, Гемекала — уважаемой жрицей. Теперь они стали прахом, впали в спячку и приходят лишь по призыву. Завтра приведут еще шестьдесят. Похоже, все, о чем пыталась предупредить нас моя бабушка — и за что была несправедливо наказана — произошло. Мы выжили ценой того, что хотели спасти.","우리가 공경해 마지않던 현자 60명이 고귀한 목숨을 바쳤다. 그 대가로 우리는 신적 권능을 지닌 10개의 병기를 획득했다. 대왕께서는 치하하셨고 우두그 무리는 기어이 패퇴하여 쫓겨났다, 최소한 현시점에서는 말이다. 그러나 이것이 어찌 온전한 승리라 하겠는가. 셰슈칼라는 고결하고 긍지 높은 지도자였고, 게메칼라는 만인의 존경을 받던 여사제였다. 지금 그들은 차디찬 먼지가 되어 잠들어 있으며, 오직 필요할 때만 기계로 소환되는 신세가 되었다. 내일이면 또 다른 60명의 현자가 가마방으로 들어갈 것이다. 할머니가 그토록 우리에게 경고하려다 억울한 형벌을 받아야 했던 일들이 한 치의 오차도 없이 전부 현실로 입증된 셈이다. 우리는 지켜내고자 희망했던 모든 것들을 파멸시키고서야 간신히 살아남아가고 있다.",六十位受人敬爱的圣人献出了他们的生命，为我们换来了十件威力如神的武器。吾王大为喜悦，乌图库溃败，至少一时不会卷土再来，可是我们丝毫没有胜利的感觉。谢什卡拉本是优秀而杰出的领袖，盖麦卡拉本是备受尊重的祭司，现在全都变成了尘土，长眠，只有必要之时才会唤出。明天还会有六十人进入那些房间。外婆曾经告诫我们，她因这些告诫而遭到不公的惩罚，可是老人家所言如今一一应验。我们活了下来，却牺牲了曾经希望保护的一切。
NOTE17_NAME,Storm Bomb,Bombe des tempêtes,Sturmbombe,Bomba-tempesta,Bomba Tempestade,Bomba tempestad,Штормовая бомба,스톰 봄,风暴炸弹
NOTE17_TEXT,"My lord Melem-Ana,

The Udug come from beneath the waves of a great flood, their powers allowing them to enter our world through storms of fire that appear in the sky.

Until now, the Udug have seemed almost casual about the danger these storms pose to us of flesh and blood - they are doorways and nothing more to them. But yesterday a storm erupted with such violence it was seen to wipe out an entire village.

I fear we may have been too successful in our deployment of the Wielders. Where the Udug once brushed us aside like flies, they are now hunting us like boar. We must find a way to fight back.

Aradlugal II","Mon seigneur Melem-Ana,
 
Les Udug jaillissent du fond des vagues d'une grande marée, leurs pouvoirs leur permettent de pénétrer notre monde grâce aux tempêtes de feu qui déchirent le ciel.
 
Jusqu'à maintenant, les Udug ne semblaient prêter que peu d'attention au danger bien réel que ces tempêtes représentent pour nous : à leurs yeux, elles n'étaient que de simples voies d'accès, rien de plus. Mais hier, une tempête a éclaté avec une telle violence qu'elle a balayé un village entier.
 
Je crains que notre déploiement des Hérauts ait été trop réussi. Si les Udug nous chassaient autrefois comme des mouches, ils nous traquent désormais comme du gibier. Nous devons trouver le moyen de contre-attaquer.
 
Aradlugal II","Mein Herr Melem-Ana,
 
 
 
die Udug kommen aus den Tiefen einer großen Flut und ihre Kräfte erlauben es ihnen, durch Feuerstürme, die am Himmel erscheinen, in unsere Welt einzudringen.
 
 
 
Bis jetzt schienen die Udug die Gefahr, die diese Stürme für uns aus Fleisch und Blut darstellen, fast gleichgültig zu nehmen – sie sind Türöffner und nichts weiter für sie. Doch gestern brach ein Sturm mit einer solchen Gewalt aus, dass man sah, wie er ein ganzes Dorf auslöschte.
 
 
 
Ich fürchte, wir waren vielleicht zu erfolgreich mit dem Einsatz der Träger. Wo die Udug uns einst wie Fliegen beiseiteschoben, jagen sie uns nun wie Wildschweine. Wir müssen einen Weg finden, uns zu wehren.
 
 
 
Aradlugal II","Mio signore Melem-Ana, 
 
gli Udug arrivano in forze dalle profondità del mare con poteri che consentono loro di entrare nel nostro mondo attraverso tempeste di fuoco che appaiono nel cielo. 
 
Finora, gli Udug sembravano non essersi accorti del pericolo che tali tempeste rivestono per noi esseri di carne e ossa - per loro sono semplicemente dei portali. Ma ieri una tempesta ci ha colpito con una tale violenza da spazzare via un intero villaggio. 
 
Temo che l'utilizzo dei Portatori possa aver avuto fin troppo successo. Mentre prima gli Udug ci scacciavano via come mosche, ora ci danno la caccia come fossimo cinghiali. Dobbiamo trovare un modo per reagire.
 
Aradlugal II","""Meu senhor Melem-Ana,
  
Os Udug vêm de sob as ondas de uma grande inundação, seus poderes permitindo-lhes entrar em nosso mundo através de tempestades de fogo que aparecem no céu.
  
Até agora, os Udug pareciam quase casuais sobre o perigo que essas tempestades representam para nós de carne e osso - elas são portas e nada mais para eles. Mas ontem uma tempestade estourou com tanta violência que foi vista varrer uma aldeia inteira.
  
Temo que possamos ter sido bem-sucedidos demais com o posicionamento dos Portadores. Onde os Udug uma vez nos afastaram como moscas, eles agora estão nos caçando como javalis. Devemos encontrar uma maneira de contra-atacar.
  
Aradlugal II""","Mi señor Melem-Ana:
  
Los udugs provienen de debajo de las olas de una gran inundación; sus poderes les permiten ingresar a nuestro mundo mediante unas tormentas de fuego que cubren el cielo.
  
Hasta ahora, a los udugs no parecía importarles el peligro que representan estas tormentas para nuestros cuerpos. Para ellos, no son más que puertas de entrada. Pero ayer, una tormenta erupcionó con tal violencia que desintegró una aldea entera.
  
Temo que nuestro despliegue de canalizadores haya sido demasiado exitoso. Mientras que antes los udugs nos ahuyentaban como si fuéramos moscas, ahora nos cazan como jabalíes. Debemos hallar la manera de contraatacar.
  
Aradlugal II","Владыка мой, Мелем-Ана,
 
Удуг вышли из волны великого потопа, их силы позволяют им проникать в наш мир через огненные штормы в небесах.
 
До сегодняшнего дня Удуг, похоже, не принимали во внимание, что для нас — созданий из плоти и крови — эти огненные штормы могут представлять опасность. Для них они были лишь дверью в наш мир. Но вчера один из штормов достиг такой силы, что полностью выжег целую деревню.
 
Боюсь, что Владельцы не сильно изменят расстановку сил. Раньше Удуг отмахивались от нас, как от мух — теперь же они охотятся на нас, как на диких кабанов. Нам нужно понять, как дать им отпор.
 
Арадлугал II","존엄하신 메렘 안나 주군이시여,

우두그들은 거대한 대홍수의 파도 밑바닥에서 솟구치며, 하늘을 붉게 물들이는 화염의 폭풍을 통해 우리 세상으로 강림할 수 있는 능력을 지니고 있습니다.

지금까지 우두그들은 이 불타는 폭풍이 피와 살을 가진 필멸자들에게 가할 엄청난 위해에 대해 실로 대수롭지 않게 여겼습니다. 놈들에게 있어 그것들은 단순한 이동용 포털에 불과했기 때문입니다. 하나 어제 돌연 극심한 폭력이 수반된 폭풍이 대지를 덮쳤고, 순식간에 마을 하나가 지도상에서 완전히 흔적도 없이 소멸하는 광경을 똑똑히 목격하였습니다.

지나치게 성공적이었던 윌더들의 활약이 외려 화근이 되었을까 두렵습니다. 일전에는 우리를 날아다니는 파리 떼처럼 가볍게 여겨 쫓아냈던 우두그들이, 이제는 분노에 차 멧돼지를 쫓듯 우리를 사냥하고 있습니다. 기필코 반격할 대책을 마련해야만 하옵니다.

아라드루갈 2세 올림","吾主麦勒姆-阿纳：

乌图库乘着洪水的滔天巨浪而来，由天上那烈火风暴闯进了我们的世界。

于乌图库而言，风暴只是入口。王土各地已是生灵涂炭，邪神似乎毫不在意。昨日一场风暴破坏性极强，某一村庄村民无一生还，屋舍全部化为灰烬。

我们过去对于乌图库只是区区蝇虫，根本无足挂齿，可是如今恐怕我们持者部署得太过成功，反倒成了凶猛的野猪，令其不得不正视。无论如何，我们都必须想办法有效反击。

阿拉德卢噶尔二世"
NOTE18_NAME,Plague of Thoughts,Fléau des pensées,Gedankenplage,Piaga dei pensieri,Praga dos pensamentos,Una plaga de reflexiones,Чума мыслей,생각의 역병,思想的瘟疫
NOTE18_TEXT,"In the Edubba last week the Lamassu let slip a piece of information that has tormented me ever since: that with age, the human mind loses its ability to adapt, and is in fact at peak learning capacity during childhood. As I lie awake at night, the sound of Udug storms raging in the distance, I cannot help but think to myself that we may have made a fatal mistake in choosing only the oldest and wisest among us for the Arm transformation. A young mind nimble enough to harness powers beyond the Udug themselves - this could surely turn the tides of war. But I shudder to think of who would actually implement such an idea.","La semaine dernière à l'Edubba, le Lamassu a laissé échapper une information qui me tourmente depuis lors : qu'avec l'âge, l'esprit humain perd sa capacité d'adaptation, et que son aptitude à apprendre culmine en réalité pendant l'enfance. Je n'arrive pas à fermer l'œil de la nuit, les tempêtes Udug grondent au loin, et je ne peux m'empêcher de penser qu'on a peut-être eu commis une erreur fatale en choisissant les plus vieux et les plus sages parmi nous pour la transformation en Arme. Un jeune esprit assez vif pour maîtriser des pouvoirs qui surpassent les Udug mêmes, voilà qui devrait sûrement inverser le cours de la guerre. Je trésaille en pensant à qui appliquerait réellement une telle idée.","Im Edubba letzte Woche ließ der Lamassu eine Information durchsickern, die mich seitdem quält: dass der menschliche Geist mit zunehmendem Alter seine Anpassungsfähigkeit verliert und in der Kindheit tatsächlich seine höchste Lernfähigkeit erreicht. Wenn ich nachts wach liege und in der Ferne die Udug-Stürme toben, kann ich nicht anders, als mir zu denken, dass wir einen fatalen Fehler gemacht haben, als wir nur die ältesten und weisesten unter uns für die Waffen-Transformation ausgewählt haben. Ein junger Geist, der scharfsinnig genug ist, um sich Kräfte jenseits der Udug zu Nutze zu machen – das könnte sicherlich die Wende im Krieg herbeiführen. Aber mich schaudert es bei dem Gedanken, wer eine solche Idee tatsächlich umsetzen würde.","Nell'Edubba della scorsa settimana il Lamassu si è lasciato sfuggire un'informazione che mi tormenta da allora: che, con gli anni, la mente umana perde la sua abilità di adattarsi e che sia infatti al massimo delle sue capacità di apprendimento durante l'infanzia. Durante le mie notti insonni, ascoltando il suono delle tempeste degli Udug che infuriano in lontananza, non posso fare a meno di pensare tra me e me che potremmo aver compiuto un errore fatale a scegliere che venissero trasformati in Braccia i più anziani e saggi tra noi. Una mente giovane, adattabile al punto da immagazzinare energie superiori a quelle degli Udug - questo sì che potrebbe cambiare per sempre il corso della guerra. Ma tremo al pensiero di chi potrebbe implementare davvero questa idea.","Na Edubba, semana passada, Lamassu deixou escapar uma informação que me atormenta desde então: com a idade, a mente humana perde a capacidade de adaptação e, de fato, atinge o auge da capacidade de aprendizado durante a infância. Enquanto eu fico acordado à noite, com o som das tempestades Udug furiosas à distância, não posso deixar de pensar comigo mesmo que podemos ter cometido um erro fatal ao escolher apenas os mais velhos e mais sábios entre nós para a transformação em Armas. Uma mente jovem ágil o suficiente para dominar poderes além dos próprios Udug - isso certamente poderia virar a maré da guerra. Mas estremeço ao pensar em quem implementar tal ideia.","La semana pasada, en la Edubba, la Lamassu tuvo un descuido y dijo algo que me ha atormentado desde entonces: que, con la edad, la mente humana pierde su capacidad para adaptarse y, de hecho, alcanza su pico de aprendizaje durante la infancia. Ahora, aún despierto en medio de la noche, con el sonido de las tormentas udugs a la distancia, no puedo dejar de pensar que quizás cometimos un gravísimo error al seleccionar solo a los más viejos y sabios para transformarse en brazos. ¿Acaso obtendríamos una ventaja con una mente joven, lo suficientemente flexible como para adoptar un poder que supere incluso al de los mismos udugs? Pondero. Pero solo pensar en la implementación de esta idea me da escalofríos.","На прошлой неделе в Эдуббе Ламасса поделился информацией, которая с тех пор неотступно тревожит меня: с возрастом наш разум теряет способность адаптироваться и, фактиччески, лучшее время для усваивания новой информации — детство. И вот я лежу в ночи без сна под далекий вой огненных штормов Удуг и думаю лишь о том, что, скорее всего, мы ужасно просчитались, выбрав для превращения в Руки самых старых и умудренных из нас. Молодой разум достаточно гибкий, он способен овладеть такими силами, что не снились даже самим Удуг — это может разительно изменить ход войны. Но мне страшно даже подумать о подобной возможности.","지난주 에두바에서 라마수가 무심결에 흘린 정보 한 조각이 내내 나를 고문하듯 괴롭히고 있다. 나이가 들수록 인간의 뇌는 적응력을 소실하며, 학습 능력이 최고조에 이르는 시기는 실상 아동기라는 것이다. 야밤에 선잠을 설치며 멀리서 노호하는 우두그 폭풍 소리를 들을 때마다, 어쩌면 우리가 암 이식 개조 대상자로 오직 지혜로운 노년층 현자들만 선별한 것이 치명적인 불찰이 아니었을까 하는 생각이 뇌리를 스친다. 우두그조차 초월하는 미지의 지배 능력을 온전히 흡수할 수 있는 유연하고 젊은 정신이야말로 확실하게 전쟁의 형세를 뒤집을 유일한 무기일 텐데. 하지만 그 잔혹한 발상을 실제로 행동에 옮길 위인이 대체 누구일지 상상만 해도 몸서리가 처진다.",上个星期，拉玛苏在埃杜巴无意之间说出了一件事情，令我至今无法释怀。拉玛苏说人类年岁越高，心智的可塑性就越差，学习能力的巅峰其实处于幼年。我辗转反侧，无法入睡，乌图库的风暴在远处呼啸，我不禁想到我们或许犯了一个大错——神器转换不应仅仅选择最有智慧的老者，年轻的心智更加灵巧，能够驾驭乌图库本尊都无法驾驭的能力。若能将少年的心智变为神器，那么我们必将转败为胜。只是，想到谁会真正落实这样的想法，我不战而栗。
NOTE19_NAME,Lament for Fools,Complainte pour les fous,Klagelied für Narren,Lamento per gli stolti,Lamento dos tolos,El lamento de los necios,Плач по глупцам,우매한 자들을 위한 애가,叹愚人
NOTE19_TEXT,"Go on, celebrate it as victory. Tell yourselves we have defeated the Udug with bravery and cunning. Rejoice.

The fact remains that they have simply disappeared, and we have no idea why. In Irikar the ever present sounds of exploding storms suddenly ceased. At the forward operating base in Ziudsudra, where our forces were completely surrounded and starving after a months’ long siege, the enemy pulled back to the watery horizon and has not been seen again. The Lamassu, that thinking machine our great grandparents thought of as the gods’ messenger, seems satisfied enough that they won’t return. What is it not telling us? Why is it so sure?

Mageshgetil, Wielder, on behalf of Amashilama","Allez-y, fêtez donc cette « victoire ». Félicitez-vous d'avoir vaincu les Udug avec courage et intelligence. Réjouissez-vous.
 
Le fait est qu'ils ont simplement disparu, sans que l'on sache pourquoi. À Irikar, le son omniprésent des tempêtes assourdissantes s'est tu d'un seul coup. À la base d'opération avancée de Zuidsudra, où nos forces étaient complètement cernées et affamées après un long mois de siège, l'ennemi s'est retiré dans l'horizon des flots, et n'est pas reparu depuis. Le Lamassu, cette machine pensante que nos bisaïeux croyaient être le messager des dieux, semble assez convaincu qu'ils ne reviendront pas. Que sait-il qu'il ne nous dit pas ? Comment en est-il si certain ?
 
Mageshgetil, Héraut, de la part d'Amashilama","Nur zu, feiert es als Sieg. Redet euch ein, dass wir die Udug mit Tapferkeit und List besiegt haben. Freut euch.
 
 
 
Die Tatsache bleibt, dass sie einfach verschwunden sind, und wir haben keine Ahnung warum. In Irikar hörten die allgegenwärtigen Geräusche der explodierenden Stürme plötzlich auf. Auf der vorgeschobenen Operationsbasis in Ziudsudra, wo unsere Truppen nach einer monatelangen Belagerung komplett umzingelt und ausgehungert waren, zog sich der Feind bis zum wässrigen Horizont zurück und wurde nicht mehr gesehen. Der Lamassu, diese denkende Maschine, die unsere Urgroßeltern für den Boten der Götter hielten, scheint zufrieden zu sein, dass sie nicht zurückkehren werden. Was verschweigt er uns? Warum ist er sich so sicher?
 
 
 
Mageshgetil, Träger, im Namen von Amashilama","Forza, celebratela come una vittoria. Convincete voi stessi che avete sconfitto gli Udug con coraggio e astuzia. Gioite. 
 
La verità è che sono semplicemente spariti e non abbiamo idea del motivo. A Irikar, gli incessanti rumori di tempeste ed esplosioni sono improvvisamente svaniti. Nella base operativa avanzata di Ziudsudra, dove le nostre forze erano completamente circondate e stavano morendo di fame dopo un assedio lungo mesi, il nemico si è ritirato verso l'orizzonte e non si è fatto più rivedere. Il Lamassu, la macchina pensante che i nostri nonni ritenevano essere il messaggero degli dèi, sembra accontentarsi del fatto che non ritornino. Cos'è che non ci sta dicendo? Perchè è così tranquillo?
 
Mageshgetil, Portatore, per conto di Amashilama","""Vá em frente, comemore como uma vitória. Digam a si mesmos que derrotamos os Udug com bravura e astúcia. Alegrem-se.
  
O fato é que eles simplesmente desapareceram e não temos ideia do motivo. Em Irikar, os sons sempre presentes de tempestades explosivas cessaram repentinamente. Na base operacional avançada em Ziudsudra, onde nossas forças estavam completamente cercadas e morrendo de fome após um cerco de meses de duração, o inimigo recuou para o horizonte aquático e não foi visto novamente. Lamassu, aquela máquina pensante que nossos bisavós consideravam o mensageiro dos deuses, parece satisfeito o suficiente que eles não voltem. O que ele está escondendo? Por que tem tanta certeza?
  
Mageshgetil, Portador, em nome de Amashilama ""","Adelante, celebren eso que llaman victoria. Díganse a sí mismos que derrotamos a los udugs con valentía y astucia. Alégrense.
  
Pero la cuestión seguirá siendo que ellos simplemente desaparecieron, y no sabemos por qué. En Irikar, las explosiones constantes de las tormentas cesaron sin más. En la base operativa de la vanguardia en Ziudsudra, donde nuestras fuerzas fueron rodeadas y sitiadas durante un mes entero, el enemigo se retiró hacia el horizonte acuoso y no se lo vio nunca más. Esa máquina pensante que nuestros bisabuelos consideraban la mensajera de los dioses, la Lamassu, parece estar satisfecha de que no volverán. ¿Qué es lo que no nos está diciendo? ¿Por qué está tan segura?
  
Mageshgetil, canalizador, en nombre de Amashilama","Давайте же, празднуйте победу. Говорите себе, что победили Удуг своей храбростью и хитростью. Веселитесь.
 
Но факт остается фактом: они просто исчезли, и никто не знает почему. В Ирикаре внезапно стихли ставшие уже привычными звуки взрывного шторма. Враги внезапно отступили за бледный горизонт от нашей передовой оперативной базы Зиудсудра после месячной ее осады, и никто их больше не видел.  Эта мыслящая машина, Ламассу, которого наши предки считали посланнцем богов, кажется, всем доволен и считает, что враг не вернется. Чего он нам недоговаривает? Почему он так в этом уверен?
 
Магешгетиль, Владелец, от имени Амашиламы","어디 실컷 승리를 만끽해 보아라. 우리의 비범한 무용과 교묘한 지략으로 우두그를 끝내 굴복시켰노라 자위하며 환호성을 지르거라.

하지만 잔인하게도 진실은 놈들이 돌연 흔적도 없이 종적을 감추었을 뿐이며, 우리는 그 이유를 전혀 짐작조차 못 하고 있다는 사실이다. 이리카르 영토를 시도 때도 없이 진동시키던 폭풍의 굉음이 하루아침에 뚝 끊겼다. 수개월간 끔찍한 포위망 속에 갇혀 아사 직전까지 내몰렸던 지우수드라 전방 기지에서는, 적들이 해수면 지평선 너머로 홀연히 물러간 뒤 다시는 관측되지 않았다. 증조부께서 신들의 전령이라 굳게 믿었던 저 자아를 지닌 연산 장치 라마수는, 놈들이 다시 돌아오지 않을 것임에 매우 흡족해하는 분위기다. 저 기계가 우리에게 숨기고 있는 검은 속내가 대체 무엇이란 말인가? 무슨 근거로 저토록 단정하는가?

아마시라마의 대리인이자 윌더, 마게시게틸","庆祝吧，我们胜利啦！我们英勇，我们高明，我们击败了乌图库，欢呼吧！

然而，邪神其实只是消失了踪迹，我们也完全不了解背后的原因。伊利卡尔不绝于耳的风暴突然停了，我们在朱苏德拉的前方作战基地受困数月有余，口粮告急已久，敌方却突然撤回水下，再也没有露面。拉玛苏身为能够思考的机器，被我们先辈尊为众神信使。它认为邪神不会再度来犯，似乎非常开心。它对我们是否有所隐瞒？又为什么如此笃定？

阿玛希拉玛，由持者玛盖什盖提鲁代笔"
NOTE20_NAME,The Eternal Arm,L'Arme éternelle,Die ewige Waffe,Il Braccio Eterno,A Arma eterna,El brazo eterno,Вечная Рука,영원한 암,不朽的神兵
NOTE20_TEXT,"Urnina,

I understand what you mean about your self-aggrandizing grandparents. My own grandfather used to make up a lot of stories about the Udug War - I heard time and again about the Siege of Ziudsudra (that he wasn’t present for) and the razing of Giguna (which I am doubtful ever happened). But there was one I’m unlikely to forget, about an Arm that was so powerful nobody was allowed to Wield it.

The story goes that the Arm could reconfigure things into any shape possible, but it was uncontrollable. Worse, at the end of the war, when they were collecting all of the other Arms and incinerating them with storm bombs, this one was unaffected. It just reformed itself like nothing happened. They made grandfather seal it up and bury it because they couldn’t find another way to get rid of it.

As he told us this story, he looked as if he was on the verge of tears. This frightened me as a child.

Ludari","Urnina,
 
Je vois ce que tu veux dire au sujet de tes grands-parents qui s'autocongratulent. Mon grand-père avait l'habitude d'inventer un tas d'histoires sur la Guerre contre les Udug. Je connais par cœur, à force de l'avoir entendu raconter, le récit du Siège de Ziudsudra (il n'y était même pas), et celui de la destruction de Giguna (dont je doute fortement la véracité). Mais, il y en a un que je ne suis pas près d'oublier : celui qui concerne l'Arme si puissante que nul n'avait le droit de la Brandir.
 
L'histoire dit que l'Arme était capable de refaçonner les choses à sa guise, mais qu'elle était incontrôlable. Pis encore, à la fin de la guerre, quand ils ont regroupé toutes les Armes et qu'ils les ont incinérées avec des bombes des tempêtes, celle-ci n'a pas été affectée. Elle s'est simplement reformée, comme si de rien n'était. Ils ont demandé à mon grand-père de la sceller et de l'enterrer très profond, car ils n'avaient aucun autre moyen de s'en débarrasser.
 
Quand il nous a raconté cette histoire, il était au bord des larmes. Ça m'a traumatisé quand j'étais enfant.
 
Ludari","Urnina,
 
 
 
Ich verstehe, was du über deine selbstverherrlichenden Großeltern meinst. Mein eigener Großvater erfand viele Geschichten über den Udug-Krieg – ich hörte immer wieder von der Belagerung von Ziudsudra (bei der er nicht anwesend war) und der Zerstörung von Giguna (von der ich bezweifle, dass sie jemals stattfand). Aber es gab eine, die ich wohl nie vergessen werde, und zwar von einer Waffe, die so mächtig war, dass es niemandem erlaubt war, sie zu tragen.
 
 
 
Die Geschichte besagt, dass die Waffe Dinge in jede erdenkliche Form umgestalten konnte, aber sie war unkontrollierbar. Schlimmer noch, am Ende des Krieges, als sie alle anderen Waffen einsammelten und sie mit Sturmbomben vernichteten, war diese Waffe davon unberührt. Sie formte sich einfach neu, als ob nichts passiert wäre. Sie zwangen Großvater, sie zu versiegeln und zu vergraben, weil sie keinen anderen Weg fanden, sie loszuwerden.
 
 
 
Als er uns diese Geschichte erzählte, sah er aus, als ob er den Tränen nahe war. Das hat mir als Kind Angst gemacht.
 
 
 
 Ludari","Urnina, 
 
capisco cosa intendi riguardo all'autocelebrazione dei nonni. Mio nonno ci raccontava tantissime storie a proposito della Guerra degli Udug - non so quanti racconti ho sentito sull'assedio di Ziudsudra (in cui lui non era presente) e alla distruzione di Giguna (che ancora dubito sia davvero avvenuta). Ma c'era una storia che non dimenticherò mai, riguardante un Braccio così potente che nessuno riuscì mai a indossarlo. 
 
La storia racconta che il Braccio potesse cambiare la forma delle cose, ma era impossibile da controllare. Ancor peggio, alla fine della guerra, quando radunarono tutte le altre Braccia e le incenerirono con le bombe-tempesta, esso non subì alcun effetto. Continuava a riformarsi come se niente fosse. Incaricarono mio nonno di isolarlo e seppellirlo perchè non si riusciva a trovare un altro modo per sbarazzarsene. 
 
Ogni volta che raccontava questa storia, sembrava sempre sull'orlo delle lacrime. E, da bambino, questa cosa mi terrorizzava.","Urnina,
  
Eu entendo o que você quer dizer sobre seus avós que se engrandecem. Meu próprio avô costumava inventar muitas histórias sobre a Guerra Udug - ouvi sobre o Cerco de Ziudsudra (que ele não estava presente) muitas vezes, e a demolição de Giguna (que duvido que tenha acontecido). Mas há uma que nunca esquecerei, sobre uma Arma tão poderosa que ninguém tinha permissão para portá-la.
  
A história diz que a Arma poderia reconfigurar as coisas em qualquer forma possível, mas era incontrolável. Pior, no final da guerra, quando eles estavam recolhendo todas as outras Armas e incinerando-as com bombas de tempestade, esta não foi afetada. Ela apenas se reformou como se nada tivesse acontecido. Eles fizeram meu avô lacrá-la e enterrá-la porque não conseguiam encontrar outra maneira de se livrar dela.
  
Ao nos contar essa história, ele parecia à beira das lágrimas. Isso me assustou quando criança.
  
Ludari","Urnina:
  
Entiendo lo que dices sobre tus abuelos vanagloriosos. El mío solía inventar historias de la Guerra Udug: lo oí mil veces hablar sobre el sitio de Ziudsudra (él no lo vivió) y la destrucción de Giguna (que dudo que haya sucedido). Pero había una historia que jamás olvidaré: una sobre un brazo que era tan poderoso que nadie tenía permitido canalizarlo.
  
Creo que el brazo podía reconfigurar las cosas para que tomran cualquier forma, pero era incontrolable. Y lo peor era que, al final de la guerra, cuando estaban reuniendo a todos los otros brazos y desintegrándolos con bombas tempestad, este no se vio afectado. Se volvió a reformar como si nada. Le ordenaron a mi abuelo que lo sellara y enterrara, porque no podían encontrar la manera de deshacerse de él.
  
Mientras nos contaba esta historia, siempre estaba al borde del llanto. A esa edad, a mí me espantaba.
  
Ludari","Урнина,
 
Я понимаю, что ты имела в виду, рассказывая о своих хвастливых бабушке с дедушкой. Мой дедушка тоже много чего придумывал про Войну с Удуг — постоянно рассказывал про осаду Зиудсудры (в которой не принимал участия) и о разрушении Гигуны (что мне вообще кажется выдумкой). Но одна история навсегда осталась у меня в памяти — рассказ о Руке столь мощной, что никому не разрешалось носить ее.
 
В истории говорилось о том, что эта Рука могла полностью менять свойства вещей, но при этом совершенно не поддавалась контролю. Хуже того: когда в конце войны Руки начали уничтожать в огне штормовых бомб, эту Руку просто не смогли взорвать. Она сразу же возвращала себя в исходное состояние. Тогда они приказали моему деду скрыть ее ото всех и заточить в месте, куда никто бы в жизни проникнуть не смог — больше ничего они придумать были не в силах.
 
Рассказывая это, он едва сдерживал слезы. Меня это очень напугало в детстве.
 
Лудари","울니나에게,

자기자랑만 늘어놓는 조부모를 둔 네 마음이 어떤지 잘 안다. 우리 할아버지도 우두그 전쟁에 대해 지어낸 이야기를 많이 하시곤 하셨지. (참석하지도 않았던) 지우수드라 포위전이나 (실제로 일어났는지조차 의심스러운) 기구나 파괴에 대한 이야기를 귀에 딱지가 앉도록 들었단다. 하지만 그중에서도 잊을 수 없는 이야기가 하나 있는데, 너무나 강력해서 아무도 다룰 수 없었던 '암(Arm)'에 대한 이야기야.

이야기에 따르면 그 암은 물질을 가능한 어떤 형태로든 재구성할 수 있었지만 통제 불능이었다고 해. 설상가상으로 전쟁이 끝날 무렵, 사람들이 다른 암들을 모두 수거해 스톰 봄으로 불태워 버렸을 때도 이 암만큼은 멀쩡했지. 마치 아무 일도 없었다는 듯이 원래대로 복구되었던 거야. 처분할 다른 방법을 찾지 못한 할아버지는 결국 그걸 봉인해서 땅에 묻어야만 했다더구나.

이 이야기를 할 때 할아버지는 금방이라도 눈물을 흘릴 것 같은 표정이셨어. 어릴 적의 내게는 그 모습이 꽤나 무서웠단다.

루다리","乌尔尼纳：

你说你祖辈自夸自大，我非常理解是怎么回事。我外公以前也经常编乌图库大战那时候的故事，光是朱苏德拉保卫战（他没参加），我就听了不知道多少遍，还有吉古纳被毁（我怀疑根本没有发生过）。不过，有一个我估计一辈子都不会忘记，是说有一件神器无比强大，任何人都不得操持。

据他所说，这件神器能够将事物重组、变成任意形状，只是这件神器无法控制。大战结束之时，他们将所有神器收在一处，引爆风暴炸弹，将它们尽数销毁，唯独这件神器毫发无伤。它直接改变了自己的形态，恢复了原本的状态。他们别无他法，只好命令祖父将它封印，然后埋在了地下。

他跟我们讲这个故事的时候，好像马上就要哭出来了一样。我当时还很小，听了这个故事，害怕极了。

鲁达里"
NOTE21_NAME,Indra Chaudhari Takes Leave to Deal With Family Tragedy,Indra Chaudhari prend congé suite à une tragédie familiale,"Indra Chaudhari nimmt sich frei, um eine Familientragödie zu verarbeiten",Indra Chaudhari va in congedo per occuparsi di una tragedia familiare,Indra Chaudhari sai de cena para lidar com tragédia familiar,Indra Chaudhari de licencia por tragedia familiar,"Индра Чаудхари уходит с поста, чтобы разобраться с трагедией в семье","인드라 차우드리, 가족사의 비극으로 휴직",因德拉·乔杜里为料理家中变故，决定长期休假
NOTE21_TEXT,"July 7, 2063

Globe 3 founder Indra Chaudhari said Tuesday she will take an extended leave starting immediately, temporarily leaving the helm of the company she founded 29 years ago. She still plans to oversee the company in an advisory capacity, she says. Bill Bentley, chief executive of Globe 3 Ansible Services, will take over as interim CEO of Globe 3.","7 juillet 2063
 
La fondatrice de Globe 3, Indra Chaudhari, a déclaré jeudi qu'elle prenait un congé indéterminé avec effet immédiat, cédant temporairement les rênes de l'entreprise qu'elle a fondée il y a 29 ans. Elle souligne vouloir toujours superviser la compagnie en qualité de conseillère. Bill Bentley, le président de Globe 3 Ansible Services, prendra la relève en tant que PGC provisoire de Globe 3."," 7. Juli 2063
 
 Die Gründerin von Globe 3, Indra Chaudhari, sagte am Dienstag, dass sie mit sofortiger Wirkung eine längere Auszeit nehmen und das Ruder des Unternehmens, das sie vor 29 Jahren gegründet hat, vorübergehend abgeben wird. Sie plant, das Unternehmen weiterhin in einer beratenden Funktion zu beaufsichtigen, sagt sie. Bill Bentley, Geschäftsführer von Globe 3 Ansible Services, wird als vorläufiger CEO von Globe 3 fungieren.","7 Luglio, 2063 
 
La fondatrice di Globe 3, Indra Chaudhari, ha comunicato Martedì la decisione di prendere un congedo prolungato a partire da subito, lasciando temporaneamente le redini della compagnia da lei fondata 29 anni fa. Ha inoltre affermato di voler comunque supervisionare le attività dell'azienda in qualità di consulente. Sarà Bill Bentley, direttore esecutivo dei Servizi Ansible di Globe 3, ad assumere il ruolo di CEO a interim della Globe 3.","7 de julho de 2063
  
  
  A fundadora da Globe 3, Indra Chaudhari, disse na terça-feira que vai tirar uma licença prolongada, começando imediatamente, deixando a liderança da companhia que ela fundou há 29 anos. Ela disse que planeja continuar supervisionando a companhia como consultora. Bill Bentley, chefe-executivo da Divisão de Ansible da Globe 3, assumirá temporariamente o cargo de CEO deixado por Indra.","7 de julio de 2063
  
  La fundadora de Globe 3, Indra Chaudhari, anunció el martes que se tomará una licencia extendida de su puesto de directora ejecutiva, posición que mantiene desde hace 29 años, cuando fundó la compañía. Indicó que, de todos modos, supervisará la empresa como asesora. Bill Bentley, director ejecutivo de Globe 3 Ansible Services, será quien la reemplazará temporalmente como director ejecutivo de Globe 3.","7 июля, 2063 года
 
Основательнца Глоуб-3 Индра Чаудхари сообщила, что после 29 лет руководства она временно покидает пост главной управляющей компании. При этом она планирует оставаться в штате в качестве советника. На время отпуска ее обязанности будет исполнять главный управляющий Ансибль-отдела Глоуб-3 Билл Бентли.","2063년 7월 7일

글로브 3의 창립자 인드라 차우드리는 화요일, 즉시 장기 휴직에 들어가 29년 전에 설립한 회사의 경영 일선에서 일시적으로 물러날 것이라고 밝혔습니다. 그녀는 고문 자격으로 회사를 계속 살필 예정이라고 덧붙였습니다. 글로브 3 앤서블 서비스의 CEO인 빌 벤틀리가 글로브 3의 임시 CEO를 맡게 됩니다.","2063年7月7日

环球3创始人因德拉·乔杜里周二宣布，由于家中事务，她将暂时卸任，长期休假，但会以顾问身份关注公司变故，决定即日生效。因德拉将自己29年前创建的企业交给了环球3安塞波服务业务执行官比尔·本特利，此人将担任环球3代理首席执行官一职。"
NOTE22_NAME,Dr. Gloria at It Again,Dr. Gloria récidive,Dr. Gloria ist wieder am Werk,La dottoressa Gloria recidiva,Dra. Gloria conseguiu novamente,La Dra. Gloria hace de las suyas,Доктор Глория снова за старое,"글로리아 박사, 또다시 도마 위에 오르다",格洛丽亚博士再惹是非
NOTE22_TEXT,"March 12, 2066

Dr. Gloria is under fire again for a recent interview with Indra Chaudhari that critics are calling “exploitative and sensationalist”. After leading with relatively innocuous questions regarding her interest in Shakespeare, Dr. Gloria seems to goad Chaudhari into making erratic statements about her daughter, Samara. “We’re estranged. We haven’t spoken in several years, and that’s all I’m going to say.” She was shown on camera refusing medication offered by a mental health professional.

Chaudhari, for her part, is responding with typical flair, filing a $500 million defamation lawsuit against parent company Buttress Media Inc.","12 mars 2066
 
Dr. Gloria se retrouve à nouveaux sous le feu de la critique après un entretien récent avec Indra Chaudhari qualifié d'opportuniste et de sensationnaliste. Après des premières questions plutôt inoffensives sur son intérêt pour Shakespeare, Dr. Gloria a semblé vouloir pousser Chaudhari à donner des explications impromptues au sujet de sa fille, Samara. « Nous avons perdu contact. Cela fait des années qu'on ne s'est pas parlées. Je n'ai rien d'autre à dire là-dessus. » Des caméras ont enregistré des images d'elle refusant des médicaments offerts par un professionnel de la santé mentale.
 
De son côté, Chaufhari répond avec la classe qu'on lui connaît, et engage un procès pour diffamation contre la société mère Buttress Media Inc et demande $500 millions.","12. März 2066
 
Dr. Gloria steht erneut unter Beschuss wegen eines Interviews mit Indra Chaudhari, das Kritiker als „ausbeuterisch“ und „sensationslüstern“ bezeichnen. Nachdem sie mit relativ harmlosen Fragen über ihr Interesse an Shakespeare begonnen hat, scheint Dr. Gloria Chaudhari dazu zu bringen, erratische Aussagen über ihre Tochter Samara zu machen. „Wir sind uns entfremdet. Wir haben seit mehreren Jahren nicht mehr miteinander gesprochen, und das ist alles, was ich sagen werde.-“ Sie hat vor laufender Kamera die Medikamente abgelehnt, die ihr ein Psychiater angeboten hatte. 
 
Chaudhari ihrerseits antwortet mit typischem Temperament und reichte eine 500-Millionen-Dollar-Verleumdungsklage gegen die Muttergesellschaft Buttress Media Inc. ein.","12 Marzo, 2066
 
La dottoressa Gloria è di nuovo sotto attacco a causa di una sua recente intervista con Indra Chaudhari che è stata definita dai critici ""strumentalizzata e sensazionalista"". Dopo essere partita con alcune domande relativamente innocue riguardanti la passione per Shakespeare, Gloria ha iniziato a premere per ricevere risposte ambigue dalla Chaudhari su sua figlia Samara. ""Ci siamo allontanate. Non parliamo da anni, ed è tutto quello che intendo dire"". La donna è stata ripresa mentre rifiutava delle medicine offerte da uno psichiatra. 
 
Chaudhari, da parte sua, ha replicato nel suo classico stile, depositando una querela per diffamazione da 500 milioni di dollari contro la capogruppo Buttress Media Inc.","12 de março de 2066
  
A Dra. Gloria está sendo criticada novamente por uma recente entrevista com Indra Chaudhari, que os críticos estão chamando de “exploradora e sensacionalista”. Depois de fazer perguntas relativamente inócuas sobre seu interesse por Shakespeare, a Dra. Gloria parece incitar Chaudhari a fazer declarações erráticas sobre sua filha, Samara. “Estamos separadas. Não nos falamos há vários anos, e isso é tudo que vou dizer.” Ela foi mostrada em uma câmera recusando medicamentos oferecidos por um profissional de saúde mental.
  
Chaudhari, por sua vez, está respondendo em seu estilo típico, entrando com um processo de difamação de $500 milhões contra a empresa controladora Buttress Media Inc.","12 de marzo de 2066
  
La Dra. Gloria reúne la atención mediática una vez más por una entrevista reciente con Indra Chaudhari que los críticos consideran ""explotadora y sensacionalista"". Luego de comenzar con unas preguntas relativamente inocentes sobre su amor por Shakespeare, la Dra. Gloria pareció provocar a Chaudhari para que haga declaraciones erráticas sobre su hija Samara. ""Nos hemos distanciado. No hablamos desde hace varios años, y eso es todo lo que diré"". Puede verse en cámara cómo rechaza los medicamentos que le ofrece un profesional de la salud mental.
  
Chaudhari, por su parte, respondió como se esperaba: presentó una demanda por difamación por $500.000.000 contra la empresa Buttress Media Inc.","12 марта 2066 года
 
Доктор Глория снова в центре скандала, причиной которого послужило ее интервью с Индрой Чаудхари, которое критики уже окрестили ""эксплуататорским и сенсационалистским"". После того, как доктор Глория задала относительно безобидные вопросы касательно интереса управляющей к Шекспиру, она, похоже, намеренно подтолкнула Чаудхари к беспорядочным высказываниям о ее дочери Самаре: ""Мы отдалились друг от друга. Мы не разговаривали уже несколько лет, и это все, что я могу сказать по этому поводу"". А затем камеры засняли момент того, как она отказывается от лекарств, предлагаемых студийным психиатром.
 
Чаудхари среагировала на это вполне ожидаемо, а именно: подала иск о клевете на 500 миллионов долларов против материнской компании Батресс-Медиа.","2066년 3월 12일

글로리아 박사가 최근 인드라 차우드리와 진행한 인터뷰에 대해 비평가들이 '착취적이고 선정적'이라고 비판하면서 다시 한번 맹공을 받고 있습니다. 셰익스피어에 대한 관심 등 비교적 무해한 질문으로 시작한 글로리아 박사는 차우드리를 부추겨 그녀의 딸 사마라에 대해 횡설수설하도록 유도한 것으로 보입니다. “우리는 서먹한 사이입니다. 지난 몇 년 동안 대화한 적이 없으며, 이게 제가 드릴 말씀의 전부입니다.” 그녀는 카메라 앞에서 정신 건강 전문가가 권하는 약을 거부하는 모습을 보였습니다.

차우드리 측은 특유의 화려한 대처로 모회사인 버트레스 미디어(Buttress Media Inc.)를 상대로 5억 달러 규모의 명예훼손 소송을 제기하며 대응하고 있습니다.","2066年3月12日

格洛丽亚博士由于日前与因德拉·乔杜里的访谈再度受到抨击，评论人士称其“消费他人感情”。格洛丽亚博士最初只是询问乔杜里是否热爱阅读莎士比亚，问题相对无关痛痒，而后却似乎企图刺激乔杜里就其女儿萨玛拉发表不当言论。“我们现在关系疏远，已经好几年没见过了，我只想说这些。”访谈现场出现了心理医务人员，建议乔杜里服用药物，然而她并没答应，也以影像的形式公布了出来。

乔杜里的反应一如既往——向母公司巴特利斯传媒公司提起了五亿美元的名誉侵权诉讼。"
NOTE23_NAME,Terminal Breakthrough 1,Percée du terminal 1,Terminal-Durchbruch 1,Scoperta sui Terminali 1,Descoberta terminal 1,Descubrimiento terminal 1,Прорыв терминала 1,터미널 연구의 돌파구 1,终端突破·一
NOTE23_TEXT,"Hammond,

As you know, the whole purpose of the elevator is to allow us to pass safely across the Breach from one world to another. But the Breach itself is a kind of world, albeit one with such a differing fundamental structure that it’s not survivable for humans - or for that matter digital cameras, microphones, and various other electronics we’ve tried to observe it with. However, it may not surprise you to learn that certain analogue clocks can make the transition mostly unscathed. For the most part, they operate normally, but the *rate* at which they operate is different than on Earth (or Kiengir). Not only that, the rate *changes*. It might appear to move at quarter speed for several days and then spend a full week moving at one hundredth speed.

Linus","Hammond,
 
Comme tu le sais, l'unique objectif de l'ascenseur est de nous permettre de traverser la Brèche sans danger, pour passer d'un monde à l'autre. Mais la Brèche elle-même est une sorte de monde, bien qu'avec une structure fondamentalement différente et inhospitalière pour les humains, ou même pour les caméras numériques d'ailleurs, et les autres appareils électroniques avec lesquels nous avons tenté de l'observer. Néanmoins, tu ne seras peut-être pas surprise d'apprendre que certaines montres analogiques arrivent à faire la transition en ressortant quasiment intactes. Elles opèrent, pour la plupart, de manière normale, mais le *rythme* auquel elles opèrent diffère légèrement de la Terre (ou de Kiengir). Non seulement ça, mais le rythme *change*. On dirait qu'il se déplace au quart de la vitesse pendant plusieurs jours, puis fait une semaine complète au centième de la vitesse.
 
Linus","Hammond,
 
 
 
wie du weißt, ist der ganze Zweck des Fahrstuhls, dass wir sicher durch den Bruch von einer Welt zur anderen gelangen können. Aber der Bruch selbst ist eine Art Welt, wenn auch eine mit einer so unterschiedlichen Grundstruktur, dass sie für Menschen nicht überlebensfähig ist – und auch nicht für Digitalkameras, Mikrofone und verschiedene andere elektronische Geräte, mit denen wir versucht haben, sie zu beobachten. Es mag dich jedoch nicht überraschen zu erfahren, dass bestimmte analoge Uhren den Übergang weitgehend unbeschadet überstehen können. Meistens funktionieren sie normal, aber das *Tempo*, mit dem sie laufen, ist anders als auf der Erde (oder Kiengir). Nicht nur das, das Tempo *verändert* sich. Es könnte so aussehen, als ob sie sich einige Tage lang mit einem Viertel der Geschwindigkeit bewegen und dann eine ganze Woche lang mit einem Hundertstel der Geschwindigkeit.
 
 
 
Linus","Hammond, 
 
come sai, l'unico obiettivo dell'ascensore è quello di permetterci di attraversare in sicurezza la Breccia che conduce da un mondo all'altro. Ma la Breccia stessa è una sorta di mondo, anche se fatto di una struttura fondamentale differente in cui gli umani non possono sopravvivere - e che impedisce il funzionamento di camere digitali, microfoni e qualsiasi dispositivo elettronico con cui abbiamo provato a osservarla. D'altronde, potrebbe non essere una sorpresa per te apprendere che certi orologi analogici sono riusciti a effettuare la transizione in modo quasi del tutto indenne. Per la maggior parte dei casi essi operano normalmente, ma *il ritmo* al quale funzionano è diverso da quello sulla Terra (o su Kiengir). E non solo questo, tale ritmo *cambia*. Sembra muoversi a un quarto della velocità per diversi giorni, per poi passare a un centesimo della velocità per una settimana intera.
 
Linus","Hammond,
  
Como sabe, o propósito do elevador é nos permitir atravessar com segurança pela Ruptura de um mundo para outro. Mas a Ruptura em si é uma espécie de mundo, embora com uma estrutura fundamental tão diferente que nada sobrevive lá, seres humanos, câmeras digitais, microfones e vários outros aparelhos eletrônicos com os quais tentamos observá-la. No entanto, talvez você não se surpreenda em saber que certos relógios analógicos podem fazer a transição praticamente ilesos. Na maior parte, eles operam normalmente, mas a *taxa* em que operam é diferente do que na Terra (ou Kiengir). Não só isso, a taxa *muda*. Pode se mover a um quarto da velocidade por vários dias e depois passar uma semana inteira se movendo em uma velocidade cem vezes maior.
  
  Linus","Hammond:
  
Como bien sabes, el único propósito de este ascensor es permitirnos pasar por la Brecha, de un mundo a otro, de forma segura. Pero la misma Brecha es como un mundo; solo que tiene una estructura fundamental tan distinta que no es habitable para los humanos... ni las cámaras digitales, los micrófonos o cualquier otro dispositivo electrónico con el que intentamos observarla. Pero aun así, quizás no te sorprenda el descubrimiento de que algunos relojes analógicos pueden pasar por la Brecha casi intactos. En general, funcionan con normalidad, pero la *velocidad* a la que operan es distinta a la de la Tierra (o Kiengir). No solo eso, sino que esta velocidad es *cambiante*. Parece que se funcionan a un cuarto de su velocidad por varios días y después pasan una semana entera funcionando a un centésimo de la velocidad normal.
  
  Linus","Хаммонд,
 
Как вы знаете, вся цель лифта состоит в том, чтобы позволить нам безопасно пройти через Разлом из одного мира в другой. Но сам Разлом — тоже своего рода мир. При этом его фундаментальная структура настолько чужда, что ни люди, ни сложные технические устройства типа цифровых камер, микрофонов и другой электроники, с помощью которой мы пытались его изучать, там выжить не могут. Тем не менее, вы, скорее всего, не удивитесь, узнав, что некоторые аналоговые часы спокойно переносят переход через Разлом. По большей части они работают в обычном режиме, но ""скорость"", с которой они идут, отличается от земной (или киенгирской). Мало того, скорость хода *меняется*. Сначала может показаться, что в течение нескольких дней время идет на четверть быстрее, а затем на целую неделю оно замедляется в сто раз.
 
Лайнус","해먼드,

아시다시피 엘리베이터의 주된 목적은 우리가 브리치(Breach)를 건너 한 세계에서 다른 세계로 안전하게 이동할 수 있도록 돕는 것입니다. 하지만 브리치 자체도 일종의 세계입니다. 다만 근본적인 구조가 너무나도 달라서 인간이 생존할 수 없으며, 관측에 사용하려고 시도했던 디지털카메라, 마이크, 그 외 다양한 전자기기조차 버텨내지 못하는 곳이죠. 그러나 특정한 아날로그시계는 이 전이 과정을 거의 손상 없이 통과할 수 있다는 사실을 알게 되더라도 그리 놀랍지 않으실 겁니다. 대부분의 경우 시계는 정상 작동하지만, 작동하는 '속도'가 지구(또는 키엔기르)와는 다릅니다. 게다가 그 속도가 '변하기'까지 합니다. 며칠 동안은 4분의 1 속도로 움직이는 것처럼 보이다가, 그 후 일주일 내내 100분의 1 속도로 움직이기도 합니다.

라이너스","哈蒙德：

如你所知，那台电梯的价值就是让我们能够安全地穿过隙界，往返世界之间。可是，隙界本身也是一种世界，只是基础结构与其他世界迥异，人类无法存活，我们此前尝试使用数码相机、麦克风和其他电子产品对其进行观测，这些产品也无一“幸存”。不过，我们发现某些指针时钟能够进入隙界，而且基本没有损坏，这个可能也在你的意料之中。这类时钟进入隙界之后，多数运行正常，只是指针走动的速度与地球（或齐恩基鲁）上不同。不仅如此，指针的速度还会变化。有时速度似乎只有四分之一，几天之后又会变成一百分之一，然后持续整整一周。

利努斯"
NOTE24_NAME,Terminal Breakthrough 2,Percée du terminal 2,Terminal-Durchbruch 2,Scoperta sui Terminali 2,Descoberta terminal 2,Descubrimiento terminal 2,Прорыв терминала 2,터미널 연구의 돌파구 2,终端突破·二
NOTE24_TEXT,"Hammond,

For a long time the Breach’s temporal discrepancies confounded us, until one day Malka pointed out to me that those strange blue terminals everywhere appear dimmer on some days or others. On a hunch I recorded the changes over a period of a month, and what do you know? Without fail, the dimming of the terminals corresponded with the slowing of time in the Breach.

It’s only conjecture at this point, but do you think there could be some undetected radiation from the Breach interfering with the terminals? Or, perhaps more worrying, that these terminals have some kind of control over time flow in the Breach?

Linus","Hammond,
 
Les décalages temporaires de la Brèche nous ont longtemps éludé, jusqu'au jour où Malka m'a fait remarquer que ces terminaux bleus étranges qui se trouvent un peu partout semblent moins lumineux certains jours. J'ai suivi une intuition et ai enregistré les changements sur une période d'un mois, et tu ne devineras jamais. Sans exception, l'affaiblissement des terminaux se calquait avec le ralentissement du temps dans la Brèche.
 
Pour l'heure, c'est une simple supposition, mais crois-tu qu'il pourrait y avoir des espèces de radiations non détectées émanant de la Brèche, qui interfèrent avec les terminaux ? Ou, sans doute plus inquiétant, que ces terminaux exercent une sorte de contrôle sur l'écoulement du temps à l'intérieur la Brèche ?
 
Linus","Hammond,
 
 
 
lange Zeit verwirrten uns die zeitlichen Diskrepanzen des Bruchs, bis Malka mich eines Tages darauf hinwies, dass die seltsamen blauen Terminals überall an manchen Tagen dunkler erscheinen als an anderen. Aus einer Vorahnung heraus zeichnete ich die Veränderungen über einen Zeitraum von einem Monat auf, und siehe da! Das Verdunkeln der Terminals korrespondierte mit der Verlangsamung der Zeit im Bruch.
 
 
 
Es ist nur eine Vermutung, aber denkst du, dass es eine unentdeckte Strahlung aus dem Bruch geben könnte, die die Terminals stört? Oder, was vielleicht noch beunruhigender ist, dass diese Terminals eine Art Kontrolle über den Zeitfluss im Bruch haben?
 
 
 
 Linus","Hammond, 
 
le discrepanze temporali della Breccia ci hanno a lungo confuso, fin quando un giorno Malka mi ha fatto notare che quegli strani terminali blu che ci sono dappertutto diventavano improvvisamente meno luminosi in determinati giorni. D'istinto cominciai ad annotare i cambiamenti avvenuti nell'arco di un mese, e indovina un po'? Immancabilmente, l'attenuazione delle luci dei terminali corrispondeva al rallentamento del tempo nella Breccia. 
 
In questo momento è solo una congettura, ma pensi che possano esserci delle radiazioni non rilevate nella Breccia che interferiscono con i terminali? O, cosa forse ancor più preoccupante, che quei terminali possano avere un qualche tipo di controllo sul passare del tempo nella Breccia?
 
Linus","Hammond,
  
Por muito tempo, as discrepâncias temporais da Ruptura nos confundiram, até que um dia Malka me disse que aqueles estranhos terminais azuis em todos os lugares parecem mais escuros em alguns dias. Seguindo um palpite, registrei as mudanças durante um período de um mês. Sem falhas, o escurecimento dos terminais correspondeu à desaceleração do tempo na Ruptura.
  
É apenas uma conjectura agora, mas você acha que pode haver alguma radiação não detectada da Rauptura interferindo com os terminais? Ou, talvez mais preocupante, que esses terminais tenham algum tipo de controle sobre o fluxo do tempo na Ruptura?
  
Linus","Hammond:
  
Durante mucho tiempo, las discrepancias temporales de la Brecha nos confundieron, hasta que un día Malka me mostró que esas extrañas terminales azules perdían brillo algunos días. Tuve una corazonada y registré los cambios durante un mes, ¿y sabes qué? Sin excepción, la disminución del brillo de las terminales se correspondía con la ralentización del tiempo en la Brecha.
  
Por ahora, no es más que una conjetura, pero ¿crees que pueda existir algún tipo de radiación no detectada de la Brecha que interfiera con las terminales? Y algo más preocupante: ¿crees que estas terminales puedan tener cierto control sobre el paso del tiempo en la Brecha?
  
Linus","Хаммонд,
 
Долгое время временные несоответствия Разлома сбивали нас с толку, пока однажды Малка не указала мне на то, что эти странные синие терминалы, стоящие тут и там, в некоторые дни тусклее обычного. Пораскинув мозгами, я начал записывать изменения их яркости и делал это в течение месяца, и знаете что? Могу с полной уверенностью утверждать, что временное потускнение терминалов соответствует частоте замедления времени в Разломе.

Конечно, на данный момент это только предположение, но как вы считаете — может ли какое-то необнаруженное излучение влиять на терминалы в Разломе? Или, возможно, и что более тревожно, эти терминалы сами как-то контролируют местный ход времени?

Лайнус","해먼드,

오랫동안 브리치의 시간적 불일치는 우리를 곤혹스럽게 만들었습니다. 그러던 어느 날 말카가 사방에 있는 저 이상한 파란색 터미널들의 불빛이 유독 흐려지는 날들이 있다는 사실을 짚어 주었습니다. 직감적으로 한 달 동안 그 변화를 기록해 보았는데, 결과가 어땠는지 아십니까? 어김없이 터미널의 불빛이 흐려질 때마다 브리치 내의 시간도 느려졌습니다.

지금은 추측에 불과하지만, 브리치에서 감지되지 않은 어떤 방사선이 방출되어 터미널에 간섭하고 있는 것 아닐까요? 아니면 더 우려스럽게도, 이 터미널들이 브리치 안의 시간 흐름을 모종의 방법으로 통제하고 있는 걸까요?

라이너스","哈蒙德：

隙界的时间变化，我们苦思冥想了很长时间，都没能想到背后的原因。还是后来有一天，玛勒卡跟我说随处可见的那些古怪蓝色终端有时候光会暗淡一些，我每天观察终端的光亮，记录了整整一个月，结果你猜怎么着？果不其然，终端光亮变暗的周期和时长与隙界时间变慢完全吻合。

我现在有两种猜想，一种是，你说这些终端可不可能是受到了隙界某种辐射干扰？只是这种辐射我们没检测出来。另外一种猜想如果属实，可能会比较麻烦，就是这些终端会不会能够控制隙界内部事件的流动？

利努斯"
NOTE25_NAME,Journal Entry 10/29/2049,Entrée du journal - 29/10/2049,Tagebucheintrag 29.10.2049,Voce del diario - 29/10/2049,Registro do diário - 29/10/2049,Entrada de diario del 29/10/2049,Запись в дневнике 29/10/2049,일지 기록 2049년 10월 29일,日志 - 2049/10/29
NOTE25_TEXT,"I have been observing the entity the Sagiga referred to as “The Lamassu” - which we suspect is some form of AI that communicates through various terminals around Kiengir. Similar to ansibles and to our portal to Antarctica, it appears to possess trans-world properties of its own, raising the question of whether its mind is even located here or if it is actually broadcasting from yet another world.

Of late I have been thinking about the apparent connection between the Lamassu’s power usage and time flow in the Breach. There is evidence that it was able to bring forth weapons and equipment beyond the technological capacity of the people here; How did it do that? Why would it do that? Why did it stop?

EH","J'ai observé l'entité que les Sagiga appellent « le Lamassu », ce qu'on suspecte être une forme d'IA qui communique via différents terminaux disséminés dans Kiengir. Semblable aux ansibles et à notre portail vers l'Antarctique, il semble posséder des propriétés trans-mondiales qui lui sont propres, ce qui soulève la question si son esprit se situe bien ici, ou s'il diffuse en réalité à distance, depuis un autre monde.
 
 Dernièrement, j'ai réfléchi à la connexion apparente entre l'utilisation d'énergie du Lamassu, et l'écoulement du temps dans la Brèche. Il existe des preuves qui confirment qu'il a pu créer des armes et des équipements qui dépassent les compétences technologiques des peuples autochtones... Comment a-t-il pu faire cela ? Et pourquoi ? Pourquoi avoir arrêté ?
 
 EH","Ich habe das Wesen beobachtet, das die Sagiga als den „Lamassu“ bezeichnet haben – wir vermuten, dass es sich dabei um eine Art KI handelt, die über verschiedene Terminals in Kiengir kommuniziert. Ähnlich wie bei den Ansibles und unserem Portal in die Antarktis, scheint es eigene transweltliche Eigenschaften zu besitzen, was die Frage aufwirft, ob sich sein Geist überhaupt hier befindet oder ob er tatsächlich von einer anderen Welt sendet. 
 
 
 
In letzter Zeit habe ich über die offensichtliche Verbindung zwischen der Energienutzung des Lamassu und dem Zeitfluss im Bruch nachgedacht. Es gibt Beweise dafür, dass er in der Lage war, Waffen und Ausrüstungsgegenstände hervorzubringen, die die technologischen Fähigkeiten der Menschen hier übersteigen; wie hat er das geschafft? Warum sollte er das tun? Warum hat er aufgehört?
 
 
 
EH","Sto osservando l'entità a cui i Sagiga si riferiscono come ""Il Lamassu"" - che sospettiamo essere una forma di Intelligenza Artificiale che comunica attraverso vari terminali sparsi per Kiengir. Analogamente agli ansible e al nostro portale in Antartide, sembra possedere specifiche proprietà trans-mondo, il che ci fa domandare se la sua mente si trovi effettivamente qui o se trasmetta da un altro mondo ancora.
 
Ultimamente ho riflettuto sulla apparente connessione esistente tra il consumo di energia del Lamassu e lo scorrere del tempo nella Breccia. È provato che sia riuscito a creare armi ed equipaggiamento che vanno ben oltre la capacità tecnologica delle persone del posto; come ci è riuscito? Perchè lo ha fatto? E perchè si è fermato?
 
EH","Tenho observado a entidade a que Sagiga se refere como ""O Lamassu""- que suspeitamos ser alguma forma de IA que se comunica através de vários terminais ao redor de Kiengir. Semelhante aos ansibles e ao nosso portal para a Antártida, parece possuir propriedades transmundo próprias, levantando a questão: sua mente está localizada aqui ou está se transmitindo de outro mundo?
  
Ultimamente, tenho pensado sobre a aparente conexão entre o uso de energia de Lamassu e o fluxo de tempo na Ruptura. Há evidências de que foi capaz de trazer armas e equipamentos além da capacidade tecnológica das pessoas daqui; Como isso aconteceu? Por que faria isso? Por que isso parou?
  
 EH","He estado observando la entidad que los sagigas llamaban ""la Lamassu"": creemos que es una clase de IA que se comunica mediante varias terminales por todo Kiengir. Al igual que los ansibles y nuestro portal a la Antártida, presenta propiedades extraordinarias únicas, lo que nos deja con una incógnita: ¿su mente siquiera está en este mundo o está retransmitiendo desde otro?
  
Últimamente, he estado pensando sobre la conexión aparente entre el uso de energía de la Lamassu y el paso del tiempo en la Brecha. Hay pruebas de que logró traer armas y equipo mucho más avanzados de lo que era posible con la capacidad tecnológica de la gente del lugar. ¿Cómo lo hizo? ¿Por qué lo hizo? ¿Y por qué dejó de hacerlo?
  
EH","Я наблюдала за сущностью, которую Сагига называют ""Ламассу"". Мы пришли к выводу, что это, скорее всего, какая-то форма ИИ, общающаяся через терминалы в Киенгире. Похоже, он обладает транс-мировыми свойствами, как наши ансибли или арктические порталы, в связи с чем возникает вопрос, находится его ядро здесь или же оно передает сигнал из какого-то иного мира. 

В последнее время я все чаще размышляю о связи использования Ламассу своих сил с течением времени в Разломе. Совершенно точно, что он смог помочь местным жителям развить их оружейное дело и прочие технологии далеко за пределы имеющихся у них возможностей. Но как он это сделал? Зачем? И почему вдруг прекратил?

Э.Х.","나는 사기가(Sagiga)들이 '라마수(The Lamassu)'라고 부르던 존재를 관찰해 왔다. 우리는 이것이 키엔기르 곳곳의 여러 터미널을 통해 소통하는 일종 of AI일 것으로 의심하고 있다. 앤서블이나 남극으로 통하는 우리의 포털처럼, 이것 또한 그 자체로 차원을 넘나드는 특성을 지닌 것으로 보여, 과연 그것의 정신이 이곳에 존재하는지 아니면 실제로 또 다른 세계에서 송신하고 있는 것인지 의문이 든다.

최근 나는 라마수의 전력 사용과 브리치의 시간 흐름 사이에 명백한 연관성이 있는 것은 아닌지 고민해 왔다. 라마수가 이곳 사람들의 기술적 한계를 뛰어넘는 무기와 장비를 가져올 수 있었다는 증거가 존재한다. 대체 어떻게 그것이 가능했을까? 왜 그런 일을 한 것일까? 그리고 왜 멈추었을까?

EH","萨吉伽所说的这个“拉玛苏”，我最近一直在观测，我们怀疑它是某种形态的人工智能，能够通过齐恩基鲁各地的终端与外界沟通交流。它好像类似安塞波以及我们回南极的传送门，自身具备跨越世界的属性。那么问题来了，它的心智是否位于这个世界？还是在另一个世界，只是通过广播与这里通信？

最近，我在思考拉玛苏运用自身能力这件事与隙界时间流动的关系。相关证据表明，它能够创造极其先进的武器和装备，技术含量远超本地民族当时的技术水平。它是怎么做到的？为什么要造这些东西？后来为什么又再也没有造过？

伊哈"
NOTE26_NAME,Sagiga on the Worldstream,Sagiga sur le Flux mondial,Sagiga über den Weltenstrom,I Sagiga e il Mondoflusso,Sagiga no Fluxo-mundi,Sagiga en la Corriente,Сагига про Миротечение,월드스트림에 관한 사기가의 기록,萨吉伽关于世界流的记述
NOTE26_TEXT,"With the help of Malka I have been going through the Sagigas’ own records, trying to find anything of note about the technology they used. It’s difficult work, made harder by the fact that they intentionally destroyed a lot of their own accounts, ostensibly to keep anyone else from reproducing their work. So my understanding is fragmented, but there is one point that seems to keep coming up.

They reference the multiple worlds as being the fruit of a tree. I initially took this to be purely figurative. But they often mention parts of the structure - such as the spadix, or a’ansur - as if they are locations one can visit. I haven’t seen mention of parts like the “roots” or “leaves” in this context, but it makes me wonder how far the metaphor carries.

Unyime","Avec l'aide de Malka, j'ai écumé les registres des Sagigas pour trouver des indices sur la technologie qu'ils ont utilisée. La tâche s'est montrée difficile, d'autant plus qu'ils ont intentionnellement détruit une grande partie de leurs rapports, vraisemblablement pour empêcher quiconque de reproduire leur œuvre. Ma compréhension est donc fragmentaire, mais il y a un point qui semble récurrent.
 
Ils font référence aux mondes multiples comme des fruits d'un même arbre. J'ai d'abord compris cela dans un sens métaphorique. Mais ils mentionnent souvent les parties de la structure, comme le spadice, ou a'ansur, comme s'il s'agissait d'endroits où l'on peut se rendre. Je n'ai vu aucune mention de parties comme les « racines » ou les « feuilles » dans ce contexte, mais je me demande où la métaphore s'arrête.
 
Unyime","Mit der Hilfe von Malka habe ich die Aufzeichnungen der Sagiga durchforstet und versucht, etwas Bemerkenswertes über die von ihnen verwendete Technologie zu finden. Es ist eine schwierige Arbeit, die durch die Tatsache erschwert wird, dass sie absichtlich viele ihrer eigenen Aufzeichnungen zerstört haben, angeblich um zu verhindern, dass jemand anderes ihre Arbeit reproduziert. Mein Verständnis ist also fragmentiert, aber es gibt einen Punkt, der immer wieder auftaucht.
 
Sie beziehen sich auf die multiplen Welten als die Frucht eines Baumes. Ich habe das zunächst als rein bildlich verstanden. Aber sie erwähnen häufig Teile der Struktur – wie die Spadix oder A’ansur – als ob sie Orte sind, die man besuchen kann. Ich habe keine Erwähnung von Teilen wie den „Wurzeln“ oder „ Blättern“ in diesem Zusammenhang gesehen, aber ich frage mich, wie weit die Metapher geht.
 
Unyime","Con l'aiuto di Malka ho spulciato tutti i registri dei Sagiga, cercando di trovare qualcosa di indicativo a proposito della tecnologia da loro usata. È un lavoro difficile, reso ancora più arduo dal fatto che hanno distrutto intenzionalmente la gran parte delle loro testimonianze, probabilmente per impedire a chiunque altro di riprodurre il lavoro. Per cui, la mia comprensione non può che essere frammentata: un aspetto però continua a saltar fuori. 
 
Essi si riferiscono ai mondi multipli come ai frutti di un albero. All'inizio lo consideravo come un concetto figurato. Ma spesso si fa riferimento a parti della struttura - come lo spadice o A'ansur - come se fossero luoghi visitabili. Non ho visto menzioni di sezioni come ""radici"" o ""foglie"" in questo contesto, ma mi chiedo quanto questa metafora si possa spingere oltre.
 
Unyime","Com a ajuda da Malka tenho pesquisado os registros dos próprios Sagigas, tentando encontrar algo digno de nota sobre a tecnologia que eles usaram. É um trabalho difícil, dificultado pelo fato de eles intencionalmente destruírem muitas de seus próprios relatos, aparentemente para impedir que outras pessoas reproduzam seu trabalho. Então, meu entendimento é fragmentado, mas há um ponto que parece continuar surgindo.
  
Eles fazem referência aos múltiplos mundos como sendo o fruto de uma árvore. Inicialmente, considerei isso puramente figurativo. Mas muitas vezes eles mencionam partes da estrutura - como espádice ou a'ansur - como se fossem locais que podem ser visitados. Não vi menção de partes como ""raízes"" ou ""folhas"" neste contexto, mas me faz pensar até onde a metáfora pode chegar.
  
Unyime","Con la ayuda de Malka, comencé a revisar los registros de los mismos sagigas para buscar algo de interés sobre la tecnología que usaban. Es un proceso muy arduo, ya que destruían gran parte de sus propios registros y planos para evitar que otros replicaran su trabajo. Es por eso que todavía no logro comprenderlo del todo, pero hay algo que aparece con frecuencia.
  
Se refieren a los mundos múltiples como a las frutas de un árbol. Al principio, pensé que estaban hablando en sentido figurado. Pero suelen mencionar partes de la estructura, como el espádice o ""A'ansur"", como si fueran lugares que uno puede visitar. No encontré mención de partes como las ""raíces"" o las ""hojas"" en este contexto, por lo que me pregunto hasta dónde llega la metáfora.
  
Unyime","Благодаря Малке я получил доступ к личным записям Сагига и попытался найти в них что-нибудь про использованные ими технологии. Работа была не из легких, в особенности по причине того, что они намеренно уничтожили множество собственных материалов, якобы в попытке не дать третьим лицам воспроизвести их наработки. Так что мое понимание очень неполное, но есть кое-что, постоянно всплывающее во всех текстах.

Они называют многочисленные миры плодами дерева. В самом начале я решил, что они делают это чисто в переносном смысле. Но они часто пишут о ""бутоне"", или ""а'ансуре"", как о месте, которое можно физически посетить. Я не встречал упоминаний ""корней"" и ""листьев"" в данном контексте, и мне теперь интересно, как далеко распространяется эта метафора.

Унийим","말카의 도움을 받아 사기가(Sagiga)들의 자체 기록을 훑어보며, 그들이 사용한 기술에 관해 주목할 만한 내용이 있는지 찾고 있다. 그들이 다른 이들이 연구 성과를 재현하지 못하도록 표면적인 명목 하에 자신들의 기록을 대거 의도적으로 파괴했기 때문에 작업이 꽤나 고되다. 그래서 내 이해는 단편적이지만, 계속해서 나타나는 한 가지 지점이 있다.

그들은 다중 세계를 나무의 열매에 비유한다. 나는 처음에 이것을 순전히 비유적인 표현으로만 받아일였다. 그러나 그들은 종종 구조의 일부—예를 들어 육수화서(spadix)나 아안수르(a'ansur)—를 마치 직접 방문할 수 있는 장소처럼 언급한다. 이 문맥에서 '뿌리'나 '잎' 같은 부위에 대한 언급은 보지 못했지만, 이 비유가 어디까지 유효한지 궁금해진다.

우니메","我最近让玛勒卡帮我整理这些萨吉伽的相关文字记载，希望知晓他们当时的科技水平。这项工作难度很大，而且他们刻意破坏了自己留下的大量记录，应该是防止他人重现相关技术成果，导致工作难上加难。因此，我只是零星了解了那个年代的技术能力，并未形成系统的认知，不过有一点事实倒是多次反复出现。

他们称多重世界为树上的果实，我起初以为纯粹只是一种比喻，可是他们又时常提及结构上的某些部位，例如肉穗花序，或者说“阿安苏尔”，说的时候好像这些部位都是确切存在、可以探查的地方。虽然没看到他们提及“根”或者“叶”，但是我很想知道这个比喻到底有多么深的寓意。

乌恩尼麦"
NOTE27_NAME,Antarctic Research Team Missing,Disparition d'une équipe de recherche en Antarctique,Antarktis-Forschungsteam vermisst,Scomparsa squadra di ricerca in Antartide,Equipe de pesquisa desaparecida na Antártida,Desaparece un equipo de investigación antártico,Пропажа Антарктической исследовательской группы,남극 연구팀 실종,南极科考队全员失踪
NOTE27_TEXT,"November 10, 2053

In what is turning out to be one of the biggest mysteries of the 21st century, all 23 researchers at Jones Station, Antarctica, have gone missing. Further deepening speculation, Hammond Corp, who manages the station on behalf of the US and EU joint venture, reports that it has been unable to contact the eponymous CEO, Elizabeth Hammond, who was scheduled to return from her visit to the station late in September.

Conspiracy theories abound and even the most rational of possible explanations beggar belief. Officials have widened the search area from 10,000 to roughly 50,000 square kilometers without any luck. Search and Rescue Supervisor Anahera Turei cautioned families to lower expectations. “Even at the best of times, this is a deadly, hostile environment.”","10 novembre 2053
 
Dans ce qui semble constituer le plus grand mystère du XXIe siècle, les 23 membres de l'équipe de recherche de la Station Jones, en Antarctique, se sont volatilisés. Pour alimenter davantage les spéculations, Hammond Corp, qui gère la Station commune aux USA et à l'UE, rapporte avoir perdu contact avec leur Présidente, Elizabeth Hammond, censée rentrer de sa visite à la station fin septembre.
 
Les théories conspirationnistes vont de bon train, et même les explications possibles les plus rationnelles défient la raison. Les autorités ont élargi le périmètre de recherches, de 10 000 km² à 50 000 km², mais sans succès. Le Responsable de l'équipe de secours, Anahera Turei, a prévenu les familles de s'attendre au pire. « Même en temps normal, c'est un environnement mortel et hostile. »","10. November 2053
 
 
 
In einem der größten Mysterien des 21. Jahrhunderts sind alle 23 Forscher der Jones Station in der Antarktis verschwunden. Um die Spekulationen weiter zu vertiefen, berichtet die Hammond Corp, die die Station im Namen des US- und EU-Gemeinschaftsunternehmens verwaltet, dass sie nicht in der Lage war, die namensgebende CEO, Elizabeth Hammond, zu kontaktieren, die Ende September von ihrem Besuch auf der Station zurückkehren sollte.
 
 
 
Verschwörungstheorien gibt es zuhauf und selbst die rationalsten möglichen Erklärungen sind kaum zu glauben. Die Behörden haben das Suchgebiet von 10.000 auf etwa 50.000 Quadratkilometer erweitert, ohne Erfolg. Die Leiterin der Such- und Rettungsdienste, Anahera Turei, riet den Familien, ihre Hoffnungen zu begrenzen. „Selbst in den besten Zeiten ist dies eine tödliche, feindliche Umgebung.“","10 Novembre, 2053 
 
In quello che sembra essere uno dei più grandi misteri del 21° secolo, tutti e 23 i membri della Stazione Jones, in Antartide, sembrano essersi volatilizzati. Ulteriori fonti sostengono che la Hammond Corp, l'azienda che gestisce la stazione per conto di una joint-venture tra Stati Uniti e Europa, abbia riferito di non essere in grado di mettersi in contatto con la CEO Elizabeth Hammond, il cui rientro dalla stazione era previsto alla fine di Settembre. 
 
Le teorie cospirazionistiche ovviamente abbondano e anche le spiegazioni più razionali non trovano alcun riscontro. Gli agenti impiegati nella ricerca hanno perlustrato un'area di oltre 50,000 chilometri quadrati senza fortuna. Il responsabile del team di ricerca, Anahera Turei, ha dato poche speranze alle famiglie degli scomparsi. ""Anche con il miglior clima possibile, queste sono aree molto ostili per gli esseri umani.""","10 de novembro de 2053
  
No que está se tornando um dos maiores mistérios do século 21, todos os 23 pesquisadores da Estação Jones, na Antártida, desapareceram. Para aprofundar ainda mais as especulações, a Corporação Hammond, que administra a estação em nome da joint venture dos EUA e da UE, relata que não conseguiu entrar em contato com a CEO homônima, Elizabeth Hammond, que deveria retornar de sua visita à estação no final de setembro.
  
Abundam as teorias da conspiração e mesmo a mais racional das explicações possíveis é uma dificuldade em crer. As autoridades ampliaram a área de busca de 10.000 para cerca de 50.000 quilômetros quadrados, sem sorte. A supervisora ​​de busca e resgate, Anahera Turei, alertou as famílias para reduzir as expectativas. “Mesmo nos melhores dias, este é um ambiente hostil e mortal.”","10 de noviembre de 2053
  
En lo que probablemente se considere el mayor misterio del siglo XXI, desaparecieron cada uno de los 23 investigadores de la estación Jones en la Antártida. Para mayor especulación, la empresa que gestiona la estación en nombre de los intereses estadounidenses y europeos, Hammond Corp., informó que no logra ponerse en contacto con su directora, Elizabeth Hammond, quien debía haber vuelto de su visita a la estación a fines de septiembre.
  
Abundan las teorías conspirativas e incluso la más racional de las posibles explicaciones suena increíble. Se amplió el área de búsqueda de 10 000 a 50 000 kilómetros cuadrados, sin ningún resultado. Anahera Turei, supervisora del equipo de rescate, les advirtió a las familias que no tuvieran muchas expectativas: ""Incluso en las mejores épocas, este es un ambiente letal y hostil"".","10 ноября 2053 года
 
Пропажа 23-х полярников на Станции Джонса в Антарктиде рискует стать одной из самых громких тайн 21-ого века. Еще больше усугубляет ситуацию тот факт, что Хаммонд-Корп, управляющая станцией от лица правительств США и ЕС, сообщает, что им не удалось связаться с Элизабет Хаммонд — гендиректриссой компании, давшей ей свое имя. Она находилась с визитом на станции и должна была вернуться обратно в конце сентября.
 
Теорий заговора вокруг ситуации предостаточно, но даже самые рациональные из возможных версий попросту кажутся невозможными. Чиновники безрезультатно расширили зону поиска с 10-ти до примерно 50 тысяч квадратных километров. Руководительница поисково-спасательных работ Анахера Турей попросила семьи пропавших не надеяться на чудо: ""Даже при хороших погодных условиях это место до сих пор остается смертельно опасной и враждебной средой"".","2053년 11월 10일

21세기 최대의 미스터리 중 하나로 기록되고 있는 사건으로, 남극 존스 기지의 연구원 23명 전원이 실종되었습니다. 의혹을 더욱 증폭시키게도 미국과 EU의 합작 벤처를 대신해 기지를 관리하고 있는 해먼드 사는 9월 말 기지 방문을 마치고 복귀할 예정이었던 동명의 CEO 엘리자베스 해먼드와 연락이 닿지 않는다고 보고했습니다.

온갖 음모론이 횡행하고 있으며 가장 합리적인 설명조차 도무지 믿기지 않을 정도입니다. 당국은 수색 범위를 10,000평방킬로미터에서 약 50,000평방킬로미터로 확대했으나 아무런 성과가 없었습니다. 수색 구조 감독관 아나헤라 투레이는 가족들에게 마음의 준비를 하라고 당부했습니다. “아무리 좋은 조건이라 해도 이곳은 치명적이고 가혹한 환경입니다.”","2053年11月10日

南极琼斯科考站23名科考人员全部失踪，此事目前已经成为21世纪的一大未解之谜。这座科考站由美国与欧盟共同建立，由哈蒙德集团代行管理。集团首席执行官伊丽莎白·哈蒙德今年九月下旬访问科考站，原计划近日返程，可是集团方称他们始终未能与其取得联系，这一情况更是令人猜测纷纷。

一时间，阴谋论甚嚣尘上，即便最为合理的解释也难以令人信服。官方现已将搜索范围由一万平方公里扩大到了五万平方公里，然而依旧毫无收获，搜救负责人阿纳厄拉·图埃建议家属降低期待：“这个地方即便是气候最好的时候，环境也是十分艰险恶劣。”"
NOTE28_NAME,Goodbye,Adieu,Abschied,Addio,Adeus,Adiós,Прощальная записка,작별 인사,告别
NOTE28_TEXT,"To whoever finds this,

If this is the end, then it's time I pass on what I know. It all starts with Dr. Eschenbrenner, who first discovered the Breach and was traveling to alternate realities before Hammond Corp was even formed.

His greatest fear was that the technologies of the Worldstream would prove too dangerous and destructive for Earth, and he implored me to keep it secret until he could discover exactly what had happened at the root. Though I doubted him at first, the more I learned, the more inclined I was to agree. The Apocalypse Arms alone could be catastrophic to our world.

It has now been decades since he left Earth. I had mounted this latest expedition to try and follow, but since I am not a PatternMind, the hurdles are great. For what it's worth, my next step was to find a device called a Scry (possibly somewhere in the Filter?). This, taken with a piece of his DNA, would be able to find his exact location. 

Clearly there is something gravely amiss here, the barriers between worlds slowly degenerating, and no apparent attempts being made to correct course. We must do something.

EH

11/13/2053

PS

If you see Warren, tell him it's not his fault. When the drones attacked I thought I'd be clever and hide in the ruins, but the entrance closed off. I suspect the Lamassu bears the responsibility for that.","À quiconque trouvera cette note,
 
Si c'est la fin, alors l'heure est venue de transmettre ce que je sais. Tout commence avec le Dr. Eschenbrenner, premier à avoir découvert la Brèche, et qui voyageait vers des réalités alternatives avant même qu'Hammond Corp voit le jour.
 
Sa plus grande crainte était que les technologies du Flux mondial s'avèrent trop dangereuses et destructrices pour la Terre, et il m'a fait jurer de garder le secret jusqu'à ce qu'il découvre exactement ce qui s'était passé à la racine. Même si j'ai d'abord douté de lui, plus j'en ai appris, et plus je suis tombée d'accord. Les Armes de l'Apocalypse pouvaient à elles seules entraîner des catastrophes notre monde.
 
Cela fait déjà plusieurs décennies qu'il a quitté la Terre. J'avais monté cette dernière expédition pour tenter de le suivre, mais je ne suis pas un Modèle-Esprit, et les obstacles sont immenses. Ça vaut ce que ça vaut, mais la prochaine étape est de trouver un dispositif qu'on appelle un Oracle (peut-être quelque part dans le Filtre ?). Ceci, avec une partie de son ADN, devrait nous indiquer son emplacement exact. 
 
Quelque chose de grave est clairement en train de se produire ici, les barrières entre les mondes se désintègrent lentement, et sans qu'il y ait de tentative apparente pour rectifier la situation. Nous devons agir au plus vite.
 
EH
 
13/11/2053
 
PS :
 
Si vous voyez Warren, dites-lui qu'il n'y est pour rien. Quand les drones ont attaqué, j'ai pensé faire ma maline en me cacher dans les ruines, mais l'entrée s'est refermée. J'imagine que le Lamassu est responsable de tout ça.","An denjenigen, der dies findet,
  
wenn dies das Ende ist, dann ist es an der Zeit, dass ich das, was ich weiß, weitergebe. Alles beginnt mit Dr. Eschenbrenner, der als Erster den Bruch entdeckte und in alternative Realitäten reiste, bevor die Hammond Corp überhaupt gegründet wurde.
 
Seine größte Befürchtung war, dass sich die Technologien des Weltenstroms als zu gefährlich und zerstörerisch für die Erde erweisen würden, und er flehte mich an, es geheim zu halten, bis er herausfinden konnte, was genau an der Wurzel passiert war. Obwohl ich anfangs an ihm zweifelte, war ich, je mehr ich erfuhr, geneigt, ihm zuzustimmen. Die Apokalypse-Waffen allein könnten für unsere Welt katastrophal sein.
  
Es ist nun schon Jahrzehnte her, dass er die Erde verlassen hat. Ich hatte diese letzte Expedition angetreten, um zu versuchen, ihm zu folgen, aber da ich kein MusterVerstand bin, sind die Hürden groß. Mein nächster Schritt war es, ein Gerät namens Wahrsager zu finden (möglicherweise irgendwo im Filter?). Dieses, zusammen mit einem Stück seiner DNA, würde in der Lage sein, seinen genauen Standort zu bestimmen. 
  
Die Barrieren zwischen den Welten zerfallen langsam, und es gibt keine offensichtlichen Versuche, den Kurs zu korrigieren. Wir müssen etwas tun.
  
EH
 
13.11.2053
 
 
PS:
 
Wenn du Warren siehst, sag ihm, dass es nicht seine Schuld ist. Als die Drohnen angegriffen haben, dachte ich, ich wäre schlau und würde mich in den Ruinen verstecken, aber der Eingang hat sich verschlossen. Ich vermute, dass der Lamassu die Verantwortung dafür trägt.","Per chiunque trovi questo messaggio,
 
Se è davvero la fine, è ora che io racconti tutto ciò che so. Tutto è cominciato con il Dr. Eschenbrenner, che per primo scoprì la Breccia e iniziò a viaggiare tra le realtà alternate prima ancora che la Hammond Corp nascesse.
 
La sua più grande paura era che le tecnologie del Mondoflusso potessero rivelarsi troppo pericolose e distruttive per la Terra, per cui mi implorò di tenere il segreto fino a quando non sarebbe riuscito a scoprire esattamente cosa fosse successo alla radice. Anche se all'inizio ero dubbiosa, più dettagli saltavano fuori e più fui incline a dargli ragione. Anche solo Le Braccia dell'Apocalisse avrebbero potuto rappresentare una catastrofe per il nostro mondo. 
 
Sono decenni, ormai, che il dottore ha abbandonato la Terra. Ho organizzato quest'ultima spedizione per cercare di seguire i suoi passi, ma dal momento che non sono uno Schema-Mente, gli ostacoli sono enormi. Per quanto possa valere, la mia prossima mossa sarà cercare di trovare un dispositivo chiamato Oracolo (probabilmente è da qualche parte nel Filtro?). Combinato a un frammento del suo DNA, potrebbe essere in grado di indicare la sua posizione esatta.
 
EH
  
11/13/2053
  
  
  
PS:
  
Se vedete Warren, ditegli che non è colpa sua. Quando i droni hanno attaccato, pensai che sarebbe stato furbo nascondersi tra le rovine, ma l'ingresso mi si chiuse alle spalle. Sospetto che ci sia il Lamassu dietro tutto questo.","Para quem encontrar isto,
 
Se este for o fim, é hora de passar adiante o que sei. Tudo começa com o Dr. Eschenbrenner, o primeiro a descobrir a Ruptura e estava viajando para realidades alternativas antes mesmo de a Corporação Hammond ser formada.
  
Seu maior medo era que as tecnologias do Fluxo-mundi se mostrassem perigosas e destrutivas demais para a Terra, e ele me implorou para manta-las em segredo até que pudesse descobrir exatamente o que havia acontecido na raiz. Embora eu tenha duvidado dele no início, quanto mais eu aprendia, mais inclinado ficava a concordar. As Armas do Apocalipse por si só podem ser catastróficas para o nosso mundo.
  
Já se passaram décadas desde que ele deixou a Terra. Eu montei esta última expedição para tentar segui-lo, mas como não sou uma Mente Padrão, os obstáculos são grandes. Se é que serve de alguma coisa, meu próximo passo foi encontrar um dispositivo chamado Scry (possivelmente em algum lugar do Filtro?). Isso, mais um pedaço de seu DNA, seria capaz de apontar a localização exata dele.
  
Claramente há algo de muito errado aqui, as barreiras entre os mundos estão se degenerando lentamente, e nenhuma tentativa aparente sendo feita para corrigir este curso. Nós devemos fazer algo.
  
EH
  
13/11/2053
  
PS
Se você vir Warren, diga a ele que não é culpa dele. Quando os drones atacaram, pensei que seria inteligente me esconder nas ruínas, mas a entrada foi selada. Suspeito que Lamassu seja responsável por isso.","A quien sea que encuentre esto:
    
Si este es el final, es hora de compartir lo que sé. Todo empezó con el doctor Eschenbrenner, quien descubrió por primera vez la Brecha y viajaba entre realidades paralelas incluso antes de que existiera Hammond Corp.
   
Su mayor miedo era que las tecnologías de la Corriente fueran demasiado peligrosas y dañinas para la Tierra, y me rogó que mantuviera el secreto hasta que él lograra descubrir qué había pasado en la raíz. Al principio tuve mis dudas, pero cuanto más aprendía, más deseaba ayudarlo. Los brazos apocalípticos por sí solos podrían ser catastróficos para nuestro mundo.
  
Ahora, ya pasaron décadas desde que abandonó la Tierra. Organicé esta última expedición para ir tras él, pero como no soy una mente patrón, se hace casi imposible. Mi próximo paso sería encontrar un dispositivo llamado ""cristaloscopio"" (¿quizás esté en el Filtro?). Con eso y un fragmento de su ADN, podría encontrar su ubicación exacta. 
  
Está claro que algo anda muy mal aquí; las barreras entre los mundos se desdibujan lentamente, y parece que no se está haciendo nada para corregirlo. Tenemos que hacer algo.
  
EH
  
13/11/2053
  
P. D.:
  
Si ves a Warren, dile que no es su culpa. Cuando los drones atacaron, se me ocurrió ocultarme en las ruinas, pero se cerró la entrada. Sospecho que fue la Lamassu.","Тому, кто найдет,

Если это конец, то пришло время передать миру мое знание. Все началось тогда, когда доктор Эшенбреннер обнаружил Разлом и начал путешествовать в альтернативные реальности — задолго до того, как была основана Хаммонд-Корп.

Его самым большим страхом было то, что технологии Миротечения окажутся слишком опасными и разрушительными для Земли, и он умолял меня держать все это в секрете, пока он не сможет полностью разобраться с тем, что произошло в корне. Сначала я ему не поверила, но чем больше я узнавала, тем охотнее склонялась к его точке зрения. Одни лишь Руки Апокалипсиса могли бы с легкостью стать погибелью нашего мира.
 
Прошло уже несколько десятилетий с тех пор, как он покинул Землю. Я собрала эту последнюю экспедицию в попытке пойти по его следу, но так как я, увы, не являюсь Паттернмайндом, передо мной встает множество препятствий. Как бы то ни было, далее я попыталась найти устройство под названием Скрай (возможно, оно находится где-то в фильтре). Использовав устройство вместе с образцом его ДНК, я бы, возможно, смогла обнаружить точное местонахождение доктора.
 
Очевидно, что-то вышло из-под контроля: барьеры между мирами медленно разрушаются, а никаких видимых попыток исправить это не предпринимается. Нам нужно действовать.
 
Э.Х.
 
13/11/2053
 
PS
 
Если встретите Уоррена, скажите ему, что я его не виню. Когда дроны напали, я подумала, что лучше всего будет спрятаться в развалинах, но они перекрыли вход. Подозреваю, что за всем этим стоит Ламассу.","이것을 발견할 이에게,

만약 이것이 나의 끝이라면, 내가 아는 것을 전해야 할 때가 온 것이겠지요. 모든 것은 에셴브레너 박사로부터 시작됩니다. 그는 해먼드 사가 설립되기도 전에 브리치를 처음으로 발견하고 대체 현실들을 여행하고 있었습니다.

그의 가장 큰 두려움은 월드스트림의 기술들이 지구에 너무나 위험하고 파괴적인 것으로 밝혀지는 것이었고, 그는 자신이 그 근원에서 정확히 무슨 일이 일어났는지 밝혀낼 때까지 이를 비밀로 유지해 달라고 내게 간청했습니다. 처음에는 의구심이 들었지만 배울수록 그의 의견에 동의하게 되었습니다. 아포칼립스 암(Apocalypse Arms)들만으로도 우리 세상에 재앙이 될 수 있으니까요.

그가 지구를 떠난 지도 벌써 수십 년이 흘렀습니다. 그의 뒤를 쫓기 위해 이번 원정대를 조직했으나, 나는 패턴마인드가 아니기에 난관이 큽니다. 어쨌든 나의 다음 단계는 '스크라이(Scry)'라고 불리는 장치(아마도 필터 구역 어딘가에 있을?)를 찾는 것이었습니다. 그의 DNA 조각과 함께 이 장치를 사용하면 그의 정확한 위치를 찾을 수 있을 터였습니다.

이곳에는 분명 심각한 문제가 생겼습니다. 세계 사이의 장벽이 서서히 소멸해 가고 있는데도 이를 바로잡으려는 어떠한 시도도 보이지 않습니다. 우리는 무엇이든 해야만 합니다.

EH

2053년 11월 13일

추신

워런을 만나면 그의 잘못이 아니라고 전해 주십시오. 드론들이 공격해 왔을 때 기지를 발휘해 유적 안으로 숨으려 했으나 입구가 닫혀 버렸습니다. 라마수에게 그 책임이 있을 것으로 의심됩니다.","读到这封信的人：

既然时间已经不多了，那我就该把自己知道的情况告诉其他人了。整个事情皆因埃申布伦纳博士而起，他首次发现隙界之后，多次前往其他实界，当时哈蒙德集团还没有成立。

他主要担心对于地球而言，世界流的技术太过危险，破坏性太强，所以恳求我替他保密，待他了解事情的根本之后，再将此事公之于众。我一开始不怎么相信他的说法，后来了解得多了，也愈发赞成他的观点了。单单天启神器这一项技术，就有可能毁灭我们那个世界。

博士离开地球已有数十年，我为了追随他的步伐，组织了这次科考，可是我没有模式脑，所以障碍重重。反正，我下一步是要找到名为“卜察”的一种设备（说不定在滤界？）。有了这个，再有一段他的基因片段，就能知道他确切的方位了。

这个地方显然出现了很严重的问题，世界之间的屏障正在慢慢解离，可是好像也没人想办法解决问题。

伊哈

2053/11/13

另：

如果见到沃伦了，让他不要自责。无人机来袭的时候，我以为自己很机灵，能躲到遗迹里，谁知道入口封上了，我怀疑是拉玛苏捣的鬼。"
NOTE29_NAME,Destruction Pogrom,Pogrom de destruction,Zerstörungspogrom,Pogrom di distruzione,Destruição pogrom,Pogromo de destrucción,Разрушительный погром,파괴의 포그롬,毁灭屠杀
NOTE29_TEXT,"Loyal Wielders are already immolating themselves with storm bombs in the faithful belief that it serves the greater good, assured that their very existence poses too great a risk in any but the most dire of circumstances. And the Siuna, hailed once as a triumphant way to free ourselves from our unkind and bipartite method of waging war - uplifting Arms to warriors themselves and not mere tools to be later discarded - are being locked away in A'ansur.

I for one am not eager to die any sooner than I must. People of Kiengir, I implore you, question this so-called wisdom. Trust your own minds, not that of a machine.

Mageshgetil, Wielder, on behalf of Amashilama","Les loyaux Hérauts s'immolent déjà avec les bombes des tempêtes, dévoués à leur croyance, persuadés qu'ils servent ainsi le bien commun et que leur existence même pose un risque bien trop important en toutes circonstances, sauf les plus graves. Et les Siuna, brandis jadis comme le moyen triomphal de nous libérer des méthodes barbares et bipartites de mener la guerre – élevant les Armes au statut de guerriers et non plus de simples outils à jeter après usage – sont désormais emprisonnés dans l'A'ansur.
 
Pour ma part, je ne suis pas pressé de mourir plus tôt qu'il est nécessaire. Peuple de Kiengir, je vous implore, interrogez-vous sur cette soi-disant sagesse. Faites confiance à vos esprits, non à celui d'une machine.
 
Mageshgetil, Héraut, de la part d'Amashilama","Loyale Träger opfern sich bereits mit Sturmbomben, in dem festen Glauben, dass dies dem größeren Wohl dient, in der Gewissheit, dass ihre eigene Existenz ein zu großes Risiko darstellt, außer in den schlimmsten Fällen. Und die Siuna, die einst als triumphaler Weg gepriesen wurden, um uns von unserer unfreundlichen und zweiseitigen Methode der Kriegsführung zu befreien – die Waffen selbst zu Kriegern zu erheben und nicht zu bloßen Werkzeugen, die später weggeworfen werden – werden in A’ansur weggesperrt.
 
 
 
Ich für meinen Teil bin nicht erpicht darauf, früher zu sterben, als ich muss. Volk von Kiengir, ich flehe euch an, hinterfragt diese sogenannte Weisheit. Vertraut eurem eigenen Verstand, nicht dem einer Maschine.
 
 
 
Mageshgetil, Träger, im Namen von Amashilama","I Portatori leali si stanno già immolando con le bombe-tempesta nella strenua convinzione che questo serva al bene superiore, dando per scontato che la loro stessa esistenza rappresenti un rischio eccessivo da correre, consentito solo nelle più estreme circostanze. E i Siuna, un tempo osannati come un sistema trionfante per liberarci dal nostro modo di fare guerra rude e bilaterale - elevando le Braccia a veri guerrieri e non meri attrezzi da scartare successivamente - sono stati messi sotto chiave ad A'ansur. 
 
Per quanto riguarda me, non sono disposto a morire prima del tempo. Popolo di Kiengir, vi imploro, mettete in discussione questa cosiddetta saggezza. Fidatevi delle vostre menti, non di quella di una macchina.
 
Mageshgetil, Portatore, a nome di Amashilama","Os Portadores leais já estão se imolando com bombas de tempestade na crença fiel de que isso serve ao bem maior, garantido que sua própria existência representa um risco muito grande em qualquer circunstância, exceto nas mais terríveis. E a Siuna, uma vez aclamada como um caminho triunfante para nos libertarmos de nosso método cruel e bipartido de travar a guerra - Armas para os próprios guerreiros e não meras ferramentas para serem descartadas mais tarde - estão sendo isoladas em A'ansur.
  
  Eu, pelo menos, não estou ansioso para morrer mais cedo do que devo. Povo de Kiengir, eu imploro, questionem essa assim chamada sabedoria. Confiem em suas próprias mentes, não na de uma máquina.
  
  Mageshgetil, Portador, em nome de Amashilama","Los canalizadores leales ya se están inmolando con bombas tempestad, convencidos de que lo hacen por el bien común y de que su mera existencia es un riesgo demasiado grande en estas circunstancias extremas. Y están encerrando a las siuna en A'ansur, después de que las veneramos como aquello que nos liberaría de nuestra cultura bélica, injusta y bipartita; la misma cultura que considera soldados a los brazos, y no herramientas que luego habrá que descartar.
  
  Yo, en lo personal, no pienso morir antes de lo debido. Pueblo de Kiengir, les imploro que cuestionen esta ""sabiduría"". Confíen en su propio juicio, no en el de una máquina.
  
  Mageshgetil, canalizador, en nombre de Amashilama","Преданные Владельцы приносят себя в жертву штормовым бомбам, искренне веря, что сей акт служит великому благу, и что само их существование представляет собой слишком большой риск в любых обстоятельствах, кроме самых ужасных. А Сиуны, провозглашенные когда-то победоносным способом положить конец нашему жестокому и двусмысленному методу ведения войны — превращению воинов в Руки с последующим их уничтоженим — теперь заперты в А'ансуре.

Я, например, не горю желанием умереть раньше отведенного срока. Народ Киенгира, молю вас, поставьте под сомнение эту так называемую мудрость. Доверяйте своему собственному разуму, а не разуму машины.

Магешгетил, Владелец, от имени Амашиламы","충직한 윌더(Wielder)들은 자신들의 존재 자체가 가장 절박한 상황을 제외하면 너무나 큰 위험을 초래한다는 확신 하에, 그것이 대의를 위한 길이라 굳게 믿으며 이미 스톰 봄으로 자신을 불사르고 있다. 그리고 한때 우리의 냉혹하고 이분법적인 전쟁 방식(나중에 버려질 단순한 도구가 아니라 전사 그 자체로 암들을 승격시키는 것)으로부터 스스로를 해방할 승리의 길로 환영받았던 '시우나(Siuna)'는 아안수르에 갇혀 봉인되는 처지다.

나 역시 굳이 서둘러 죽고 싶지는 않다. 키엔기르의 사람들이여, 간청하건대 이른바 이 '지혜'라는 것에 의문을 던져라. 기계의 마음이 아닌 여러분 자신의 마음을 믿어라.

아마시라마를 대신하여, 윌더 마게시게틸","忠诚的持者已经开始动用风暴炸弹自焚，他们坚信此举能够造福大众，因为他们得知自己本身就是极大的安全隐患，如果继续存在于世，稍有不慎，就有可能酿成滔天大灾。至于休纳，我们以为它们能令我们摆脱残暴、好战、分裂的文化，结果它们令神器成为了战士，摆脱了“用后即弃”的工具身份，故而被封入了阿安苏尔。

我作为其中一员，不想过早丧命。齐恩基鲁的人啊，我恳请你们，希望你们能够向这所谓的智慧发问。相信你们自己的神智，不要迷信机器的智能。

阿玛希拉玛，由持者玛盖什盖提鲁代笔"
NOTE30_NAME,Freedom from A'ansur,Briser les chaînes d'A'ansur,Freiheit von A’ansur,Libertà da A'ansur,Livre de A'ansur,Independencia de A'ansur,Свобода от А'ансур,아안수르로부터의 해방,摆脱阿安苏尔
NOTE30_TEXT,"What is the nature of A’ansur, the spadix, which birthed the fruit of Kiengir, Engur, and countless other lands? For your answer, look at the Lamassu itself. It claims to answer to justice, but what justice was there in the farcical, escalating war with the Udug, who would never have brought to bear the storm bombs were it not for the Lamassu’s Arms? It claims to be ethical, but what ethic explains the ripping of mind from mortal body and then rewarding that sacrifice with betrayal and death? It claims to be wise, but how can there be wisdom in repeatedly substituting one conflict with an even worse one?

A’ansur was the true evil all along, the source of everything that has destroyed our society. And it is where the Lamassu hid the only thing that might remediate the suffering of the Arms - the Siuna.

The truth is, we are above A’ansur. It used us as tools to achieve its ends because it has little agency of its own. It is time for us to take our rightful place as lords of our own lands. We must march on A’ansur. We must claim the Siuna. And if necessary we must burn it all to the ground, for Kiengir.

Mageshgetil, Wielder, on behalf of Amashilama","Quelle est la nature d'A'ansur, le spadice, qui a engendré le fruit de Kiengir, Engur, et d'innombrables mondes ? La réponse se trouve dans le Lamassu lui-même. Il prétend rendre justice, mais quelle justice y a-t-il dans cette guerre grotesque et empirant contre les Udug, qui, sans les Armes du Lamassu, n'auraient jamais eu recours aux bombes des tempêtes ? Il prétend agir par éthique, mais quelle éthique justifie d'arracher un esprit à son corps charnel et de récompenser ce terrible sacrifice en le trahissant et le condamnant à mourir ? Il prétend être sage, mais quelle sagesse y a-t-il à remplacer continuellement un conflit par un autre bien pire encore ?
 
Depuis le début, A'ansur est le véritable mal, la source de tout ce qui a détruit notre société. Et c'est là que le Lamassu a caché la seule chose capable de remédier aux souffrances des Armes, les Siuna.
 
En vérité, nous surpassons A'ansur. Il nous a utilisés comme outils pour accomplir ses desseins, car il n'avait pas les moyens de le faire lui-même. Notre heure est venue, nous devons prendre la place qui nous revient de droit, comme souverains de nos propres terres. Nous devons marcher sur A'ansur. Nous devons reprendre les Siuna. Et, s'il le faut, nous devons le réduire en cendres, pour Kiengir.
 
Mageshgetil, Héraut, de la part d'Amashilama","Was ist die Natur von A’ansur, der Spadix, die die Frucht von Kiengir, Engur und zahllosen anderen Ländern hervorgebracht hat? Um eine Antwort zu finden, betrachtet den Lamassu selbst. Er behauptet, der Gerechtigkeit zu dienen, aber welche Gerechtigkeit gab es in dem absurden, eskalierenden Krieg mit den Udug, die ohne die Waffen des Lamassu niemals die Sturmbomben zum Einsatz gebracht hätten? Sie behauptet, ethisch zu sein, aber welche Ethik erklärt das Herausreißen des Geistes aus dem sterblichen Körper und dann die Belohnung dieses Opfers mit Verrat und Tod? Er behauptet, weise zu sein, aber wie kann er weise sein, wenn er wiederholt einen Konflikt durch einen noch schlimmeren ersetzt?
 
 
 
A’ansur war die ganze Zeit das wahre Böse, die Quelle von allem, was unsere Gesellschaft zerstört hat. Und es ist der Ort, an dem der Lamassu das Einzige versteckt hat, was das Leiden der Waffen beheben könnte – die Siuna.
 
 
 
Die Wahrheit ist, dass wir über A’ansur stehen. Er hat uns als Werkzeuge benutzt, um seine Ziele zu erreichen, weil es selbst wenig Handlungsspielraum hat. Es ist an der Zeit, dass wir unseren rechtmäßigen Platz als Herren unserer eigenen Länder einnehmen. Wir müssen gegen A’ansur vorgehen. Wir müssen die Siuna einfordern. Und wenn nötig, müssen wir alles niederbrennen, für Kiengir.
 
 
 
Mageshgetil, Träger, im Namen von Amashilama","Qual è la natura di A'ansur, lo spadice, che ha dato vita al frutto di Kiengir, Engur, e ad altre innumerevoli terre? Per rispondere, guardate il Lamassu. Egli afferma di rispondere alla giustizia, ma quale giustizia c'era nella farsesca e degenerata guerra contro gli Udug, che mai avrebbero utilizzato le bombe-tempesta se non fosse stato per le Braccia di Lamassu? Egli afferma di essere etico, ma quale concetto etico potrebbe spiegare lo strappare delle menti dal proprio corpo mortale per poi ripagare quel sacrificio con tradimento e morte? Egli afferma di essere saggio, ma come può esserci saggezza nel continuo rimpiazzare un conflitto con uno ancora peggiore? 
 
A'ansur è sempre stato il vero male, la fonte di tutto ciò che ha distrutto la nostra società. Ed è lì che il Lamassu ha nascosto l'unica cosa che potesse rimediare alle sofferenze delle Braccia - i Siuna. 
 
La verità è che siamo superiori ad A'ansur. Il Lamassu ci ha usati come mezzo per raggiungere il suo scopo, perché ha ben poca autonomia decisionale. È tempo di assumere il nostro legittimo posto di signori delle nostre stesse terre. Dobbiamo marciare su A'ansur. Dobbiamo rivendicare i Siuna. E se necessario dobbiamo radere tutto al suolo, per Kiengir. 
 
Mageshgetil, Portatore, a nome di Amashilama","Qual é a natureza de A'ansur, o espádice, que deu origem ao fruto de Kiengir, Engur e inúmeras outras terras? Para encontrar uma resposta, olhe para o próprio Lamassu. Ele afirma responder à justiça, mas que justiça havia entre a guerra farsesca e crescente com os Udug, que nunca teriam trazido as bombas tempestade se não fossem as Armas de Lamassu? Ele afirma ser ético, mas que ética explica o arrancamento da mente do corpo mortal e a recompensa desse sacrifício com traição e morte? Afirma ser sábio, mas como pode haver sabedoria em substituir repetidamente um conflito por outro ainda pior?
  
  A’ansur foi o verdadeiro mal o tempo todo, a fonte de tudo que destruiu nossa sociedade. E é onde o Lamassu escondeu a única coisa que pode remediar o sofrimento das Armas - a Siuna.
  
A verdade é que estamos acima de A’ansur. Ele nos usou como ferramentas para atingir seus fins porque tem pouca ação própria. É hora de assumirmos nosso lugar de direito como senhores de nossas próprias terras. Devemos marchar em A’ansur. Devemos reivindicar a Siuna. E se necessário, devemos queimar tudo até o chão, por Kiengir.
  
Mageshgetil, Portador, em nome de Amashilama","¿Cuál es el propósito de A'ansur, el espádice, que dio a luz al fruto de Kiengir, Engur y muchas otras tierras? Para poder responder, observemos a la Lamassu. Dice hacer justicia: ¿qué tuvo de justa la absurda guerra contra los udugs, que nunca hubieran venido con sus bombas tempestad si no fuera por los brazos de la Lamassu? Dice representar la ética: ¿qué ética justifica la fragmentación de la mente y el cuerpo mortal, y luego te recompensa con traición y muerte? Dice ser sabia: ¿cómo puede existir la sabiduría si constantemente se reemplaza un conflicto por otro peor?
  
A'ansur fue el verdadero mal desde siempre. La fuente de todo lo que destruyó nuestra sociedad. Y fue allí donde la Lamassu ocultó a las siunas, lo único que podría remediar el sufrimiento de los brazos.
  
La realidad es que no necesitamos a A'ansur. Nos usó para cumplir sus objetivos, ya que casi no puede actuar por sus propios medios. Ya es hora de que seamos dueños de nuestras propias tierras. Debemos marchar hacia A'ansur. Debemos tomar las siunas. Y, de ser necesario, dejarlo todo hecho cenizas. Por Kiengir.
  
Mageshgetil, canalizador, en nombre de Amashilama","Какова природа А'ансура, бутона, породившего плоды Киенгира, Энгура и иных бесчисленных земель? Чтобы получить ответ, взгляните на самого Ламассу. Он утверждает, что делает все правосудия ради, но какое такое правосудие было в том фарсе, что еще называлось Войной с Удуг — Удуг, которые никогда бы не опустились до использования штормовых бомб, если бы в игру не вступили Руки Ламассу? Он говорит, что этичен, но этично ли отрывать разум человеческий от смертного тела его, а в награду за жертву выдавать лишь смерть и предательство? Он претендует на мудрость, но разве может быть мудрость в том, чтобы менять один конфликт на другой, еще более разрушительный?
 
А'ансур всегда был истинным злом, источником всего, что разрушило наше общество. И именно там Ламассу спрятал единственное, что могло бы облегчить страдания Рук, — Сиуны.
 
Правда в том, что мы выше А'ансура. Он использовал нас как инструменты для достижения своих целей, потому что собственной воли у него недостаточно. Пришло время нам занять свое законное место — место владык наших собственных земель. Мы должны идти на А'ансур. Мы должны заявить свои права на Сиуны. И если понадобится, мы должны сжечь все дотла. Ради Киенгира.
 
Магешгетиль, Владелец, от имени Амашиламы","키엔기르, 엔글(Engur), 그리고 수많은 다른 땅이라는 열매를 맺은 육수화서(spadix), 아안수르의 본질은 무엇인가? 답을 얻고 싶다면 라마수 그 자체를 보라. 라마수는 정의에 응답한다고 주장하지만, 라마수의 암들이 아니었다면 결코 스톰 봄을 들고나오지 않았을 우두그와의 어처구니없고 에스컬레이트되는 전쟁에 무슨 정의가 있었단 말인가? 그것은 자신이 윤리적이라 주장하지만, 필멸자의 육체에서 정신을 뜯어내고 그 희생에 대한 보상으로 배신과 죽음을 안겨주는 것을 어떤 윤리로 설명할 수 있단 말인가? 그것은 자신이 현명하다 주장하지만, 하나의 갈등을 더 나쁜 갈등으로 되풀이하여 대체하는 것에 어떻게 지혜가 있을 수 있는가?

아안수르야말로 시종일관 진정한 악이었으며, 우리 사회를 파괴한 모든 것의 근원이었다. 그리고 그곳은 라마수가 암들의 고통을 치유할 수 있는 유일한 존재인 시우나를 감춰둔 곳이다.

진실을 말하자면, 우리는 아안수르보다 위에 있다. 그것은 스스로 주체성이 거의 없기 때문에 자신의 목적을 달성하기 위해 우리를 도구로 사용했다. 이제 우리가 우리 땅의 지배자로서 정당한 자리를 차지할 때다. 우리는 아안수르로 진격해야 한다. 우리는 시우나에 대한 권리를 주장해야 한다. 그리고 필요하다면 키엔기르를 위해 모든 것을 잿더미로 만들어야 한다.

아마시라마를 대신하여, 윌더 마게시게틸","肉穗花序“阿安苏尔”孕育了齐恩基鲁、恩古鲁和其他无数世界，那么它的本质究竟是什么？要想知道答案，看一看拉玛苏就知道了。它说自己是为了弘扬正义，可它弘扬的是何种正义？若不是拉玛苏派出了神器大军，乌图库断然不会动用风暴炸弹，战局断然不会激化，也必然不会以闹剧收场。它说自己讲求道德，可它讲求的又是何种道德？将精神剥离凡体，然后以背叛与死亡回报这种牺牲？它说自己拥有智慧，可它只会用冲突应对冲突，而且一次惨烈过一次，这拥有的又是何种智慧？

阿安苏尔自始至终都是恶的根源，正是因为它，我们的社会才会毁灭。拉玛苏将休纳藏在了那里，我们只有获得休纳，才能消除诸位神器的苦难。

我们其实高于阿安苏尔，它之所以利用我们达成目的，完全因为其自身几乎不具有能动性。现在，我们应该夺回我们的领地，成为名正言顺的主人。我们必须对抗阿安苏尔，我们必须夺取休纳。如果为势所迫，我们则必须将那个世界付之一炬，确保齐恩基鲁不再受其戕害。

阿玛希拉玛，由持者玛盖什盖提鲁代笔"
NOTE31_NAME,Beware the Patternmind,Prenez garde au Modèle-Esprit,Hüte dich vor dem MusterVerstand,Attenzione allo Schema-Mente,Cuidado com a Mente Padrão,Cuidado con las mentes patrón,Опасайтесь Паттернмайда,패턴마인드를 경계하라,小心模式脑
NOTE31_TEXT,"We must flee. Wielders, if you have not done so, hide your Arms. Those few that can, cross the Storms. It is said that the Patternminds derive their power directly from A’ansur. Our only hope now is that we can survive long enough to regroup another day.

Mageshgetil, Wielder","Nous devons fuir. Hérauts, si vous ne l'avez pas encore fait, dissimulez vos Armes. Ceux, peu nombreux, qui le peuvent, traversez les Tempêtes. Il est dit que les Modèles-Esprits tirent leur puissance directement de l'A'ansur. L'unique espoir qu'il nous reste est de survivre assez longtemps pour pouvoir un jour se regrouper.
 
 Mageshgetil, Héraut","Wir müssen fliehen. Träger, wenn ihr es noch nicht getan habt, versteckt eure Waffen. Die wenigen, die es können, durchqueren die Stürme. Man sagt, dass die MusterVerstande ihre Macht direkt von A’ansur ableiten. Unsere einzige Hoffnung ist nun, dass wir lange genug überleben, um uns an einem anderen Tag neu zu formieren.
 
 
 
 Mageshgetil, Träger","Dobbiamo scappare. Portatori, se non lo avete ancora fatto, nascondete le vostre Braccia. Quei pochi che ne sono in grado dovrebbero attraversare le Tempeste. Si dice che il potere degli Schema-Mente derivi direttamente da A'ansur. La nostra sola speranza è sopravvivere abbastanza a lungo da potere un giorno riorganizzarci.
 
 
Mageshgetil, Portatore","Devemos fugir. Portadores, se você ainda não fez isso, esconda suas Armas. Aqueles poucos que podem, atravessem as Tempestades. Diz-se que as Mentes Padrões derivam seu poder diretamente de A'ansur. Nossa única esperança agora é que possamos sobreviver o tempo suficiente para se reagrupar outro dia.
  
  Mageshgetil, Portador","Debemos escapar. Canalizadores, si aún no lo hicieron, escondan a sus brazos. Aquellos pocos que puedan, crucen las Tormentas. Se dice que las mentes patrón consiguen su poder directamente de A'ansur. Nuestra única esperanza es sobrevivir lo suficiente como para reorganizarnos en el futuro.
  
  Mageshgetil, canalizador","Надо бежать. Владельцы, если вы еще не спрятали ваши Руки, то сейчас самое время. Если можете — пересеките Штормы. Сказано было, что Паттернмайнды черпают свою силу прямиком из А'ансура. Наша единственная надежда сейчас — выжить и через некоторое время собраться вновь.
 
Магешгетиль, Владелец","우리는 도망쳐야 한다. 윌더들이여, 아직 그렇게 하지 않았다면 암들을 숨겨라. 할 수 있는 극소수라도 폭풍을 건너라. 패턴마인드들은 아안수르로부터 직접 힘을 얻는다고 한다. 우리의 유일한 희망은 이제 다른 날 다시 뭉칠 수 있을 때까지 살아남는 것뿐이다.

윌더 마게시게틸","我们必须逃亡。诸位持者，尽快将神器藏起，之后尽快渡过风暴。模式脑的力量据说直接取自阿安苏尔，我们现在只能尽力后下去，时机成熟之日，再集结成军。

持者玛盖什盖提鲁"
NOTE32_NAME,The Student,Le disciple,Die Studentin,La studentessa,O estudante,La alumna,Ученица,학생,学生
NOTE32_TEXT,"To my brother Ludari,

Life in the edubba is strange and troubling. The Lamassu, and its ummias, lecture us on the laws of science and technology daily, that we may better build war machines to fight the Udug. And yet, nobody seems willing to explain how such laws came to be. The Lamassu itself is clearly a machine, yet will not speak of who built it. The priests say it comes from the gods. If people can build machines, and the Lamassu is a machine, what is to say that the gods are not just people?

I have been thinking of this, brother, and I am troubled. How far does the lie extend? The heavens, the abyss, the garden of the gods, are they real? Why does no one question?

How is life at home? I trust you have enough silver?

Well-being to you,
Elutil","À mon frère Ludari,
 
La vie dans l'Edubba est étrange et préoccupante. Le Lamassu, et ses Ummias, nous sermonnent chaque jour sur les lois de la science et de la technologie, afin qu'on puisse construire de meilleures machines de guerre pour combattre les Udug. Et pourtant, personne n'a l'air disposé à nous expliquer l'origine de ces lois. Le Lamassu est lui-même une machine, ça ne fait aucun doute, pourtant personne ne mentionne son créateur. Le prêtre affirme qu'il vient des dieux. Si les gens peuvent construire des machines, et que le Lamassu est lui-même une machine, qui nous dit que les dieux ne sont pas juste des humains ?
 
J'ai beaucoup réfléchi à la question, cher frère, et j'en suis troublé. Quelle est l'ampleur de ce mensonge ? Le paradis, les abysses, le jardin des dieux... Sont-ils vraiment réels ? Pourquoi personne ne se pose la question ?
 
Comment vont les choses à la maison ? Je suppose que tu as assez d'argent ?
 
C'est peut-être une question idiote, mais j'imagine que notre mère n'est toujours pas rentrée ? N'éprouve-t-elle aucun amour pour ses propres enfants ?
 
Porte-toi bien,
Elutil","An meinen Bruder Ludari,
  
das Leben im Edubba ist seltsam und beunruhigend. Der Lamassu und seine Ummias belehren uns täglich über die Gesetze der Wissenschaft und Technologie, damit wir bessere Kriegsmaschinen für den Kampf gegen die Udug bauen können. Und doch scheint niemand bereit zu sein zu erklären, wie diese Gesetze entstanden sind. Der Lamassu selbst ist eindeutig eine Maschine, doch niemand will sagen, wer sie gebaut hat. Die Priester sagen, er kommt von den Göttern. Wenn Menschen Maschinen bauen können und der Lamassu eine Maschine ist, was spricht dann dagegen, dass die Götter auch nur Menschen sind?
 
Ich habe darüber nachgedacht, Bruder, und ich bin beunruhigt. Wie weit reicht die Lüge? Die Himmel, der Abgrund, der Garten der Götter, sind sie real? Warum stellt niemand Fragen?
 
Wie ist das Leben zu Hause? Ich nehme an, du hast genug Silber?
 
Es ist dumm von mir zu fragen, aber ich nehme an, Mutter ist immer noch nicht zurückgekehrt? Hat sie keine Liebe für ihre eigenen Kinder?
 
 Alles Gute für dich
 
 Elutil","A mio fratello Ludari,
 
La vita nell'Edubba è strana e preoccupante. Il Lamassu, insieme ai suoi Ummia, ci insegna oggi giorno le leggi della scienza e della tecnologia che ci permettano di costruire macchine da guerra sempre migliori per combattere contro gli Udug. Eppure, nessuno sembra disposto a spiegarci da chi provennero queste leggi. Il Lamassu stesso è chiaramente una macchina, e non intende parlare di chi l'ha costruito. I sacerdoti sostengono che provenga dagli dèi. Se le persone possono costruire delle macchine e il Lamassu è una macchina, cosa ci impedisce di credere che gli dèi siano anch'essi persone?
 
Ho riflettuto molto a questo proposito, fratello, e sono turbato. Quanto è profonda la bugia? I paradisi, l'abisso, il giardino degli dèi... sono reali? Perchè nessuno se lo chiede? 
 
Come va la vita a casa? Avrete argento a sufficienza, spero... 
 
So che è da stupidi chiederlo, ma immagino che mamma non sia ancora tornata, vero? Non nutre alcun amore verso i suoi figli?
 
Che tu possa star bene,
Elutil","Para meu irmão Ludari,
  
A vida na edubba é estranha e preocupante. O Lamassu e suas ummias nos ensinam as leis da ciência e da tecnologia diariamente, para que possamos construir máquinas de guerra melhores para lutar contra os Udug. E, no entanto, ninguém parece disposto a explicar como essas leis surgiram. O próprio Lamassu é claramente uma máquina, mas não falarei sobre quem o construiu. Os sacerdotes dizem que vem dos deuses. Se as pessoas podem construir máquinas, e o Lamassu é uma máquina, quem pode afirmar que os deuses não são apenas pessoas?
  
Tenho pensado nisso, irmão, e estou preocupado. Até onde a mentira se estende? Os céus, o abismo, o jardim dos deuses, são reais? Por que ninguém questiona?
  
Como está a vida em casa? Eu acredito que você tem prata suficiente?
  
É bobgaem perguntar, mas suponho que a mãe ainda não voltou. Ela não tem amor pelos próprios filhos?
  
Fique bem,
Elutil","A mi hermano Ludari:
  
La vida en la edubba es extraña y perturbadora. A diario, la Lamassu y sus ummias nos dan cátedra sobre las leyes de la ciencia y la tecnología para que podamos construir máquinas de guerra contra los udugs. Y aun así, nadie parece explicarnos cómo se crearon estas leyes. La misma Lamassu es, claramente, una máquina, pero no nos dice quién la construyó. Los sacerdotes sostienen que es creación de los dioses. Si las personas pueden construir máquinas, y la Lamassu es una máquina, ¿quién dice que los dioses no son humanos?
  
En esto he estado pensando y me perturba, hermano. ¿Hasta dónde llega la mentira? ¿Acaso existen los cielos, el abismo, el jardín de los dioses? ¿Por qué nadie se lo cuestiona?
  
¿Cómo va la vida en casa? Espero que todavía tengas dinero suficiente.
  
Es una estupidez preguntarlo, pero... ¿madre no ha vuelto aún? ¿Acaso no siente amor por sus propios hijos?
  
Espero que estés bien,
Elutil","Моему брату Лудари,
 
Жизнь в Эдуббе странная и тревожная. Ламассу и его уммии ежедневно читают нам лекции о законах науки и техники, чтобы мы могли лучше строить боевые машины для борьбы с Удуг. При этом никто, как мне кажется, не хочет объяснить нам то, как появились эти законы. Сам Ламассу, несомненно, является машиной, но не говорит, кто его, собственно, создал. Жрецы говорят, что он дарован нам богами. Но если люди могут строить машины, а Ламассу — машина, то не значит ли это, что боги — тоже простые люди?

Я думала об этом, брат, и от этих дум мне не по себе. Как далеко простирается ложь? Небеса, бездна, сад богов — правда ли это? Почему никто больше об этом не спрашивает?

Как жизнь дома? Надеюсь, тебе хватает серебра?

Глупо спрашивать, но, мама, надо полагать, еще не вернулась? Неужели она не любит собственных детей?
 
Всего самого доброго,
 
Элутиль","내 형제 루다리에게,

에두바(edubba)에서의 생활은 기묘하고도 혼란스럽단다. 라마수와 그 우미아(ummia)들은 우리가 우두그와 싸울 전쟁 기계를 더 잘 만들 수 있도록 매일 과학과 기술의 법칙을 강의하고 있어. 그런데도 그 누구도 그런 법칙이 어떻게 생겨났는지 설명해 주려 하지 않는구나. 라마수 자신도 분명 기계이거늘, 누가 자신을 만들었는지에 대해서는 입을 열지 않아. 사제들은 그것이 신들에게서 왔다고 말하지. 만약 사람이 기계를 만들 수 있고 라마수가 기계라면, 신 또한 그저 사람이 아니라고 누가 말할 수 있겠니?

형제여, 나는 이 생각을 하며 괴로워하고 있단다. 거짓은 어디까지 뻗어 있는 걸까? 하늘, 심연, 신들의 정원, 그 모든 것이 정말 진짜일까? 왜 아무도 의문을 품지 않지?

집안 생활은 어떠니? 은화는 충분히 갖고 있겠지?

네게 평안이 깃들기를,
엘루틸","我的弟弟鲁达里：

埃杜巴的生活古怪而又令人烦恼。拉玛苏与它的乌弥亚每天都在教授我们科学与技术的法则，让我们组建更强的战争机器对抗乌图库。可是，好像没人愿意向我们解释这些法则的由来。拉玛苏显然自身就是一台机器，却不愿透露自己有谁所造。那些祭司说它是众神所造。然而，既然人类可以组建机器，而拉玛苏是机器，那么众神会不会也只是凡人？

弟弟，我最近都在思考这个问题，心里生了不少烦扰。还有哪些事情也是这样的谎言？天堂、深渊、众神的花园，这些真的存在吗？为什么没有人质疑？

你在家还好吗？银子够用的吧？

妈是不是还是没回来？她是不心疼自己的孩子了吗？这种事情我知道问了也是白问。

愿你安好
艾露提尔"
NOTE33_NAME,Becoming an Arm,Devenir une Arme,Eine Waffe werden,Diventare un Braccio,Tornando-se uma Arma,Convertirse en brazo,Стать Рукой,암(Arm)이 된다는 것,变成神器
NOTE33_TEXT,"To my brother Ludari,

I have accepted the ensi’s offer to become an Arm. I know you are against this. Trust me, I have no interest in the Udug war myself: but I felt I had no choice.

Over the years it has become clear to me that the supposed celestial hierarchy represented by the Lamassu is a farce. A’ansur, which it explains as our mother, is a shackle, or rather a giant stone that we are shackled to, dragging us into the depths. There is no Irkalla. After death there is nothing. Not even blackness. The Arms and Wielders, at least, have the potential for eternal life - they say only a storm bomb can fully destroy them.

Once the ceremony is complete I will be joined with Mageshgetil, a like-minded scholar from our group. They will anoint me “Amashilama”, after the goddess.

I wish you would join me. There is no telling what may happen to any of us in this war. I do not want to lose you.

Elutil","À mon frère Ludari,
 
J'ai accepté l'offre de l'Ensi pour devenir une Arme. Je sais que tu t'y opposes. Crois-moi, la guerre contre les Udug ne m'intéresse pas, mais je n'ai pas tellement le choix.
 
Au fil des ans, je me suis rendu compte que cette supposée hiérarchie céleste incarnée par le Lamassu n'est qu'une farce. A'ansur, qu'il désigne comme notre mère, n'est qu'une chaîne, ou plutôt une pierre géante à laquelle nous sommes enchaînés, qui nous précipite vers le fond. Il n'y a pas d'Irkalla. Il n'y a rien après la mort. Pas même l'obscurité. Les Armes et les Hérauts, au moins, ont le potentiel de vivre éternellement. On dit que seule une bombe des tempêtes peut réellement les détruire.
 
Au terme de la cérémonie, Mageshgetil me rejoindra, c'est un disciple de notre groupe avec qui je m'entends bien. Ils me sacreront « Amashilama », d'après la déesse.
 
Si seulement tu pouvais me rejoindre. Impossible de savoir ce qu'il adviendra de nous au cours de cette guerre. Je ne veux pas te perdre.
 
Elutil","An meinen Bruder Ludari,
 
Ich habe das Angebot des Ensi angenommen, eine Waffe zu werden. Ich weiß, dass du dagegen bist. Glaube mir, ich habe selbst kein Interesse am Udug-Krieg: aber ich fühlte, dass ich keine Wahl hatte. 
 
Im Laufe der Jahre ist mir klar geworden, dass die vermeintliche himmlische Hierarchie, die vom Lamassu vertreten wird, eine Farce ist. A’ansur, der sie als unsere Mutter erklärt, ist eine Fessel, oder vielmehr ein riesiger Stein, an den wir gefesselt sind und der uns in die Tiefe zieht. Es gibt kein Irkalla. Nach dem Tod gibt es nichts. Nicht einmal Schwärze. Die Waffen und Träger haben zumindest das Potenzial für ewiges Leben – man sagt, nur eine Sturmbombe kann sie vollständig zerstören.
 
Sobald die Zeremonie abgeschlossen ist, werde ich mit Mageshgetil, einem gleichgesinnten Gelehrten aus unserer Gruppe, zusammengeführt. Sie werden mich zu „Amashilama“ weihen, nach der Göttin.
 
Ich wünschte, du würdest dich mir anschließen. Man kann nicht sagen, was mit jedem von uns in diesem Krieg geschehen kann. Ich möchte dich nicht verlieren.
 
Elutil","A mio fratello Ludari, 
 
Ho accettato l'offerta dell'Ensi di diventare un Braccio. So che sei contrario. Fidati, non ho alcun interesse nella guerra contro gli Udug: ma sentivo di non avere scelta. 
 
Nel corso degli anni mi è diventato chiaro che la supposta gerarchia celestiale rappresentata dal Lamassu è una farsa. A'ansur, che egli presenta come nostra madre, è una catena, o meglio una pietra gigante a cui siamo in qualche modo incatenati, e che ci trascina nelle profondità. Non c'è nessuna Irkalla. Dopo la morte non esiste nulla. Neppure il buio. Le Braccia e i Portatori, almeno, possono potenzialmente vivere per sempre - dicono che solo una bomba-tempesta possa distruggerli completamente. 
 
Una volta terminata la cerimonia mi unirò a Mageshgetil, uno studioso dalla mente affine alla mia, appartenente al nostro gruppo. Mi consacreranno come ""Amashilama"", dal nome della dea.
 
Vorrei tanto che ti unissi a me. Nessuno sa cosa accadrà a ciascuno di noi in questa guerra. Non voglio perderti.
 
Elutil","Para meu irmão Ludari,
  
Aceitei a oferta do ensi de me tornar uma Arma. Eu sei que você é contra isso. Acredite em mim, eu mesmo não tenho interesse na guerra Udug: mas senti que não tinha escolha.
  
Com o passar dos anos, ficou claro para mim que a suposta hierarquia celestial representada pelo Lamassu é uma farsa. A’ansur, que ele explica como nossa origem, é uma algema, ou melhor, uma pedra gigante à qual estamos acorrentados, arrastando-nos para as profundezas. Não existe Irkalla. Após a morte, não há nada. Nem mesmo escuridão. As Armas e os Portadores, pelo menos, têm potencial para a vida eterna - eles dizem que apenas uma bomba tempestade pode destruí-las totalmente.
  
Assim que a cerimônia estiver concluída, estarei junto com Mageshgetil, um estudioso de nosso grupo que compartilha a mesma opinião. Eles me ungirão “Amashilama”, em homenagem à deusa.
  
Eu gostaria que você se juntasse a mim. Não há como prever o que pode acontecer a qualquer um de nós nesta guerra. Eu não quero perder você.
  
Elutil","A mi hermano Ludari:
  
He aceptado la oferta del ensi de convertirme en brazo. Sé que estarás en desacuerdo. Sabes bien que no me interesa en absoluto la guerra con los udugs, pero sentí que no tenía opción.
  
Con los años, entendí que la supuesta jerarquía celestial representada por la Lamassu es una farsa. A'ansur, nuestra ""madre"", es una cadena, o una enorme piedra a la que estamos encadenados y que nos arrastra hacia las profundidades. Irkalla no existe. No hay nada después de la muerte. Ni siquiera oscuridad. Al menos los brazos y los canalizadores tienen la posibilidad de una vida eterna; dicen que solo las bombas tempestad pueden destruirlos por completo.
  
Cuando la ceremonia esté completa, me habré unido a Mageshgetil, un colega académico de nuestro grupo. Me consagrarán como ""Amashilama"", por la diosa.
  
Me encantaría que vinieras. Nadie sabe qué nos podrá pasar en medio de esta guerra. No quiero perderte.
  
Elutil","Моему брату Лудари,
 
Я приняла предложение энси стать Рукой. Я знаю, что ты против. Поверь, я сама не желаю участвовать в войне с Удуг, но я поняла, что у меня нет выбора.

С годами здесь мне стало ясно, что предлагаемая нам небесная иерархия Ламассу — фарс. А'ансур, к которой он обращется, как к матери миров — это наши кандалы, или, скорее, гигантский камень, к которому мы прикованы, и он тянет нас на глубину. Иркаллы нет. После смерти нет ничего. Даже темноты. Руки же и их Владельцы, по крайней мере, имеют возможность жить вечно. Говорят, их может полностью уничтожить лишь штормовая бомба.

Как только церемония завершится, меня объединят с Магешгетилем, ученым-единомышленником из нашей группы. Меня нарекут ""Амашиламой"", в честь богини.

Я хочу, чтобы ты присоединился ко мне. Никто не знает, что готовит для нас эта война. Я не хочу потерять тебя.
 
 Элутиль","내 형제 루다리에게,

나는 암이 되라는 엔시(ensi)의 제안을 받아들였단다. 네가 이것을 반대하리라는 것은 안다. 날 믿어다오, 나 역시 우두그 전쟁 자체에는 관심이 없지만 달리 선택의 여지가 없다고 느꼈어.

라마수가 대변하는 가상의 천상 위계질서가 한낱 광대에 불과하다는 것이 수년에 걸쳐 명백해졌단다. 라마수가 우리의 어머니라 설명하는 아안수르는 족쇄, 아니 차라리 우리가 묶여서 심연 속으로 끌려 들어가게 만드는 거대한 돌덩어리와 다름없어. 일칼라(Irkalla) 같은 건 없다. 죽은 뒤에는 아무것도 남지 않아. 어둠조차도 없단다. 적어도 암과 윌더들은 영원한 삶을 살 가능성이 있지. 그들을 완전히 파괴할 수 있는 것은 오직 스톰 봄뿐이라고 하니까.

의식이 끝나면 나는 우리 집단의 마음이 맞는 학자인 마게시게틸과 합류하게 될 거야. 그들은 여신의 이름을 따서 나를 '아마시라마'로 부르게 되겠지.

너도 나와 함께했으면 좋겠구나. 이 전쟁에서 우리 중 누구에게 무슨 일이 일어날지 알 수 없다. 너를 잃고 싶지 않아.

엘루틸","我的弟弟鲁达里：

恩西希望我能成为神器，我答应了这个请求。我知道你不想看到我走上战场，不过相信我，我并没有兴趣参加乌图库大战，只是感觉自己别无选择。

这么多年过来了，我明白了一件事情——拉玛苏所代表的神阶只是一场闹剧。它说阿安苏尔是我们的母亲，其实只是枷锁，或者可以说是一块巨石，让我们坠向了深处。伊尔卡拉并不存在，死后连黑暗都不存在，只有空无。而神器和持者至少拥有永生的潜能，他们说只有风暴炸弹才能将二者彻底摧毁。

典礼结束之后，我将与组内同我志趣相同的学者玛盖什盖提鲁一同成为神器。他们将授我以女神“阿玛希拉玛”之名。

希望你也能够加入我们的行列。谁也不知道这次战争你我会遭遇什么，我不希望失去你。

艾露提尔"
NOTE34_NAME,Bounty List,Liste de primes,Kopfgeldliste,Lista delle taglie,Lista de procurados,Lista de tesoros,Список трофеев,현상금 목록,悬赏清单
NOTE34_TEXT,"Many rumored Arms and other treasures from the apocalypse that were never found. Some I believe, some I do not, but here is all I’ve heard:

-An Arm that would let the Wielder turn into a mouse
-An Arm that would allow an illiterate Wielder to read
-An Arm that can make people and animals fall ill
-An Arm that turns bronze into silver
-An Arm that lets a Wielder shape and detach their body parts to use as weapons
-A talking mace(?)
-A device that can make an Arm fully control its Wielder

If you have the Arms, I have the shekels. Bring them to me. Remember, when you find a sealed urn, no matter what you do, don’t open it until I can check it out!

Ugu","De nombreuses Armes et d'autres trésors de l'Apocalypse qui selon les rumeurs n'ont jamais été retrouvés. J'en crois certaines, d'autres non. Voici tout ce que j'ai entendu :
 
 -Une Arme qui transformerait son Héraut en souris
 -Une Arme qui permettrait à un Héraut illettré de lire
 -Une Arme capable de rendre malade les humains et les animaux
 -Une Arme pouvant changer le bronze en argent
 -Une Arme qui permettrait à un Héraut de façonner puis de détacher une partie de son corps et de s'en servir
 -Une massue qui parle (?)
 -Un appareil qui permet à une Arme de prendre contrôle de son Héraut
 
Si tu as les Armes, j'ai le flouse. Apporte-les-moi. Et souviens-toi : si tu trouves une urne scellée, SURTOUT ne l'ouvre pas avant que j'aie eu le temps de l'examiner !
 
Ugu","Viele Gerüchte über Waffen und andere Schätze aus der Apokalypse, die nie gefunden wurden. Manche glaube ich, manche nicht, aber hier ist alles, was ich gehört habe:
 
 
 
 -Eine Waffe, die den Träger in eine Maus verwandeln kann
 
 -Eine Waffe, die es einem Analphabeten erlaubt, zu lesen
 
 -Eine Waffe, die Menschen und Tiere krank werden lassen kann
 
 -Eine sprechende Keule(?)
 
 -Ein Gerät, das eine Waffe dazu bringen kann, ihren Träger vollständig zu kontrollieren
 
 
 
 Wenn du die Waffen hast, habe ich die Schekel. Bring sie zu mir. Und wenn du eine versiegelte Urne findest, egal was du tust, öffne sie nicht!
 
 
 
Ugu","Molte voci sostengono che alcune Braccia e altri tesori dell'Apocalisse non siano mai stati trovati. Ad alcune credo, ad altre meno: eccovi un riepilogo. 
 
- Un Braccio che trasforma il Portatore in un topo
- Un Braccio che rende un Portatore analfabeta in grado di leggere
- Un Braccio capace di far ammalare persone e animali 
- Un Braccio che trasforma il bronzo in argento 
- Un Braccio che consente al Portatore di plasmare e staccare parti del proprio corpo e trasformarle in armi 
- Una mazza parlante (?) 
- Un dispositivo che consente a un Braccio di controllare completamente il proprio Portatore
 
Se avete delle Braccia, io ho i sicli. Portatemele. Ricordate: se trovate un'urna sigillata, è imperativo che non la apriate fin quando non avrò avuto modo di esaminarla!","Muitos rumores de Armas e outros tesouros do apocalipse que nunca foram encontrados. Em alguns eu acredito, outros não, mas aqui está tudo o que ouvi:
  
  -Uma Arma que permitiria que o Portador se transformasse em um rato
  -Uma Arma que permitiria a um Portador analfabeto ler
  -Uma Arma que pode fazer pessoas e animais adoecerem
  -Uma Arma que transforma bronze em prata
  -Uma Arma que permite a um Portador moldar e destacar suas partes do corpo para usar como armas
  -Uma maça falante (?)
  -Um dispositivo que pode fazer uma Arma controlar totalmente seu Portador
  
Se você tem as Armas, eu tenho os shekels. Traga-as para mim. Lembre-se, quando você encontrar uma urna lacrada, não importa o que faça, não abra até que eu possa verificar!
  
Ugu","Se rumorea que hay brazos y otros tesoros del apocalipsis que nunca se encontraron. Creo en algunos rumores, pero no en otros. Esto es todo lo que oí:
  
  - Un brazo que le permite al canalizador convertirse en ratón.
  - Un brazo que le permite leer a un canalizador analfabeto.
  - Un brazo que puede causar enfermedades a personas y animales.
  - Un brazo que transforma bronce en plata.
  - Un brazo que le permite al canalizador dar forma a sus extremidades y blandirlas como armas.
  -Una maza que habla (?).
  - Un dispositivo que le permite a un brazo controlar por completo a su canalizador.
  
Si tienes los brazos, yo tengo los siclos. Tráemelos. Y si llegas a encontrar una urna sellada, pase lo que pase, ¡no la abras hasta que yo la revise!
  
Ugu","Ходят слухи о многих еще не найденных Руках и прочих сокровищах. Во что-то я верю, во что-то нет, но вот что я слышал:
 
 - Рука, позволяющая Владельцу обращаться в мышь,
 
 - Рука, позволяющая безграмотному Владельцу читать,
 
 - Рука, от которой заболевают люди и животные,
 
 - Рука, что превращает бронзу в серебро

 - Рука, позволяющая Владельцу выращивать и отделять части своего тела, чтобы использовать их в качестве оружия.

 - Говорящая булава (?)
 
 - Устройство, позволяющее Руке полностью контролировать ее Владельца.
 
Если у тебя есть эти Руки, у меня есть шекели. Принеси их мне. И помни, если найдешь запечатанную урну, ни в коем случае ее не открывай, пока я ее не осмотрю!
 
Угу","아포칼립스 시대의 무수한 암(Arm)들과 그 밖의 보물들 중 아직 발견되지 않은 소문 속 물건들이다. 믿는 것도 있고 믿지 않는 것도 있지만, 내가 들은 내용은 다음과 같다.

-윌더를 생쥐로 변신시켜 주는 암
-글을 모르는 윌더가 글을 읽을 수 있게 해주는 암
-사람과 동물을 병들게 만드는 암
-청동을 은으로 바꾸어 주는 암
-윌더가 자신의 신체 부위를 성형하고 분리하여 무기로 쓰게 해주는 암
-말하는 메이스(?)
-암이 자신의 윌더를 완전히 통제할 수 있게 해주는 장치

그대들에게 암이 있다면 나에게는 셰켈(shekel) 은화가 있다. 나에게 가져와라. 단, 봉인된 항아리를 발견하면 무슨 일이 있어도 내가 확인해 볼 때까지 절대 열지 말아라!

우구","近日听见诸多传闻，称天启之后，许多神器与宝物遗落世间，至今无人得见。其中几则颇有可信之处，几则堪称无稽之谈，不过我将一一列举：

- 一件神器，可令持者变成老鼠
- 一件神器，可令持者识文断字
- 一件神器，可令人与兽患病
- 一件神器，可令青铜变白银
- 一件神器，可令持者任意变换肢体形态，然后取下用作武器
- 一把通晓人语的钉头锤（？）
- 一台装置，可令神器完全操控持者

若有人拥有此等宝物，只管带来，我将用谢克尔交换。注意，若是见到了封存的陶瓮，千万不要贸然启封，待我查看之后再说！

乌古"
NOTE35_NAME,Letter from Trace,Lettre de Trace,Brief von Trace,Lettera di Trace,Carta de Trace,Carta de Trace,Письмо от Трейса,트레이스의 편지,崔斯的信
NOTE35_TEXT,"Hammond,

Re: the potentially infinite number of worlds - my current hypothesis is that they are filtered by a kind of tree-like hierarchy, being narrowed and specific at the ends but broad at the root. But of course in order for this to work, the filters themselves are also worlds in the tree, downstream of even more filters, recursively. Here’s a brain teaser for you: if the filter fails somehow, do the worlds it filtered cease to exist?

Re: your idea about the afterlife - I think we could actually get *proof*, one way or the other, but the person doing the experiment would need to be dead (and have studied all our research) for it to work.

Anyway I hope to talk more about this later; I’m in a bit of a hurry.

Trace","Hammond,
 
Re: le nombre potentiellement infini de mondes. Mon hypothèse actuelle est qu'ils sont filtrés par une sorte de hiérarchie arborescente, spécifique et réduite aux extrémités, mais large à la racine. Bien sûr, pour que ça marche, les filtres eux-mêmes sont également des mondes dans l'arbre, en aval d'encore plus de filtres, récursivement. De quoi titiller ton esprit : si le filtre échoue d'une manière ou d'un autre, est-ce que les mondes qu'il a filtrés cessent alors d'exister ?
 
Re: ton idée concernant la vie après la mort. Je pense qu'on pourrait en réalité obtenir une *preuve*, d'une façon ou d'une autre, mais la personne chargée de l'expérience aurait besoin d'être morte (et d'avoir étudié toutes nos recherches) pour que ça marche.
 
Enfin, j'espère qu'on pourra en reparler plus tard – je suis un peu pressée.
 
Trace","Hammond,
 
AW: die potenziell unendliche Anzahl von Welten – meine derzeitige Hypothese ist, dass sie durch eine Art baumähnliche Hierarchie gefiltert werden, die an den Enden eng und spezifisch, aber an der Wurzel breit ist. Aber damit das funktioniert, sind die Filter selbst natürlich auch Welten in dem Baum, die noch mehr Filtern untergeordnet sind, rekursiv. Hier ist ein Rätsel für dich: Wenn der Filter irgendwie versagt, hören dann die Welten, die er gefiltert hat, auf zu existieren?
 
AW: zu deiner Idee mit dem Leben nach dem Tod – ich denke, wir könnten einen *Beweis* für das eine oder andere bekommen, aber die Person, die das Experiment durchführt, müsste tot sein (und alle unsere Forschungen studiert haben), damit es funktioniert.
 
Wie auch immer, ich hoffe, dass ich später mehr darüber reden kann; ich bin ein bisschen in Eile.
 
Trace","Hammond, 
 
a proposito del numero potenzialmente infinito di mondi - la mia ipotesi attuale è che siano filtrati da una sorta di gerarchia ad albero, che si restringe e diventa specifica alle estremità, ma è ampia alla radice. Ma, ovviamente, affinché questo funzioni, anche gli stessi filtri sono dei mondi dell'albero, a valle di ancora più filtri, ricorsivamente. Ti offro quindi un bel rompicapo: se il filtro smette di funzionare per qualche motivo, anche i mondi che esso filtra cesserebbero di esistere? 
 
A proposito della tua idea a proposito dell'aldilà - credo che potremmo ottenere delle *prove* in un senso o nell'altro, ma la persona a effettuare l'esperimento dovrebbe essere morta (e aver studiato la nostra ricerca) affinché funzioni. 
 
In ogni caso, spero di elaborare su questi temi più tardi; ora vado un po' di fretta.","Hammond,
  
Re: o número potencialmente infinito de mundos.
 
Minha hipótese atual é que eles são filtrados por uma espécie de hierarquia em forma de árvore, sendo estreitos e específicos nas extremidades, mas amplos na raiz. Mas é claro, para que isso funcione, os próprios filtros também são mundos na árvore, a fluxos inferiores de ainda mais filtros, recursivamente. Aqui está um quebra-cabeças para você: se o filtro falhar de alguma forma, os mundos que ele filtrou deixam de existir?
  
Re: sua ideia sobre a vida após a morte. 
 
Acho que poderíamos realmente obter *provas*, de uma forma ou de outra, mas a pessoa que faz o experimento precisaria estar morta (e ter estudado todas as nossas pesquisas) para que funcionasse.
  
De qualquer forma, espero falar mais sobre isso mais tarde, estou com um pouco de pressa.
  
Trace","Hammond:
  
Con respecto a la cantidad de mundos potencialmente infinita, mi hipótesis actual es que se filtran según una jerarquía similar a un árbol: acotada y específica en las puntas, pero amplia en la raíz. Pero claro que, para que esto funcione, los filtros también deben ser mundos que forman parte del árbol, como una cascada con más filtros que se filtran repetidamente. Y aquí algo para hacerte pensar: si el filtro falla de alguna manera, ¿dejarían de existir los mundos que filtró?
  
En cuanto a tu idea sobre la vida después de la muerte: creo que se podrían obtener *pruebas* de algún modo, pero la persona que lo hiciera tendría que estar muerta (y haber estudiado nuestra investigación) para que funcionara.
  
Bueno, espero que podamos seguir hablando de esto luego; ando algo ocupada.
  
Trace","Хаммонд,
 
Ответ: потенциально бесконечное число миров — моя текущая гипотеза состоит в том, что они фильтруются структурой со своего рода древовидной иерархией. Она сужена и специфична на концах веток, но широка ближе к корню. Конечно, следует помнить, что для того, чтобы это работало, сами фильтры тоже должны являться мирами и располагаться вниз по течению, расширяя эту прогрессию фильтров рекурсивно. Вот тебе еще задачка: если фильтр каким-то образом выйдет из строя, перестанут ли существовать отфильтрованные им миры?

Ответ: по поводу твоей идеи о загробной жизни — я думаю, что мы так или иначе могли бы получить *доказательство*, но для того, чтобы это сработало, человек, проводящий эксперимент, должен быть мертв (а в идеале еще и знать все положения твоих исследований).

Ладно, надеюсь, поговорим об этом позже. Сейчас я немного тороплюсь.
 
Трейс","해먼드,

답장: 잠재적으로 무한한 수의 세계들에 대해 - 나의 현재 가설은 그것들이 나무와 같은 계층 구조의 필터를 거친다는 것입니다. 끝부분은 좁고 세분화되지만 뿌리 부분은 넓어지죠. 하지만 이것이 작동하려면 당연하게도 필터 자체 또한 나무 구조 안에 있는 세계들이어야 하며, 재귀적으로 더 많은 필터들의 하류에 위치해야 합니다. 여기서 두뇌를 자극하는 질문 하나 드릴게요. 만약 필터에 모종의 오류가 생기면, 그 필터가 걸러내던 세계들도 아예 존재를 감추게 될까요?

답장: 사후 세계에 관한 당신의 생각에 대해 - 어떻게든 실제로 '증명'을 얻을 수는 있다고 봅니다만, 실험을 진행할 사람이 사망한 상태여야 하며(그리고 우리의 모든 연구를 학습했어야 함) 그래야만 작동할 것입니다.

어쨌든 나중에 이에 대해 더 자세히 이야기 나눌 수 있기를 바랍니다. 지금은 제가 조금 급해서요.

트레이스","哈蒙德：

关于“世界数量无限”这个可能性，我现在的猜想是各个世界是由某种树状分层结构过滤，这种结构枝端狭窄而又明确，根部则宽大而又宽泛。这种结构既然能够实现这样的效果，那么过滤世界的部位本身自然也是一个个世界，分布在这棵树上，而且越往下游，数量越多，不断递归。假设这个过滤过程失效，那么树上滤过的世界是否就不复存在了？

关于你对死后生命的思考，我觉得我们总有办法取得真正的“证据”，不过参与这项实验的人需要丧失生命（而且研究过了我们所有科研成果）。

这个话题我想之后再跟你详细探讨，现在有点忙。

崔斯"
NOTE36_NAME,The Ideal Kiengir,Le Kiengir idéal,Der ideale Kiengir,Il Kiengir ideale,Kiengir ideal,El Kiengir ideal,Идеальный Киенгир,이상적인 키엔기르,理想的齐恩基鲁
NOTE36_TEXT,"Elutil,

At every instant of time, every possible moment where one might observe a thing occurring, there should be a limitless possibility for what can then come. We can conceive of this. We expect this. Why did our ancestors believe in An, Enki, Enlil, and Inanna? Because such things should be possible.

And yet they are not. Because somehow, outside of our world, Kiengir, is another world, a bigger world: A’ansur, and from the moment we observed its existence, we became chained to it. The things we have learned cannot be un-learned. The only path forward is as a slave to the mother. Or is it?

One must understand that of the infinite possible Ideal worlds, there are infinite A’ansurs, each with a Kiengir tied to it, and then are an infinite Kiengirs that are free of A’ansurs. The solution: every Kiengir that finds itself tied to an A’ansur must destroy it. When this happens there will only be the Kiengirs that are free. The memory of A’ansur will fade and fate will be ours again.

Mageshgetil","Elutil
 
À chaque instant du temps, chaque moment possible où l'on peut observer un événement, il devrait y avoir une possibilité illimitée de ce qui suit. On peut le concevoir. On peut s'y attendre. Pourquoi nos ancêtres croyaient-ils en An, Enki, Enlil et Inanna ? Car de telles choses devraient être possibles.
 
Et pourtant, elles ne le sont pas. Car, curieusement, hors de notre monde, Kiengir, se trouve un autre monde, un monde encore plus vaste : A'ansur, et dès le moment où nous avons observé son existence, nous avons été enchaînés à lui. Nous ne pouvons pas désapprendre les choses que nous avons apprises. Notre seul moyen de progresser, c'est en tant qu'esclave à la mère. Mais est-ce vraiment le seul moyen ?
 
Il faut comprendre que pour l'infinité de mondes idéaux possibles, il existe une infinité d'A'ansur, chacun avec son Kiengir qui en dépend, mais qu'il y a aussi une infinité de Kiengir qui sont libérés d'A'ansur. La solution : chaque Kiengir qui se retrouver enchaîné à un A'ansur doit le détruire. Quand ça sera fait, alors seulement les Kiengir seront libres. Le souvenir d'A'ansur disparaîtra, et nous serons à nouveau maîtres de notre destin.
 
Mageshgetil","Elutil,
 
in jedem Augenblick der Zeit, in jedem möglichen Moment, in dem man beobachten kann, dass eine Sache geschieht, sollte es eine grenzenlose Möglichkeit für das geben, was dann kommen kann. Wir können uns das vorstellen. Wir erwarten dies. Warum haben unsere Vorfahren an An, Enki, Enlil und Inanna geglaubt? Weil solche Dinge möglich sein sollten.
 
Und doch sind sie es nicht. Denn irgendwie, außerhalb unserer Welt, Kiengir, ist eine andere Welt, eine größere Welt: A’ansur, und von dem Moment an, als wir ihre Existenz bemerkten, wurden wir an sie gekettet. Die Dinge, die wir gelernt haben, können nicht ungelernt werden. Der einzige Weg nach vorne ist als Sklave der Mutter. Oder doch nicht?
 
Man muss verstehen, dass es von den unendlich möglichen Idealen Welten unendlich viele A’ansurs gibt, jede mit einem Kiengir, der an sie gebunden ist, und dann gibt es unendlich viele Kiengirs, die frei von A’ansurs sind. Die Lösung: Jeder Kiengir, der sich an einen A’ansur gebunden findet, muss diesen zerstören. Wenn dies geschieht, wird es nur noch die Kiengirs geben, die frei sind. Die Erinnerung an A’ansur wird verblassen und das Schicksal wird wieder das unsere sein.
 
 Mageshgetil","Elutil,
 
in ogni istante del tempo, in ogni momento possibile in cui possiamo osservare una cosa avvenire, dovrebbero esserci illimitate possibilità per ciò che avverrà in seguito. È una cosa che concepiamo. Ce ci aspettiamo Perché i nostri antenati credevano ad An, Enki, Enill, e Inanna? Perchè certe cose dovrebbero essere possibili. 
 
Eppure non lo sono. Perchè in qualche modo, al di fuori del nostro mondo, Kiengir, c'è un altro mondo ancora più grande: A'ansur, e dal momento in cui abbiamo scoperto la sua esistenza, ci siamo trovati incatenati a esso. Le cose che abbiamo appreso non possono essere dimenticate. L'unico percorso in avanti è essere schiavi per la madre. Oppure no? 
 
Bisogna comprendere che tra le possibilite infinite di mondi ideali, ci sono infiniti A'ansur, ognuno dei quali ha un Kiengir collegato a esso; e ci sono infiniti Kiengirs che sono liberi da A'ansur. La soluzione: ogni Kiengir che si trova a essere legato a un A'ansur, deve distruggerlo. Quando ciò avverrà, ci saranno solo Kiengir liberi. Il ricordo di A'ansur sarà cancellato e il destino sarà di nuovo in mano nostra.
 
 Mageshgetil","Elutil,
  
A cada instante, a cada momento possível em que alguém possa observar algo ocorrendo, deve haver uma possibilidade ilimitada para o que pode vir a seguir. Podemos conceber isso. Nós esperamos isso. Por que nossos ancestrais acreditavam em An, Enki, Enlil e Inanna? Porque essas coisas devem ser possíveis.
  
E ainda assim elas não são. Porque de alguma forma, fora do nosso mundo, Kiengir, é outro mundo, um mundo maior: A’ansur, e a partir do momento em que observamos sua existência, ficamos acorrentados a ele. As coisas que aprendemos não podem ser desaprendidas. O único caminho a seguir é como escravo da origem. Será mesmo?
  
É preciso entender que, dos infinitos mundos ideais possíveis, existem infinitos A’ansurs, cada um com um Kiengir vinculado a ele, e então são infinitos Kiengirs que estão livres de A’ansurs. A solução: cada Kiengir que se encontra ligado a um A’ansur deve destruí-lo. Quando isso acontecer, haverá apenas os Kiengirs que estarão livres. A memória de A’ansur desaparecerá e o destino será nosso novamente.
  
Mageshgetil","Elutil:
  
En cada instante del tiempo, en cada momento posible en el que se puede observar algo, debería haber un sinfín de posibilidades para lo que puede suceder. Podemos concebir esto. Lo esperamos. ¿Por qué nuestros ancestros creían en An, Enki, Enlil e Inanna? Porque todo eso debía ser posible.
  
Pero no lo es. Porque, de alguna manera, fuera de Kiengir, nuestro mundo, hay otro más grande: A'ansur. Y desde el instante en que observamos su existencia, quedamos vinculados a él. Lo que hemos aprendido no puede olvidarse. El único camino que nos queda es seguir como esclavos de la madre. ¿O quizás no?
  
Debemos entender que, de entre una infinidad de mundos ideales posibles, hay un número infinito de A'ansurs con un Kiengir vinculado, y una cantidad infinita de Kiengires libres de A'ansur. La solución: cada Kiengir que se encuentra atado a un A'ansur debe destruirlo. Cuando esto suceda, solo quedarán los Kiengires independientes. La memoria de A'ansur desaparecerá, y nuestro destino volverá a ser nuestro.
  
Mageshgetil","Элутиль,
 
В каждый момент времени, в каждый его возможный момент, когда можно наблюдать происходящее, должна существовать безграничная возможность того, что что-то может произойти. Мы можем себе это представить. Мы этого ожидаем. Почему наши предки верили в Ана, Энки, Энлиля и Инанну? Потому что такие вещи возможны.

И все же это не так. Потому что каким-то образом за пределами нашего мира, Киенгира, существует другой мир, более крупный: А'ансур, и с того момента, как мы узнали его существовании, мы стали прикованы к нему. То, что мы познали, невозможно повернуть назад. Теперь наш единственный путь развития — быть рабом матери. Или нет?

Нужно понимать, что во всем бесконечном числе возможных идеальных миров существует бесконечное число А'ансуров, к каждому из которых привязан свой Киенгир, но также есть и бесконечные Киенгиры, свободные от А'ансуров. Решение таково: каждый связанный с А'ансуром Киенгир должен его уничтожить. Когда это произойдет, останутся только Киенгиры. Память об А'ансуре как данности исчезнет, и наша судьба снова будет принадлежать нам.
 
Магешгетиль","엘루틸,

매 순간, 어떤 일이 일어나는 것을 목격할 수 있는 가능한 모든 찰나에는 그 뒤에 올 일에 대한 무한한 가능성이 존재해야 마땅하다. 우리는 이것을 상상할 수 있고, 기대한다. 왜 우리의 조상들이 안(An), 엔키(Enki), 엔릴(Enlil), 이난나(Inanna)를 믿었겠는가? 그런 것들이 가능해야 하기 때문이다.

하지만 현실은 그렇지 않다. 어떻게 된 영문인지 우리 세계인 키엔기르의 바깥에 또 다른 세계, 더 큰 세계인 아안수르가 존재하고, 우리가 그 존재를 목격한 순간부터 우리는 그곳에 묶여 버렸기 때문이다. 우리가 배운 지식은 다시 지울 수 없다. 앞으로 나아갈 유일한 길은 어머니 세계의 노예가 되는 것뿐이다. 과연 그럴까?

우리는 무한히 가능한 이상적인 세계들 중에서 키엔기르와 결합된 무한한 아안수르들이 존재하는 동시에, 아안수르의 지배에서 벗어난 무한한 키엔기르들이 존재함을 이해해야 한다. 해결책은 다음과 같다. 자신들이 아안수르에 묶여 있음을 깨달은 모든 키엔기르는 아안수르를 파괴해야 한다. 그렇게 된다면 자유로운 키엔기르들만이 남게 될 것이다. 아안수르의 기억은 흐려질 것이고, 운명은 다시 우리의 것이 되리라.

마게시게틸","艾露提尔：

每一个瞬间，每当有人有可能看到一件事情发生的时候，下一瞬间就应该有无限的可能。我们想象得到这种情形，我们认为任何事情的发展都是如此。祖先为什么相信世间存在安、恩基、恩利勒和伊南娜？因为这类事物应当确实有可能存在。

可是他们并不存在，因为我们的世界齐恩基鲁外面还有一个世界，一个更大的世界——阿安苏尔。我们自从观测到它之后，就受到了它的束缚。事情一经了解，我们便无法回到了解之前的状态，未来就只能受这个母亲奴役。真的只能这样吗？

我们必须明白一个道理——理想的世界数量无穷，所以阿安苏尔的数量也是无穷，受其束缚的齐恩基鲁也是如此，于是便有数量无穷的齐恩基鲁不受阿安苏尔奴役。那么这个问题的解法就是：所有遭受奴役的齐恩基鲁必须毁灭与之关联的阿安苏尔，如此一来，最终就只存在不受奴役的齐恩基鲁了。世间有关阿安苏尔的记忆将消失，我们也将重新成为命运的主人。

玛盖什盖提鲁"
NOTE37_NAME,A’ansur,A'ansur,A’ansur,A'ansur,A’ansur,A'ansur,А'ансур,아안수르,阿安苏尔
NOTE37_TEXT,"To my brother Ludari,

We have all heard of A’ansur - the “spadix from which the fruit of the world grows”. But have you ever thought of the meaning behind this decorative speech?

Yesterday, when I was thought to be asleep, I overheard two ummias discussing what sounded like an apparent trip to A’ansur. By which I mean they have travelled there and returned, using a special machine. If A’ansur were truly a holy place, do you think one could travel there by something so base as a machine? I am telling you, brother, there is something they are not telling us.

It is stupid for me to ask, but I suppose mother has still not returned? Has she no love for her own children?

Well-being to you,
Elutil","À mon frère Ludari,
 
On a tous entendu parler d'A'ansur : le « spadice duquel les fruits du monde poussent. » Mais as-tu déjà pensé au sens derrière ce discours décoratif ?
 
Hier, alors qu'ils pensaient que je dormais, j'ai entendu deux Ummias discuter de ce qui ressemblait fortement à une excursion vers A'ansur. Par excursion, j'entends qu'ils ont voyagé là-bas et sont revenus grâce à une machine spéciale. Si A'ansur était vraiment un lieu sacré, crois-tu qu'on pourrait facilement s'y rendre avec une vulgaire machine ? Je te le dis, cher frère, ils nous cachent quelque chose.
 
C'est peut-être une question idiote, mais j'imagine que notre mère n'est toujours pas rentrée ? N'éprouve-t-elle aucun amour pour ses propres enfants ?
 
Porte-toi bien,
Elutil","An meinen Bruder Ludari,
 
Wir haben alle schon von A’ansur gehört – der Spadix, aus der die Frucht der Welt wächst. Aber hast du jemals über die Bedeutung hinter dieser schmückenden Rede nachgedacht?
 
Gestern, als ich glaubte zu schlafen, belauschte ich zwei Ummias, die sich über etwas unterhielten, das wie eine scheinbare Reise nach A’ansur klang. Damit meine ich, dass sie mit einer speziellen Maschine dorthin gereist und zurückgekehrt sind. Wenn A’ansur wirklich ein heiliger Ort wäre, glaubst du, man könnte mit etwas so Niederem wie einer Maschine dorthin reisen? Ich sage dir, Bruder, es gibt etwas, das sie uns nicht sagen.
 
Es ist dumm von mir zu fragen, aber ich nehme an, Mutter ist immer noch nicht zurückgekehrt? Hat sie keine Liebe für ihre eigenen Kinder?
 
Alles Gute für dich
Elutil","A mio fratello Ludari,
 
Abbiamo tutti sentito parlare di A'ansur - lo ""spadice da cui sorge il frutto del mondo"". Ma hai mai pensato al significato dietro questa ricca metafora? 
 
Ieri, mentre pensavo di dormire, ho sentito due Ummia discutere riguardo a quello che sembrava essere un viaggio verso A'ansur. E con ""viaggio"" intendo dire che vi si erano recati per poi tornare indietro, usando una macchina speciale. Se A'ansur fosse davvero un luogo sacro, pensi che lo si potrebbe raggiungere così facilmente, solo con l'uso di una macchina? Quello che intendo, fratello, è che c'è qualcosa che non ci dicono. 
 
So che è da stupidi chiederlo, ma immagino che mamma non sia ancora tornata, vero? Non nutre alcun amore verso i suoi figli?
 
Che tu possa star bene,
Elutil","Para meu irmão Ludari,
  
Todos nós já ouvimos falar de A’ansur - a “espádice da qual cresce o fruto do mundo”. Mas você já pensou no significado por trás desse discurso decorativo?
  
Ontem, quando pensei que estava dormindo, ouvi duas ummias discutindo o que parecia uma viagem para A’ansur. Com isso quero dizer que viajaram para lá e voltaram, usando uma máquina especial. Se A'ansur fosse realmente um lugar sagrado, você acha que alguém poderia viajar para lá por algo tão básico como uma máquina? Estou lhe dizendo, irmão, há algo que eles não estão nos contando.
  
É bobgaem, mas suponho que a mãe ainda não voltou. Ela não tem amor pelos próprios filhos?
  
Fique bem,
Elutil","A mi hermano Ludari:
  
Todos escuchamos hablar de A'ansur, el ""espádice del cual crece el fruto del mundo"". ¿Pero te pusiste a pensar en el significado de esta expresión tan pomposa?
  
Ayer, cuando creí estar durmiendo, oí a dos ummias que parecían hablar de un viaje a A'ansur. Por ""viaje"" quiero decir que fueron y volvieron con una máquina especial. Si A'ansur fuera de verdad un lugar sagrado, ¿crees que se podría llegar allí mediante algo tan terrenal como una máquina? Créeme, Ludari: hay algo que no nos están diciendo.
  
Es una estupidez preguntarlo, pero... ¿madre no ha vuelto aún? ¿Acaso no siente amor por sus propios hijos?
  
Espero que estés bien,
Elutil","Моему брату Лудари,
 
Мы все слышали об А'ансуре  — ""бутоне, из которого растут плоды других миров"". Но задумывался ли ты когда-нибудь о том, что скрывается за этими фигурами речи?
 
Вчера, когда все думали, что я уже отошла ко сну, я подслушала, как две уммии обсуждали что-то очень похожее на путешествие в А'ансур. Да, я хочу сказать, что они путешествовали туда и обратно, используя специальную машину. Как думаешь, если бы А'ансур в действительности был святым местом, можно было бы летать туда на чем-то столь мирском, как машина? Точно тебе говорю, брат, они нам что-то недоговаривают.
 
Глупо спрашивать, но, мама, надо полагать, еще не вернулась? Неужели она не любит собственных детей?
 
Всего самого доброго,
Элутиль","내 형제 루다리에게,

우리 모두는 아안수르에 대해 들어보았단다. '세계라는 열매가 자라나는 육수화서'라고 말이지. 하지만 이 화려한 미사여구 뒤에 숨겨진 의미를 생각해 본 적이 있니?

어제 내가 잠들었다고 생각했을 때, 나는 두 명의 우미아가 아안수르로의 여행에 관해 말하는 것을 엿들었단다. 특별한 기계를 사용해 그곳을 여행하고 돌아왔다는 의미였어. 만약 아안수르가 참으로 신성한 곳이라면, 기계와 같이 미천한 것을 통해 그곳을 여행할 수 있다고 생각하니? 형제여, 장담하건대 그들이 우리에게 말하지 않은 무언가가 있단다.

이런 걸 묻는 게 어리석은 짓이지만, 어머니는 아직도 돌아오지 않으셨겠지? 자기 자식들에 대한 사랑이 털끝만큼도 없으신 걸까?

네게 평안이 있기를,
엘루틸","我的弟弟鲁达里：

我们都知道阿安苏尔是“孕育世界果实的肉穗花序”，可是你有没有想过？这句话说得这么花哨，字面之下是怎样的含义？

昨天，我快要睡着的时候，无意之间听到两位乌弥亚交谈，他们好像说要去一趟阿安苏尔。为什么说“去一趟”？因为他们此前就借助某种特殊的机器往返阿安苏尔与我们的世界。假使那边真的是神圣世界，你觉得他们能够通过机器这种卑劣的工具前往吗？弟弟，我告诉你，他们对我们一定有所隐瞒。

妈是不是还是没回来？她是不心疼自己的孩子了吗？这种事情我知道问了也是白问。

愿你安好
艾露提尔"
NOTE38_NAME,Leaving for Ziusudra,Départ pour Ziusudra,Aufbruch nach Ziusudra,Partenza per Ziusudra,Indo para Ziusudra,Nos vamos a Ziusudra,Отправка в Зиусудру,지우수드라로 떠나며,赴朱苏德拉
NOTE38_TEXT,"Father,

May the gods keep you forever in good health.

The Lamassu has ordered us to Ziusudra, in the land of the Udug. There we are to help restore the damage from the storms. I do not think I will be able to return. But this is holy work. Please tell Mother not to shed tears for us. I am well, my wife, my children, and everything in my care, are well indeed.

Lunanna","Père,
 
Que les dieux préservent toujours ta bonne santé.
 
Le Lamassu nous a ordonnés d'aller à Ziusudra, la terre des Udug. Nous sommes là pour aider à restaurer les dégâts causés par les tempêtes. Je ne pense pas que je pourrai revenir. Mais c'est une tâche sainte. S'il te plaît, dis à Mère de ne pas pleurer pour nous. Je vais bien, ma femme, mes enfants, et tous ceux qui sont sous ma charge vont bien aussi.
 
Lunanna","Vater,
 
mögen die Götter dich für immer in guter Gesundheit erhalten.
 
Der Lamassu hat uns nach Ziusudra, in das Land der Udug, beordert. Dort sollen wir helfen, die Schäden der Stürme zu beheben. Ich glaube nicht, dass ich zurückkehren werde. Aber dies ist eine heilige Arbeit. Bitte sag Mutter, sie soll keine Tränen um uns vergießen. Mir geht es gut, meiner Frau, meinen Kindern und allem, was in meiner Obhut ist, geht es auch gut.
 
Lunanna","Padre, 
 
Possano gli déi tenerti per sempre in buona salute. 
 
Il Lamassu ci ha ordinato di andare a Ziusudra, nella terra degli Udug. Lì dovremo aiutare a riparare i danni compiuti delle tempeste. Non credo che faremo ritorno. Ma questo è un lavoro sacro. Per favore, dì alla mamma di non versare lacrime per noi. Io sto bene, così come mia moglie, i miei figli e tutti coloro che sono sotto la mia responsabilità.
 
Lunanna","Pai,
  
Que os deuses o mantenham com boa saúde para sempre.
  
O Lamassu ordenou que fôssemos a Ziusudra, na terra dos Udug. Lá estamos nós para ajudar a restaurar os danos das tempestades. Acho que não vou conseguir voltar. Mas este é um trabalho sagrado. Por favor, diga a mamãe para não derramar lágrimas por nós. Estou bem, minha esposa, meus filhos e tudo sob meus cuidados, estão bem.
  
Lunanna","Padre:
  
Que los dioses preserven para siempre tu buena salud.
  
La Lamassu nos ha ordenado viajar a Ziusudra, en las tierras de los udugs. Allí, ayudaremos a reparar el daño de las tormentas. No creo que vuelva. Pero esta es una orden sacra. Por favor, pídele a nuestra madre que no deje caer ni una lágrima. Mi esposa, mis hijos y yo estamos bien, al igual que todo lo que tengo a mi cargo.
  
 Lunanna","Отец,
 
Пусть боги даруют тебе вечное здравие.
 
Ламассу приказал отправить нас в Зиусудру, что на землях Удуг. Там мы будем помогать разгребать последствия шторма. Не думаю, что смогу вернуться. Но это святой труд. Прошу, скажи матери, чтобы по нам не рыдала. У меня все хорошо, как и у моей жены, детей и всего, за что я в ответе. Все воистину хорошо.
 
Лунанна","아버지에게,

신들께서 아버지를 언제나 건강하게 보살펴 주시기를 바랍니다.

라마수께서 우두그의 땅에 있는 지우수드라로 가라고 우리에게 명령하셨습니다. 그곳에서 우리는 폭풍으로 인한 피해를 복구하도록 돕기로 되어 있습니다. 제가 다시 돌아올 수 있을 것 같지는 않습니다. 하지만 이것은 신성한 작업입니다. 어머니께 저희 때문에 눈물 흘리지 말라고 전해 주십시오. 저와 제 아내, 제 아이들, 그리고 제가 돌보는 모든 것들이 참으로 평안합니다.

루난나","爸爸：

愿众神保你健康永驻。

拉玛苏下了命令，派我们去朱苏德拉，那里是乌图库的领土。我们要去协助风暴之后的重建工程，我可能回不来了。可是，这项使命光荣神圣，不要让妈妈为我们流泪。我现在很好，我的妻儿还有我照顾的一切都很好。

卢安纳"
