Key,English,French,German,Italian,Portuguese,Spanish,Russian,Japanese,Chinese
DLG_TITLESCROLL_0,"In the year 2007, a young scientist, Dr. Elizabeth Hammond, revolutionized the world as we know it with the invention of the first ever ""ansible"", or superluminal communicator.
 
Zero latency computing soon became the standard, and Hammond Corp a household name.","En 2007, une jeune scientifique, Dr. Elizabeth Hammond, révolutionna le monde en inventant le tout premier « ansible », ou communicateur supraluminique.
 
 Le traitement de données « zéro latence » devint rapidement la norme, et la marque Hammond Corp s'imposa dans tous les foyers.","Im Jahr 2007 revolutionierte eine junge Wissenschaftlerin, Dr. Elizabeth Hammond, die Welt, wie wir sie kennen, mit der Erfindung des ersten „Ansible“, oder superluminalen Kommunikators.
 
 Latenzfreie Datenverarbeitung wurde bald zum Standard und Hammond Corp wurde zu einem bekannten Namen.","Nell'anno 2007, una giovane scienziata, la dottoressa Elizabeth Hammond, rivoluzionò il mondo che conosciamo con l'invenzione del primissimo ""ansible"", o comunicatore superluminale. 
 
La computazione a latenza zero divenne presto uno standard e la Hammond Corp un brand globale.","No ano de 2007, a jovem cientista Dra. Elizabeth Hammond revolucionou o mundo como o conhecemos, com a invenção do primeiro ""ansible"", ou comunicador superluminal.
  
  A computação de latência zero logo se tornou o padrão, e a Hammond Corp uma referência.","En el año 2007, la Dra. Elizabeth Hammond, una joven científica, revolucionó el mundo para siempre con la invención del primer ""ansible"", un comunicador superlumínico.
  
La computación sin latencia se convirtió rápidamente en la norma, y Hammond Corp., en una prestigiosa empresa líder.","В 2007 году молодая ученая, доктор Элизабет Хаммонд, продвинула человечество на много лет вперед, изобретя так называемый ""ансибль"" или, иначе, сверхсветовой коммуникатор.
 
Вычисление с нулевой задержкой вскоре стало повсеместным стандартом, а название Хаммонд-Корп известно в каждом доме.","２００７年、若き科学者
エリザベス・ハモンド博士が
人類初の超光速通信装置
「アンシブル」を発明し
世界に革新をもたらした。

待機時間ゼロのデータ通信技術は
瞬く間に普及し、ハモンド社の名は
世界中の誰もが知るものとなった。","2007年，年轻科学家伊丽莎白·哈蒙德博士成功研发首款超光速通讯设备“安塞波”，掀起了一场世界性变革。

零延迟计算很快变成了常规的技术手段，哈蒙德集团也成为了家喻户晓的品牌。"
DLG_TITLESCROLL_3,"But in 2053, a bizarre, unexplained tragedy befell Jones Station, Antarctica, when an entire research team helmed by Hammond Corp vanished without a trace.
 
Dr. Hammond was with them. She was never seen again.
 
Without its CEO, her company floundered.","Mais en 2053, une tragédie aussi étrange qu'inexpliquée frappa la Station Jones, en Antarctique : l'équipe entière de chercheurs dirigée par Hammond Corp se volatilisa sans laisser de traces.
 
 Dr. Hammond était parmi eux. On ne l'a plus jamais revue.
 
 Sans sa PDG, la compagnie sombra dans la tourmente.","Doch im Jahr 2053 ereignete sich eine bizarre, unerklärliche Tragödie auf der Jones Station in der Antarktis, als ein ganzes Forschungsteam unter der Leitung der Hammond Corp. spurlos verschwand.
 
 Dr. Hammond war unter ihnen. Sie wurde nie wieder gesehen.
 
 Ohne ihren CEO stand ihre Firma vor dem Aus.","Ma nel 2053, una bizzarra e inspiegabile tragedia colpì la Stazione Jones, in Antartide: l'intero team di ricerca gestito dalla Hammond Corp svanì senza lasciare tracce.
 
Anche la dottoressa Hammond era con loro. Non fu mai più rivista. 
 
Priva del suo CEO, la compagnia iniziò ad annaspare.","Mas em 2053, uma tragédia bizarra e sem explicação caiu sobre a Estação Jones, Antártida, quando uma equipe de pesquisa inteira, liderada pela Hammond Corp, desapareceu sem deixar rastros.

A Dra. Hammond estava entre eles. Ela nunca mais foi vista novamente.

Sem sua CEO, a empresa começou a decair.","Pero en 2053, una tragedia tan terrible como misteriosa golpeó la estación Jones en la Antártida: todo el equipo de investigación de Hammond Corp. desapareció sin dejar rastro.
  
La doctora Hammond estaba con ellos. Nunca se la volvió a ver.
  
Sin su directora ejecutiva, la empresa se derrumbó.","Но в 2053 году странный и необъяснимый случай произошел на Станции Джонса в Антарктиде — без следа пропада целая исследовательская группа под управлением Хаммонд-Корп.

Доктор Хаммонд была с ними. После этого ее больше не видели.

Без управляющей компания постепенно пришла в упадок.","しかし２０５３年、
南極のジョーンズ基地局で
ハモンド社の調査チームが
突然姿を消すという、
原因不明の奇妙な事件が起きた。
 
その中にはハモンド博士も含まれ、
彼女は二度と姿を現さなかった。
 
ＣＥＯ不在となったハモンド社は
経営危機に陥った。","2053年，南极琼斯科考站发生离奇的骇人惨事，哈蒙德集团的整支科考队伍人间蒸发，全员失踪，完全没有留下任何痕迹。
失踪人员包括哈蒙德博士，此后再也没人见过她。

首席执行官缺位，哈蒙德集团发展停滞，寸步难行。"
DLG_TITLESCROLL_1,"Indra Chaudhari, founder and CEO of the Globe 3 conglomerate, seized the opportunity to purchase the majority of Hammond Corp and its subsidiaries, thus eliminating her biggest competitor.
 
The acquisition included Hammond's original Ansible prototype. When Indra powered it up, she received a message:","Indra Chaudhari, fondatrice et PDG du Conglomérat Globe 3, se saisit de l'opportunité pour acheter la majorité d'Hammond Corp et de ses filiales, éliminant ainsi ses plus grands concurrents.
 
 L'acquisition comprenait également le prototype d'ansible original d'Hammond. Lorsqu'Indra l'alluma, elle reçut un message :","Indra Chaudhari, Gründerin und CEO des Globe 3 Konglomerats, ergriff die Gelegenheit, die Mehrheit der Hammond Corp und ihrer Tochtergesellschaften zu kaufen und damit ihren größten Konkurrenten auszuschalten.
 
 Die Übernahme beinhaltete Hammonds ursprünglichen Ansible-Prototyp. Als Indra ihn einschaltete, erhielt sie eine Nachricht:","Indra Chaudhari, fondatrice e CEO della multinazionale Globe 3, sfruttò l'opportunità e acquistò la maggioranza delle azioni della Hammond Corp e delle società controllate, eliminando così dal mercato il suo più grande concorrente. 
 
Tra gli asset inclusi nell'acquisizione, c'era anche il prototipo originale dell'ansible della Hammond. Quando Indra lo attivò, ricevette un messaggio:","Indra Chaudhari, fundadora e CEO do conglomerado Globe, aproveitou a oportunidade para comprar a maior parte da Corporação Hammond e suas subsidiárias, eliminando sua maior concorrente.
  
  Entre essas aquisições estava o Ansible protótipo original da Hammond. Quando Indra o ligou, recebeu a seguinte mensagem:","Indra Chaudhari, fundadora y directora del conglomerado Globe 3, usó la oportunidad para comprar la mayoría de Hammond Corp. y sus subsidiarias, y así deshacerse de su mayor competidor.
  
La adquisición incluía el prototipo del ansible original de Hammond. Cuando Indra lo encendió, recibió un mensaje:","Индра Чаудхари, основательница и управляющая конгломерата Глоуб-3, решила воспользоваться этим шансом и выкупила большую часть Хаммонд-Корп с его дочерними организациями, тем самым уничтожив своего самого крупного соперника.
 
В том числе в сделку входил прототип оригинального Ансибля. Включив его, Индра получает сообщение:","巨大企業グループである
グローブ３の創業者であり
ＣＥＯであるインドラ・チョーダリーは、
この絶好の機会を逃さず、
ハモンド社の株式の大部分と
その子会社の数々を買収し、
最大競合相手の排除に成功した。

買収した会社のほとんどを
閉鎖したが、アンシブルの
オリジナルプロトタイプがある
ハモンドの研究開発室は残した。
このアンシブルをマーケティングに
利用することを考えながら、
インドラはシステムに電源を入れた...

…すると１通のメッセージを受け取った。","环球3集团创始人兼集团首席执行官因德拉·乔杜里趁机收购了哈蒙德集团半数以上的股份及其旗下子公司，因而消灭了她最大的竞争对手。

收购协议包含哈蒙德开发的安塞波原型机，因德拉将其启动之后，收到了一条信息："
DLG_TITLESCROLL_2,"""Come to Antarctica if you wish to see your daughter again.""
 
As it happened, Globe had just inherited Hammond Corp's contract for the defunct Jones Station, Antarctica. What would she find there?","« Venez en Antarctique si vous voulez revoir ta fille. »
 
 Par chance, Globe 3 venait justement d'hériter du contrat d'Hammond Corp avec la Station Jones située en Antarctique, désormais à l'abandon. Qu'allait-elle trouver là-bas ?","„Kommen Sie in die Antarktis, wenn Sie Ihre Tochter wiedersehen wollen.“
 
 Zufälligerweise hatte Globe gerade den Vertrag der Hammond Corp für die stillgelegte Jones Station in der Antarktis übernommen. Was würde sie dort vorfinden?","""Vieni in Antartide se vuoi rivedere viva tua figlia"". 
 
Di fatto, la Globe aveva appena ereditato il contratto della Hammond Corp per la ormai defunta Stazione Jones, in Antartide. Cosa avrebbe trovato lì?","""Venha para Antártida se quiser ver sua filha novamente.""
  
  Quando isso aconteceu, a Globe tinha acabado de herdar o contrato da Corporação Hammond sobre a extinta Estação Jones, Antártida. O que ela encontraria lá?","""Si quieres volver a ver a tu hija, ven a la Antártida"".
  
Estaba claro: Globe acababa de heredar el contrato de Hammond Corp. que llevó a la estación Jones a su fin. ¿Qué encontraría allí?","""Приезжай в Антарктиду, если хочешь снова увидеть свою дочь"".
 
По счастливому стечению обстоятельств, Глоуб-3 только что вступили во владение еще одной собственностью Хаммонд-Корп — недействующей антарктической Станцией Джонса. Что же она там найдет?","”娘と再開したいなら南極に来い”

グローブ３が、機能不全の
南極ジョーンズ基地局を、
ハモンド社から引き継ぐ契約が
ちょうど完了した頃だった。
彼女が南極で目にするものとは...？","“想再见到你女儿，就来南极。”

此时，环球集团恰好刚刚接下哈蒙德集团与南极琼斯科考站（关停）的合作协议。她在那里会发现什么？"
DLG_INTROFLIGHT_8,"The base is just ahead, ma'am. You sure this is legal?","La base est juste devant, madame. Vous êtes sûre que c'est légal ?","Die Basis ist gleich da vorne, Ma’am. Sind Sie sicher, dass das legal ist?","La base è poco più avanti, signora. È sicura che tutto questo sia legale?","A base está logo à frente, senhora. Tem certeza de que isso é legal?","Ya casi estamos en la base, señora. ¿Está segura de que esto es legal?","Мы почти на базе, мэм. Вы уверены, что это законно?","もうすぐ基地です。
合法なのは承知の上でしょうか？",老板，基地快到了，你确定这样不违法吗？
DLG_INTROFLIGHT_6,Probably. Just get us there safely.,Probablement. Occupez-vous de nous y emmener.,Vermutlich. Bring uns einfach sicher hin.,Forse. Tu portaci lì sani e salvi.,Provavelmente. Só nos leve até lá em segurança.,Quizás. Tan solo llévanos allí.,Более чем. Просто доставьте нас туда в целости.,"多分大丈夫よ。
安全に基地に着くことだけ考えて。",应该不违法，把我们安安稳稳地送过去就行。
DLG_INTROFLIGHT_7,"Will do, ma'am. Prepare for landing.","Bien sûr, madame. Préparez-vous à l'atterrissage.","Wird gemacht, Ma’am. Bereitmachen zur Landung.","Lo farò, signora. Prepararsi all'atterraggio.","Entendido, senhora. Prepare-se para pousar.","Entendido, señora. Prepárense para aterrizar.","Будет сделано, мэм. Готовьтесь к приземлению.","承知しました。
着陸準備に入ります。",遵命。准备降落。
DLG_INTROLANDING_0,"Stan, please wait with the chopper while I get the power online.","Stan, attendez avec l'hélico pendant que je remets le courant.","Stan, bitte warte mit dem Hubschrauber, während ich den Strom anschalte.","Stan, aspetta sull'elicottero mentre io riattivo l'alimentazione.","Stan, espere no helicóptero enquanto eu ligo a energia.","Stan, espera en el helicóptero mientras enciendo la energía.","Стэн, пожалуйста, побудь у вертолета, пока я не включу электричество.","スタン、あなたはヘリの中で待機して。
私はまず設備の電源を入れに行く。",斯坦，我去把供电设备打开，你在这里等直升机。
DLG_INTROLANDING_1,This place hasn't been occupied for over a year.,Cet endroit est inoccupé depuis plus d'un an.,Dieser Ort ist seit über einem Jahr nicht mehr bewohnt gewesen.,Qui non mette piede più nessuno da oltre un anno.,Ninguém vem aqui há pelo menos um ano.,Este lugar lleva más de un año inhabitado.,Тут больше года никого не было.,"この場所はもう何年も
放置されたままだから。",这个地方有一年多没人住了。
DLG_INTROLANDING_2,"Will do, Ma'am. Call me when you're ready.","Bien, madame. Appelez-moi quand vous aurez fini.","Wird gemacht, Ma’am. Rufen Sie mich, wenn Sie bereit sind.","Certo, signora. Mi chiami non appena è pronta.","Certo, senhora. Me chame quando estiver pronta.","Entendido, señora. Llámeme cuando esté lista.","Хорошо, мэм. Позвоните, когда все будет готово.","承知しました。
準備ができ次第お呼び下さい。",行。您那边好了，就告诉我。
DLG_BODYGUARDCOLD_1,"Just taking it all in, ma'am. Never been to Antarctica before.","J'en profite pour admirer le paysage, madame. C'est ma première fois en Antarctique.","Ich lasse nur alles auf mich wirken, Ma’am. Ich war noch nie in der Antarktis.","Sto dando uno sguardo in giro, signora. Non sono mai stato in Antartide prima d'ora.",,"Solo aprecio el paisaje, señora. Nunca había visto la Antártida.","Просто пытаюсь все осознать, мэм. Никогда до этого в Антарктиде не был.","お気をつけ下さい。
南極は初めてですので。",老板，千万小心，毕竟第一次来南极。
DLG_ANTARCTICANSIBLEOLD_0,It's an old ansible. Why would they have one of these here?,C'est un vieil ansible. Pourquoi l'auraient-ils laissé ici ?,Es ist ein altes Ansible. Warum sollten sie so ein Ding hier haben?,È un vecchio ansible. Perché avevano un esemplare del genere?,É um velho ansible. Por que eles têm um desses aqui?,Es un ansible antiguo. ¿Qué hace uno de estos aquí?,Это старый ансибль. Зачем он им тут понадобился?,"古いアンシブルね。
こんなもので何をするつもりだったのかしら？",这是以前的安塞波，他们这个地方怎么会有这种东西？
DLG_ANTARCTICANSIBLEON_0,There's a message on the ansible screen.,Il y a un message sur l'écran de l'ansible.,Da ist eine Nachricht auf dem Bildschirm des Ansibles.,C'è un messaggio sullo schermo dell'ansible.,Há uma mensagem na tela do ansible.,Hay un mensaje en la pantalla.,На экране ансибля сообщение.,画面にメッセージが。,安塞波屏幕显示了一条信息。
DLG_ANTARCTICANSIBLE_10,There is a secret door past the 3 bookshelves on floor 1. <EOM>,Il y a une porte secrète après les 3 bibliothèques à l'étage 1. <FIN>,Es gibt eine geheime Tür hinter den 3 Bücherregalen auf Etage 1. <EOM>,C'è una porta segreta dietro le 3 librerie al piano 1. <EOM>,Existe uma porta oculta passando as três estantes no primeiro andar. <FIM>,Hay una puerta secreta después de las tres estanterías del primer piso. <FDM>,На первом этаже за тремя книжными полками есть потайная дверь. <КОНЕЦ>,"１階の３つの本棚が
並んだ場所の奥に
隠し扉がある。
<以上>",一楼那三个书架后面有一道密门。<结束>
DLG_ANTARCTICANSIBLE_2,Who is this? Why did you send me here?,Qui est-ce ? Pourquoi m'avez-vous envoyée ici ?,Wer ist da? Warum haben Sie mich hergeschickt?,Chi sei? Perché mi hai fatto venire qui?,Quem é? Por que você me mandou aqui?,¿Quién eres? ¿Por qué me llamaste aquí?,Кто это? Зачем меня сюда послали?,"誰？
なぜここにいる
私にメッセージ
を送ったの？",你是谁？为什么让我来这里？
DLG_ANTARCTICANSIBLE_3,No response.,Pas de réponse.,Keine Antwort.,Nessuna risposta.,Sem resposta.,No hay respuesta.,Ответа нет.,…,没有应答。
DLG_ANTARCTICANSIBLE_8,"Okay, I'll play your game. For now.","Très bien, je vais jouer à ton petit jeu. Pour l'instant.","Okay, ich spiele dein Spiel mit. Fürs Erste.","Ok, giocherò al tuo gioco. Per il momento.","Tudo bem, vou entrar no seu jogo. Por enquanto.","Bueno, te seguiré el juego. Por ahora.","Ладно, пограю в вашу игру. Пока что.","いいわ、今から
あなたのゲームに付き合ってあげる。",行，我就陪你玩一会儿。
DLG_UNDERGROUNDEXPLOSION_0,The hell was that?,C'était quoi ça ?!,Was zum Teufel war das?,Cosa diavolo è stato?,O que foi isso?,¿Qué diablos fue eso?,Что это сейчас было?,これは何なの？,什么动静？
DLG_UNDERGROUNDEXPLOSION_1,Hello? Have you come back for me?,Hé ho ? Vous êtes revenu me chercher ?,Hallo? Bist du wegen mir zurückgekommen?,Ehi? Siete tornati a prendermi?,Olá? Você voltou para me buscar?,¿Hola? ¿Has vuelto por mí?,Есть там кто? Вы вернулись за мной?,誰？私のために戻って来たの？,你好？是回来救我的吗？
DLG_UNDERGROUNDEXPLOSION_3,Hey! Is someone else down here?,Hé ! Il y a quelqu'un d'autre ici ?,Hey! Ist hier unten noch jemand?,Ehi! C'è qualcun altro qui sotto?,Ei! Tem alguém aí embaixo?,¡Ey! ¿Hay alguien ahí abajo?,Эй! Есть там внизу кто?,ねえ！誰かそこにいるの？,诶！有人在下面吗？
DLG_UNDERGROUNDEXPLOSION_5,"Yes. But I need help. Please, I am further down.","Oui. Mais j'ai besoin d'aide. S'il vous plaît, je suis plus bas.","Ja. Aber ich brauche Hilfe. Bitte, ich bin weiter unten.","Sì. Ma ho bisogno di aiuto. Per favore, sono più in basso.","Sim! Mas eu preciso de ajuda. Por favor, desça um pouco mais.","¡Sí! Necesito ayuda. Estoy más abajo, ¡por favor!","Да. Но мне нужна помощь. Прошу, я еще ниже.","ええ、いるわ。
助けてほしい。
私はずっと下よ。",对，快来救我。救命，我在下面特别深的地方。
DLG_UNDERGROUNDEXPLOSION_6,"Ok, I'm coming.","Ok, j'arrive.","Okay, ich komme.","Ok, arrivo.","Ok, estou indo.","¡Bueno, ya voy!","Хорошо, иду.",わかった、今行くわ。,好，我去救你。
DLG_BREATHEUNDERWATER_0,"Not to alarm you, but your new body is too dense to float.","Sans vouloir t'inquiéter, ton nouveau corps est trop dense pour flotter.","Ich will dich nicht beunruhigen, aber dein neuer Körper ist zu schwer, um zu schweben.","Non vorrei allarmarti, ma il tuo nuovo corpo è troppo denso per galleggiare.","Não quero alarmar você, mas seu novo corpo é muito denso para flutuar.","No quiero asustarte, pero tu nuevo cuerpo es demasiado denso para flotar.","Не хочу тревожить, но твое новое тело слишком тяжелое, чтобы держаться на плаву.","不安にさせるわけじゃないけど、
あなたの新しい身体は
浮き上がるには質量が
大きすぎる。",并不想吓唬你，只是你的新身体密度很大，浮不起来。
DLG_BREATHEUNDERWATER_1,"However, you no longer need to breathe, which should help.","Néanmoins, vous n'avez plus besoin de respirer. Ça devrait aider.","Allerdings brauchst du nicht mehr zu atmen, was dir helfen sollte.","In ogni caso, non hai più bisogno di respirare. Questo dovrebbe aiutare.","Porém, você não precisa mais respirar, o que deve ajudar.","Por otro lado, ya no necesitas respirar, así que...","Но теперь тебе можно не дышать, так что это компенсирует.","でも、もう呼吸は必要無くなった。
その方が便利でしょ？",不过，你现在不需要呼吸了，应该方便了许多。
DLG_BREATHEUNDERWATER_2,(It just gets weirder. What the hell did she do to me?!),(C'est de plus en plus bizarre. Qu'est-ce qu'elle m'a fait ?!),(Es wird einfach immer seltsamer. Was zum Teufel hat sie mit mir gemacht?!),(Le cose si fanno sempre più assurde. Cosa diavolo mi ha fatto?!),(Isso está ficando cada vez mais estranho. Que diabos ela fez comigo?!),(Esto se pone cada vez más extraño. ¿¡Qué diablos me hizo!?).,"(Все страньше и страньше. Что она, блин, со мной сделала!?)","（ますますおかしなことになった！
　私の身体に一体何をしたの？！）",（事情越来越诡异，她到底把我的身体给怎么了？！）
DLG_COMPASSACQUIRE_0,Now here's an interesting gadget...,"Ah, en voilà un gadget intéressant...","Nun, hier ist ein interessantes Gerät ...",Questo sì che è un affarino interessante…,Eis uma bugiganga interessante...,Qué dispositivo tan curioso...,А вот это интересное устройство...,ここに何かあるわ…,这个东西有点意思……
DLG_COMPASSACQUIRE_2,Did you find the compass? Good. You can use it to locate me.,Vous avez trouvé la boussole ? Très bien. Utilisez-la pour me localiser.,"Hast du den Kompass gefunden? Ja, gut. Du kannst ihn benutzen, um mich zu lokalisieren.",Hai trovato la bussola? Bene. Puoi utilizzarla per localizzarmi.,Você encontrou a bússola? Que bom. Use-a para me localizar.,¿Encontraste la brújula? Bien. Puedes usarla para ubicarme.,Ты нашла компас? Хорошо. Теперь сможешь найти меня с его помощью.,"コンパスを見つけた？
それがあれば私の位置がわかるわ。",你找到罗盘了？有了它，你就能知道我的方位了。
DLG_COMPASSACQUIRE_3,"If I can figure out how to use it, you mean.","Si j'arrive à trouver comment ça marche, vous voulez dire.","Wenn ich herausfinden kann, wie man ihn benutzt, meinst du.","Se riesco a capire come si usa, vuoi dire.","Se eu descobrir como se usa isso, você quer dizer.","O sea, si supiera cómo usarla...","Если только смогу разобраться, как он работает.","私が使い方を
分かればの話でしょ。",前提是我能搞明白这件东西该怎么用。
DLG_FALLING_0,Aaaaaaaaaaaaaaaaaaaaaaaaaaaaaaah!!!!!,Aaaaaaaaaaah !,Aaaaaaaaaaaaaaaaaaaaaaaaaaaaaaah!!!!!,Aaaaaaaaaaaaaaaaaaaaaaaaaaaaaaah!!!!!,Aaaaaaaaaaaaaaaaaaaaaaaaaaaaaaah!!!!!,¡¡¡Aaaaaaaaaaaaaaaaaaaaaahhhhhh!!!,А-а-а-а-а-а-а-а-а-а-а-а-а-а-а-а-а-а-а-а-а-а!,アァァァァァァァァァ！！！！,啊啊啊啊啊啊啊啊啊啊啊啊啊！！！！！
DLG_SWIMMING_0,Oh god ... it's FREEZING!,Bordel... C'est GELÉ !!!,Oh Gott ... es ist EISKALT!,Santo cielo… si GELA!,Meu Deus... Está CONGELANDO!,Por un d... ¡Está HELADA!,Боже мой... как же ХОЛОДНО!,勘弁して…凍え死んじゃう！,我天……冻死人了！
DLG_SWIMMING_2,"You are close now. Do you see a pot, or urn?","Vous vous rapprochez. Vous voyez un pot, ou une urne ?",Du bist jetzt ganz nah. Siehst du einen Topf oder eine Urne?,Ci sei quasi. Vedi un barattolo o un'urna?,Você está perto agora. Consegue ver um pote ou uma urna?,Ya estás cerca. ¿Ves un jarrón o una urna?,Ты близко. Видишь какой горшок или урну?,"あと少しよ。

近くに壺か何かが見えない？",你离我很近了，看到一个罐子、瓮没有？
DLG_SWIMMING_4,I can't see a goddamn thing... give me a sec.,Je vois que dalle... attendez une seconde.,Ich kann gar nichts sehen ... Gib mir eine Sekunde.,Non vedo un accidenti di niente… dammi un secondo.,Não vejo porcarcia nenhuma... Espere um pouco.,"No puedo ver ni una... A ver, espera.",Я вообще ничего не вижу... секундочку.,"そんなもの見えない…
少し待ちなさい。",我连鬼影都没看到……稍微等一下。
DLG_WATERRISING_0,The water's rising.,L'eau monte.,Das Wasser steigt.,L'acqua sta salendo.,A água está subindo.,El agua está subiendo.,Вода поднимается.,水位が上がってきた。,水在往上涨。
DLG_WATERRISING_1,Look for the urn. It will help.,Cherchez l'urne. Elle vous aidera.,Such nach der Urne. Sie wird dir helfen.,Cerca l'urna. Ti servirà.,Procure a urna. Isso vai ajudar.,Busca la urna. Te ayudará.,Ищи урну. Это поможет.,"壺を探して。
そうすれば助かる。",快找那个瓮，找到就没事了。
DLG_WATERRISING_4,"Ok, ok, I'm looking.","Ok, ok. Je cherche.","Okay, okay, ich suche ja.","Ok, ok, la sto cercando.","Ok, ok, estou procurando.","Bueno, bueno, ya la busco.","Ладно-ладно, уже ищу.",ええ、今探しているわ！,行，我在找。
DLG_FOUNDURN_0,I think I see the urn...,Je crois que j'aperçois l'urne...,"Ich glaube, ich sehe die Urne ...",Credo di vedere l'urna…,Acho que estou vendo a urna...,Creo que veo la urna...,"Похоже, я вижу урну...",壺のようなものが見えたわ…,我好像看到瓮了……
DLG_FOUNDURN_1,..but there's a grating in the way...,... mais il y a une grille devant.,... aber da ist ein Gitter im Weg ...,…ma c'è una grata di mezzo…,...mas tem uma grade no caminho...,... pero hay una reja en el medio.,...но она за решеткой...,"…でも
目の前の格子が邪魔で…",……可是有栅栏挡住了……
DLG_LASTBREATHES_0,How am I going to get out of this?,Comment je vais m'en sortir ?,Wie komme ich da wieder raus?,Come faccio a uscire da qui?,Como eu vou sair dessa?,¿Cómo voy a salir de esta?,Как мне вообще отсюда выбраться?,どうやって取ればいいの？,怎么才能游出去？
DLG_DROWNING_0,So this is where it ends ...,"Alors, c'est comme ça que ça doit finir...",Hier endet es also ...,Quindi è qui che finisce…,Então é assim que acaba...,Conque así termina mi vida...,"Видимо, это конец...",どうやらここまでみたいね…,这就是我的归宿吗……
DLG_DROWNING_1,I guess it's just as well.,J'imagine que c'est aussi bien.,"Ich denke, das ist auch gut so.",Tutto sommato va bene così.,Acho que está bom.,Supongo que no está tan mal.,"Что ж, может, и хорошо.",でも、逆によかったのかも。,这样倒也好。
DLG_DROWNING_2,I deserved this.,Je peux enfin me reposer...,Endlich kann ich mich ausruhen ...,Finalmente posso riposare…,Finalmente vou poder descansar...,"Por fin, podré descansar...",Наконец-то можно отдохнуть...,これでやっと、ラクになれる…,终于可以休息了……
DLG_AFTERDROWN_0,"Ughhhh...
What happened?","Aaargh...
 Qu'est-ce qui s'est passé ?","Ufff ...
 Was ist passiert?","Ughhhh...
 Cos'è successo?","Ughhhh...
  O que aconteceu?","Argh...
  ¿Qué pasó?","У-у-ух...
 Что произошло?","うぅ…
何がどうなってるの？","呃啊啊……
什么情况？"
DLG_AFTERDROWN_1,You found my urn. I was able to... rebuild you.,Vous avez trouvé mon urne. Et j'ai réussi à ...vous reconstruire.,Du hast meine Urne gefunden. Ich konnte dich ... wiederherstellen.,Hai trovato la mia urna. Sono riuscita a… ricostruirti.,Você encontrou minha urna. Eu consegui... Reconstruir você.,Hallaste mi urna. Y logré... reconstruirte.,Ты нашла мою урну. Я смогла тебя... перестроить.,"あなたが私の埋葬壺を
見つけてくれたおかげで、
あなたの身体を…
再構成できるようになった。",你找到了我的瓮，所以我得以……将你重造。
DLG_AFTERDROWN_6,Just what ... what the hell are you?,"Hein, que... qui êtes-vous ?!",Nur was ... was zum Teufel bist du?,Ma cosa… cosa diavolo sei tu?,Mas o quê... Que diabos é você?,Pero qué... ¿qué rayos eres?,Чего тут... Что ты вообще такое?,あなたは一体…誰？,你……是什么人？
DLG_AFTERDROWN_10,"I am an Arm. An intelligent collection of machines. And a part of you, now.","Je suis une Arme. Un ensemble intelligent de machines. Et désormais, je fais partie de vous, de toi.",Ich bin eine Waffe. Eine intelligente Ansammlung von Maschinen. Und jetzt ein Teil von dir.,"Sono un Braccio. Un insieme intelligente di macchine. E ora, una parte di te.","Eu sou uma Arma. Uma compilação inteligente de máquinas. E agora, parte de você.","Soy un ""brazo"". Una combinación de máquinas inteligente. Y ahora, parte de ti.",Я Рука. Конгломерат разумных машин. А теперь часть тебя.,"私は「アーム」と呼ばれる
マシンの知能集合体。
そして今は、
あなたの一部でもある。",我是一件神器，是机器的智能集合，现在也成为了你的一部分。
DLG_AFTERDROWN_3,Oh. Shit.,Oh. Putain.,Oh. Scheiße.,"Oh, merda…",Ah! Merda.,Ah. Mierda.,А. Блин.,"正気で
言ってるの？",噢靠。
DLG_AFTERDROWN_14,My name is Amashilama. It is an honor to have a new Wielder.,Je m'appelle Amashilama. C'est un honneur d'avoir une nouvelle Héraldesse.,"Mein Name ist Amashilama. Es ist mir eine Ehre, einen neuen Träger zu haben.",Mi chiamo Amashilama. È un onore avere un nuovo Portatore.,Meu nome é Amashilama. É uma honra tê-la como Portadora.,Me llamo Amashilama. Es un honor tener una nueva canalizadora.,Меня зовут Амашилама. И для меня честь иметь новую Владелицу.,"私の名前はアマシラーマ。
新たな「行使者」を
迎えることができて光栄だわ。",我名为阿玛希拉玛，能够找到新的持者，我不胜荣幸。
DLG_AFTERDROWN_15,(I've got to get out of here... find someone who can get this thing out of me!),(Faut que je sorte d'ici... que je trouve quelqu'un qui peut me retirer cette chose !),"(Ich muss hier raus ... Jemanden finden, der dieses Ding aus mir herausholen kann!)",(Devo andarmene subito da qui… e trovare qualcuno che possa tirar fuori questa roba dal mio corpo!),(Eu preciso sair daqui... Encontrar alguém que tire essa coisa de mim!),(Tengo que salir de aquí... ¡y buscar la manera de sacarme esta cosa!).,"(Нужно отсюда выбираться... и найти того, кто сможет вытащить из меня эту штуку!)","（早くこんな所から出て…
　私からこいつを取り除いてくれる
　誰かを見つけないと！）",（我得尽快离开这个地方……找人帮我消掉这个东西！
DLG_DRONES_0,What was the deal with those drones? They don't look like something Hammond Corp would have made.,"C'était quoi, ces drones ? Ils n'ont pas l'air d'avoir été créés par Hammond Corp.","Was hat es mit diesen Drohnen auf sich? Sie sehen nicht wie etwas aus, das die Hammond Corp hergestellt hätte.",Cosa diavolo sono quei droni? Non sembra il tipo di macchina che avrebbe costruito la Hammond Corp.,O que há com esses drones? Eles não parecem algo que a Corporação Hammond teria feito.,¿Y esos drones? No parecen obra de Hammond Corp.,Что это были за дроны? Не очень-то похоже на разработку Хаммонд-Корп.,"あのドローンは何？
ハモンド社の作ったもの
ではないみたいだけど。",那些无人机是怎么回事？看着不像是哈蒙德集团会用的东西。
DLG_DRONES_1,They were sent by the Lamassu - a sort of machine designed to protect against interlopers.,"Ils ont été envoyés par le Lamassu, une sorte de machine conçue pour repousser les intrus.","Sie wurden vom Lamassu geschickt – eine Art Maschine, die vor Eindringlingen schützen soll.",Sono stati mandati dal Lamassu - una specie di macchina progettata per proteggere contro gli intrusi.,Eles foram enviados por Lamassu - um tipo de máquina desenvolvida para proteção contra intrusos.,"Los envió la Lamassu, una especie de máquina diseñada para expulsar intrusos.","Их послал Ламассу. Он что-то типа машины, разработанной для защиты от посягателей.","侵入者を退けるために
ラマッスが放ったマシンよ。",它们由拉玛苏派遣而来，拉玛苏是一台机器，专门负责驱赶不速之客。
DLG_DRONES_2,It is likely what destroyed your people's settlement.,C'est sans doute ce qui a détruit le camp de tes semblables.,"Es ist wahrscheinlich das, was die Siedlung deines Volkes zerstört hat.",È molto probabile che sia stato lui ad aver distrutto l'insediamento della tua gente.,Provavelmente foram eles que destruíram o assentamento do seu povo.,Es probable que haya sido lo que destruyó el asentamiento de tu gente.,"Скорее всего, он и уничтожил поселение твоего народа.","あなたの仲間の集落は
そいつらが破壊したようね。",可能是它摧毁了你们的居所。
DLG_DRONES_3,What the hell is going on here?,"C'est quoi, toutes ces histoires ?",Was zum Teufel ist hier los?,Cosa diavolo sta succedendo qui?,Que droga está acontecendo aqui?,¿Qué diablos está pasando aquí?,Да что тут вообще происходит?,"ここでは一体何が
起きてるっていうの？",这个地方到底是什么情况？
DLG_SHESHKALAACQUIRE_0,I AM SHESHKALA. Thank you for freeing me from my slumber.,JE SUIS SHESHKALA. Merci de m'avoir libéré de mon sommeil.,"ICH BIN SHESHKALA. Danke, dass du mich aus meinem Schlummer befreit hast.",SONO SHESHKALA. Grazie per avermi liberato dal mio sonno profondo.,EU SOU SHESHKALA. Agradeço por me libertar de minha hibernação.,SOY SHESHKALA. Gracias por despertarme de mi sueño.,"Я ШЕШКАЛА. Спасибо, что пробудила меня от моего сна.","私はシェシュカラ。
この眠りから私を
解放してくれて感謝する。",我是谢什卡拉，你令我由长眠苏醒，谢谢。
DLG_SHESHKALAACQUIRE_1,Another one?!,"Quoi, encore une de ces choses ?!",Noch einer?!,Un altro?!,Mais um?!,¿¡Otra más!?,Еще одна?!,またもうひとり？！,又来了一个？！
DLG_SHESHKALAACQUIRE_2,"The Arms are many, Wielder. Sheshkala can help you surmount high ledges.","Les Armes sont multiples, Héraldesse. Sheshkala te permettra de surmonter les rebords élevés.","Die Waffen sind zahlreich, Träger. Sheshkala kann dir helfen, hohe Vorsprünge zu überwinden.","Le Braccia sono tante, Portatore. Sheshkala può aiutarti ad arrampicarti sulle sporgenze più alte.","As Armas são muitas, Portadora. Sheshkala pode ajudá-la a alcançar saliências mais altas.","Hay muchos brazos, canalizadora. Sheshkala puede ayudarte a superar grandes alturas.","Рук множество, Владелица. Шешкала может помочь тебе взбираться на высокие уступы.","行使者よ、
アームは複数存在する。
シェシュカラはあなたが
高い岩棚を登り切るための
手助けとなるでしょう。",持者，神器众多。谢什卡拉能够让你攀登高处的岩架。
DLG_ARMUMANACQUIRE_0,"Oh my, is it true?
Am I finally free?","Je rêve ?
 Je suis enfin libre ?","Oje, ist das wahr?
 Bin ich endlich frei?","Oh cielo, è tutto vero?
 Sono finalmente libero?","Poxa, é verdade mesmo?
  Estou livre, finalmente?","Ay, ¿será cierto?
  ¿Soy libre por fin?","Ой-ой, это правда?
Я что, и правда свободен?","これって夢じゃないよね？
本当にぼくは自由になったの？","我的天呐，真的吗？
我终于自由了？"
DLG_ARMUMANACQUIRE_1,Hold on a sec... you're a *kid*?,Attends une seconde... tu es un *gamin* ?,Warte mal kurz ... du bist ein *Kind*?,Aspetta un secondo… sei un *bambino*?,Espere um pouco... Você é uma *criança*?,Espera... ¿Eres un *niño*?,"Погоди-ка... ты что, *ребенок*?",ちょっと…まさか”子ども”のアーム？,等等……你是个孩子？
DLG_ARMUMANACQUIRE_2,My name is Damu.,Je m'appelle Damu.,Mein Name ist Damu.,Mi chiamo Damu.,Meu nome é Damu.,Me llamo Damu.,Меня зовут Даму.,ぼくはダムー。,我名叫达木。
DLG_ARMUMANACQUIRE_3,"At the end of the war, they thought maybe kids would make better Arms...","À la fin de la guerre, ils ont cru que les enfants feraient de meilleures Armes...","Am Ende des Krieges dachten sie, dass Kinder vielleicht bessere Waffen wären ...","Alla fine della guerra, iniziarono a credere che forse i bambini sarebbero state delle Braccia migliori…","No fim da guerra, eles pensaram que crianças pudessem ser Armas melhores...","Al final de la guerra, se les ocurrió que los niños podrían ser mejores brazos...","К концу войны они решили, что, возможно, из детей будут получаться Руки получше...","戦争が終わりの頃、
子どもは大人よりも有能な
アームになれると
信じられていたんだ…",大战结束的时候，他们觉得孩子或许能够成为更强大的神器……
DLG_ARMUMANACQUIRE_5,So you've been ... trapped like this ... ever since?,Alors tu... tu es coincé ici... depuis tout ce temps ?,Also warst du ... so gefangen ... seither?,Quindi sei… intrappolato così… da allora?,Então você... esteve preso... desde aquela época?,¿Y quedaste atrapado así... desde ese entonces?,Хочешь сказать... что ты с тех времен... в таком состоянии?,"それであなたは…今までずっと…
こんな所に閉じ込められていたの？",之后……你就一直……封在了这个瓮里？
DLG_ARMUMANACQUIRE_6,I am so sorry.,Je suis navrée.,Es tut mir so leid.,Mi dispiace tanto.,Eu lamento.,Lo siento mucho.,Мне так жаль.,かわいそうに…,太可怜了。
DLG_ARMUMANACQUIRE_7,"Damu may be the youngest of the Arms, but his powers can still be of use.","Damu a beau être le plus jeune des Armes, son pouvoir est très utile.","Damu mag der jüngste der Waffen sein, aber seine Kräfte können noch von Nutzen sein.","Damu sarà anche il più giovane tra le Braccia, ma i suoi poteri potranno essere d'aiuto.","Damu pode ser a Arma mais jovem, mas seus poderes ainda são úteis.","Damu podrá ser el más joven de los brazos, pero sus poderes aún son útiles.","Хоть Даму и самый юный из Рук, его силы вполне могут пригодиться.","ダムーはアームの中では
最も幼いかもしれないが、
力は確かよ。",一众神器之中，达木的年龄虽然最小，但是他的能力依然可以发挥作用。
DLG_ARMUMANACQUIRE_10,"This kid was trapped in a jar all this time, and all you can think about is how useful he can be?","Ce gosse était coincé dans ce pot depuis tout ce temps, et tout ce qui vous vient à l'esprit, c'est son degré d'utilité ?","Dieses Kind war die ganze Zeit in einem Gefäß gefangen, und alles, woran du denken kannst ist, wie nützlich er sein kann?",Questo bambino è intrappolato in un barattolo da chissà quanto tempo e tu riesci solo a pensare se possa esserci utile?,"O garoto esteve preso esse tempo todo, e você só consegue pensar em quão útil ele pode ser?",Este chico estuvo dentro de un frasco todo este tiempo... ¿y tú solo piensas en su utilidad?,"Этот ребенок все это время в урне провел, а ты только и можешь думать о том, как он может пригодиться?","こんな子どもがずっと壺の中に
閉じ込められていたというのに、
あなたが気にかけるのは
この子の力だけ？",这个孩子困在这瓮里这么久，你们考虑的却只是如何利用他？
DLG_ARMUMANACQUIRE_8,No really! Hold out your hand. I can make a ball out of it.,"Mais, vraiment ! Tends la main. Je vais en faire une grosse boule.","Nein, wirklich! Streck deine Hand aus. Ich kann einen Ball daraus machen.","No, davvero! Porgimi la mano. Posso creare una palla.",É verdade! Estenda sua mão. Posso fazer uma bola aparecer nela.,"¡No, de verdad! Extiende tu mano. Puedo formar una bola.",Ничего страшного! Протяни руку. Я могу сделать из нее шар.,"そんなことないよ！
手を出してみて。
ぼくが手の中にボールを
作るから。",没有没有！你把手伸出来，我可以变出来一个球。
DLG_ARMUMANACQUIRE_11,Then throw it and see what happens.,"Maintenant, lance-la pour voir ce qui se passe.","Dann wirf ihn und schau, was passiert.",Poi lanciala e guarda cosa succede.,Agora atire-a e veja o que acontece.,Luego lánzala y mira qué pasa.,"Брось его и посмотри, что произойдет.",そしたらそれを投げてみて。,把它扔出去，看看会怎么样。
DLG_DRONEFIRSTUSE_3,See?,Tu vois ?,Siehst du?,Visto?,Viu?,¿Lo ves?,Видишь?,分かった？,看见没？
DLG_DRONEFIRSTUSE_4,"I was supposed to be able to turn you into giant beasts, but this pretty good, too, right?","J'étais censé pouvoir te changer en créature géante, mais c'est pas mal non plus. Tu crois pas ?","Ich sollte in der Lage sein, euch in riesige Biester zu verwandeln, aber das hier ist auch ziemlich gut, oder?","Avrei dovuto essere in grado di trasformarti in una bestia gigante, ma neanche questo è tanto male, no?","Eu deveria ser capaz de transformar você em feras gigantes, mas isso é bem legal também, não é?","Se suponía que podría convertirlos en bestias enormes, pero esto no está nada mal, ¿eh?","По замыслу, я должен превращать людей в огромных зверей, но и так довольно круто, да?","本当はあなたを
巨大な獣の姿にだって
できるはずだけど、
これも結構悪くないよね？",我本来应该能把你变成巨兽，不过现在这样也很好，对不对？
DLG_DRONEFIRSTUSE_2,It's certainly ... something.,C'est... c'est quelque chose.,Das ist auf jeden Fall ... etwas.,È certamente… qualcosa.,Certamente é... interessante.,Es... interesante.,Это определенно... интересно.,確かに…役に立ちそうね。,确实……有两下子。
DLG_DRONEFIRSTUSE_5,Now try and go through that storm portal. No other Arm can do that!,"Maintenant, essaye de passer à travers ce portail de tempête. Aucune autre Arme ne peut le faire !","Und jetzt versuche, durch das Sturmportal zu gehen. Keine andere Waffe kann das!",Ora prova ad attraversare quel portale-tempesta. Nessun altro Braccio può farlo!,Agora tente atravessar aquele portal de ruptura. Nenhuma outra Arma pode fazer isso.,Ahora prueba cruzar ese portal. ¡Ningún otro brazo puede hacerlo!,А теперь попробуй пройти через штормовой портал. Ни одна другая Рука на такое не способна!,"それじゃあ
あのブリーチポータルを
今から渡ってみて。
他のアームの力じゃ
できないことなんだよ！",进这道风暴传送门里看看，这道门只有我进得去！
DLG_ARCHAEOLOGIST1_0,Hey there!,Hé là !,"Hey, du!","Ehi, tu!","Ei, você!",¡Hola!,Привет!,おーい！,嘿！
DLG_ARCHAEOLOGIST1_1,"Oh thank god, I thought I was alone here.","Oh, Dieu merci. Je croyais que j'étais toute seule, ici.","Oh Gott sei Dank, ich dachte schon, ich wäre allein hier.","Oh, grazie al cielo, credevo che non ci fosse nessun altro qui.","Graças a Deus, eu pensei que estava sozinha aqui.","Ah, qué bueno. Creí que estaba sola aquí.","О, слава богу, я думала, что я тут одна.","よかった、ここにいる人間は
私１人だけだと思ってた。",谢天谢地，我还以为这个地方只有我一个人。
DLG_ARCHAEOLOGIST1_2,"Ah, did you stumble upon our special freight elevator? It's a gift that keeps giving.","Ah, vous avez dû tomber sur notre ascenseur de fret spécial. Contente que ça profite à tout le monde.","Ah, bist du über unseren speziellen Lastenaufzug gestolpert? Es ist ein Geschenk, das immer weitergegeben wird.","Ah, anche tu ti sei imbattuta nel nostro speciale montacarichi? È un dono che continua a regalarci emozioni.","Ah, você encontrou nosso elevador de carga especial? É um presente eterno.",¿Te encontraste con nuestro querido ascensor de carga? Sigue siendo útil.,"А, ты уже видела наш особый грузовой лифт? Просто какой-то дар богов.","もしかして、私たちの
特別貨物用エレベータを
見つけてくれたの？
こんな贈りものが届くなんて。",哈，你是进了我们特种货用电梯吧？这个东西总是能给人惊喜。
DLG_ARCHAEOLOGIST1_3,"One way ticket, unfortunately. Seems we're still trapped here awhile.","Malheureusement, c'est un billet sans retour. Je suppose qu'on va rester coincées ici encore un bout de temps.","Leider ein Ticket ohne Wiederkehr. Scheint, als wären wir hier immer noch gefangen.","Ed è un biglietto di sola andata, purtroppo. A quanto pare resteremo bloccate qui per un po'.","Infelizmente, uma passagem só de ida. Parece que ainda vamos ficar presas aqui por um tempo.","Pero solo en una dirección, lamentablemente. Parece que estaremos atrapadas aquí un tiempo.","К сожалению, билет в один конец. Похоже, мы тут ненадолго задержимся.","でもあのエレベーターは
残念ながら片道切符なの。
私たちはまだしばらく
この場所に閉じ込められる
ことになるわ。",不过进了那个电梯，来了就回不去了，看样子我们还得在这个地方再待几天。
DLG_ARCHAEOLOGIST1_6,Trapped *where* exactly?,"Coincées *où*, exactement ?",Gefangen *wo* genau?,Intrappolate *dove* esattamente?,Presas *onde* exatamente?,¿*Dónde* estamos exactamente?,Задержимся *где*?,"私たちは一体”どこ”に
閉じ込められているの？",回不去了？这是什么地方？
DLG_ARCHAEOLOGIST1_7,The locals - the Sagiga - called this place 'Kiengir'. It's a different universe from Earth.,Les locaux - les Sagiga - nomment cet endroit « Kiengir ». C'est un univers séparé de la Terre.,Die Einheimischen – die Sagiga – nannten diesen Ort „Kiengir“. Es ist ein anderes Universum als die Erde.,La gente del posto - i Sagiga - chiamava questo posto 'Kiengir'. Un universo diverso rispetto alla Terra.,Os nativos - Sagiga - chamaram este lugar de 'Kiengir'. É um universo diferente da Terra.,"Los sagigas, nativos del lugar, lo llaman ""Kiengir"". Es un universo paralelo al de la Tierra.",Местные — Сагига — называли это место Киенгир. Альтернативная реальность.,"ここの原住民のサンギガは
この地のことを「キエンギ」と
呼んでいたらしいわ。ここは
地球とは違う世界なの。",本地的民族自称萨吉伽，他们管这里叫“齐恩基鲁”，不是地球所在的那个宇宙。
DLG_ARCHAEOLOGIST1_16,"Dr. Hammond built the portal here, but was afraid what would happen if anyone found out.","Dr. Hammond a construit le portail ici, mais elle avait peur de ce qui arriverait si quelqu'un le trouvait.","Dr. Hammond baute das Portal hier, hatte aber Angst, was passieren würde, wenn jemand davon erfährt.","La dottoressa Hammond costruì il portale per arrivare qui, ma aveva paura di cosa potesse accadere se qualcuno l'avesse trovato.","A Dra. Hammond construiu o portal aqui, mas tinha medo do que pudesse acontecer caso alguém descobrisse.","La Dra. Hammond construyó el portal aquí, pero temía las consecuencias de que fuera descubierto.","Доктор Хаммонд построила сюда портал, но боялась, что о нем все могут узнать.","ハモンド博士がここへ来る
ためのポータルを作ったの。
でも、それが誰かに
見つかることを恐れていた。",哈蒙德博士在这里建造了传送门，可是担心其他人发现这个地方。
DLG_ARCHAEOLOGIST1_9,She discovered a whole alternate world ... then kept it a secret? Why?,Elle a découvert un monde alternatif... et l'a tenu secret ? Pourquoi ?,Sie entdeckte eine völlig andere Welt ... und hielt sie dann geheim? Und warum?,Ha scoperto un intero mondo alternativo… e lo ha tenuto segreto? Perché?,Ela descobriu um mundo alternativo... e manteve em segredo? Por quê?,Descubrió todo un mundo alternativo y... ¿se guardó el secreto? ¿Por qué?,Она открыла целый параллельный мир... а затем скрыла его ото всех? Но зачем?,"彼女は完全に別の世界を
見つけたわけね…
でもそのことを秘密にした。
なぜ？",她发现了一个平行世界……却完全没有公开？为什么？
DLG_ARCHAEOLOGIST1_10,"Unfortunately she disappeared years ago, so we can't ask her.","Hélas, on ne peut pas lui demander : elle a disparu il y a plusieurs années.","Leider ist sie vor Jahren verschwunden, also können wir sie nicht fragen.","Sfortunatamente è scomparsa anni fa, quindi non potremo farle questa domanda.","Infelizmente, ela desapareceu há muitos anos, então não vamos poder perguntar isso a ela.","Por desgracia, ya no podemos preguntárselo.","К сожалению, она исчезла много лет назад, так что уже не спросить.","彼女はもう
何年も前にいなくなった。
聞くのはムリよ。",她几年前就失踪了，我们也没能问她这个问题。
DLG_ARCHAEOLOGIST1_11,"And it turns out the locals ... or their machines, I guess... didn't really like us poking around.","Et il s'avère que les locaux... ou leurs machines, je suppose... n'ont pas apprécié qu'on vienne fouiner dans le coin.","Und es stellte sich heraus, dass die Einheimischen ... oder ihre Maschinen, schätze ich ... es nicht wirklich mochten, wenn wir herumschnüffelten.","Tra l'altro gli abitanti del luogo… o meglio, le loro macchine… non gradiscono granché vederci ficcare il naso in giro.","E acontece que os nativos... ou as máquinas deles, eu acho... não gostaram muito da nossa curiosidade.","Y resulta que los nativos, o sus máquinas... no nos reciben de la mejor manera.","А потом оказалось, что местные... или их машины, наверное... не очень-то были рады тому, что мы тут ошивались.","それにここの原住民…
のロボットたちは、多分…
私たちが辺りをうろつくことを
警戒している。",而且当地的这个民族……也可能是他们的机器……并不喜欢我们到处乱逛。
DLG_ARCHAEOLOGIST1_14,Not many of us survived.,Nous sommes très peu de survivants.,Nicht viele von uns haben überlebt.,Non molti di noi sono sopravvissuti.,Poucos de nós sobreviveram.,No sobrevivimos muchos.,Немногие из нас выжили.,"生き残っている人も、
もうほとんどいない。",我们大部分人都牺牲了。
DLG_ARCHAEOLOGIST1_12,Please tell me you're working on a way to get back home.,"Par pitié, dites-moi que vous cherchez le moyen de nous ramener chez nous.","Bitte sag mir, dass du an einer Möglichkeit arbeitest, nach Hause zu kommen.","Ti prego, dimmi che stai lavorando a un modo per tornare a casa.","Por favor, me diga que está trabalhando em uma maneira de voltar para casa.","Por favor, dime que están buscando la manera de volver.","Пожалуйста, скажи, что ты работаешь над тем, как вернуть нас домой.","あなたたちがどうやって
元の世界に戻ろうと
しているか教えて。",所以你们正在想回去的办法，是不是？
DLG_ARCHAEOLOGIST1_17,"Not me specifically - I'm just an archaeologist. But the Site Manager, Warren, is up at the observatory trying to build portal going back.","Pas moi en particulier, je ne suis qu'une archéologue, après tout. Mais le Chef de Chantier, Warren, est à l'observatoire pour essayer de construire un portail de retour.","Nicht ich direkt – ich bin nur ein Archäologe. Aber der Bauleiter, Warren, ist oben im Observatorium und versucht, ein Portal zu bauen, das zurückführt.","Non io nello specifico - sono solo un'archeologa. Ma il responsabile dell'area, Warren, è su all'osservatorio per tentare di costruire un portale in grado di portarci a casa.","Eu não, sou só uma arqueóloga. Mas o supervisor do local, Warren, está lá em cima no observatório tentando construir um portal para voltarmos.","Yo, personalmente, no. Soy solo una arqueóloga. Pero Warren, el encargado del lugar, está en el observatorio intentando construir un portal de vuelta.","Ну, не конкретно я. Я просто археолог. Но наш управляющий, Уоррен, сейчас наверху, в обсерватории. Он пытается построить обратный портал.","私はただの考古学者だから
なんにもできないけど、
サイトマネージャーの
ウォーレンは観測所に行って
元の世界に戻るための
ポータルを作ろうとしてるわ。",我毕竟只是考古的，想不出什么办法，不过现场经理正在观测台造送我们回去的传送门。
DLG_ARCHAEOLOGIST1_19,Where is that?,"Et c'est où, cet observatoire ?",Wo ist das?,Dove si trova?,Onde fica isso?,¿En dónde queda eso?,Куда идти?,観測所はどこにあるの？,观测台在哪里？
DLG_ARCHAEOLOGIST1_20,Only at the top of the mountain just ahead.,"Oh, juste au sommet de la montagne qui nous fait face.",Nur auf der Spitze des Berges geradeaus.,Sulla cima della montagna che vedi davanti a te.,No topo da montanha logo à frente.,"En la cima de la montaña, allí delante.","На вершину горы, прямо.",ちょうどこの山の頂上よ。,就在前面那座山最顶上。
DLG_ARCHAEOLOGIST1_21,"But listen, we've got to be honest, we've tried a hundred different ways to get back, and nothing works. Be prepared for failure.","Mais, écoutez, on ne va pas se mentir... On a essayé des milliers des choses pour rentrer, rien ne marche. Il vaux mieux s'attendre à un autre échec...","Aber hör zu, wir müssen ehrlich sein, wir haben hundert verschiedene Wege ausprobiert, um zurückzukommen, und nichts funktioniert. Sei auf ein Scheitern vorbereitet.","Ma ascolta, meglio essere franchi. Abbiamo provato a tornare indietro in centinaia di modi, e nulla ha funzionato. Sii pronta al fallimento.","Mas ouça, pra dizer a verdade, nós tentamos voltar de centenas de maneiras diferentes, e nada funcionou. Esteja preparada para o fracasso.","Pero debo advertirte: hemos intentado miles de maneras de volver, y nada funciona. Prepárate para fracasar.",Но буду честна: мы уже сто различных вариантов всего перепробовали — и все напрасно. Так что готовься к провалу.,"でもホントのことを話すと、
色んな方法を試したけど、
どれもうまくいかなかった。
失敗は前もって覚悟して
おいたほうがいいわ。",不过跟你实话实说，我们已经试了一百种办法，无一成功，所以这次也有可能失败，做好心理准备。
DLG_ARCHAEOLOGIST1_22,I'm Indra Chaudhari. I'll reverse engineer and build a portal myself if I have to.,"Je suis Indra Chaudhari. J'utiliserai la rétro-ingénierie et construirai un portail de mes mains, s'il le faut.","Ich bin Indra Chaudhari. Ich werde ein Portal selbst nachbauen, wenn ich es muss.","Io sono Indra Chaudhari. Se necessario, lo reingegnerizzerò e costruirò un portale da zero.","Eusou Indra Chaudhari. Se for preciso, eu mesma faço a engenharia reversa e construo um portal.",Soy Indra Chaudhari. Yo misma haré un portal con ingeniería inversa si es necesario.,"Я Индра Чаудхари. Я сама реверсирую и пересоберу портал, если придется.","私はインドラ・チョーダリーよ。
何なら自分でリバース・
エンジニアリングでもして
ポータルを作ってみせるわ。",我是因德拉·乔杜里，有必要的话，我可以逆向分析传送门，然后自己造一个出来。
DLG_ARCHAEOLOGIST1_13,Maybe I should be more optimistic; it's just hard with everyone gone.,"Je devrais sans doute être un peu plus optimiste. Mais c'est pas évident, avec les pertes qu'on a essuyées.","Vielleicht sollte ich optimistischer sein; es ist einfach schwer, wenn alle weg sind.","Forse dovrei essere più ottimista; ma è dura, ora che sono tutti andati.","Talvez eu devesse ser mais otimista, mas ficou difícil depois que todos se foram.","Quizás deba ser más optimista, pero ya no queda casi nadie.","Наверное, нужно быть более оптимистичной, но очень трудно, когда все остальные мертвы.","私ももっと楽観的に
ならなきゃダメかも。
みんながいなくなったことは
辛いけど。",我可能应该乐观一点，只是大家都不在了，心态很难保持积极。
DLG_ARCHAEOLOGIST1_23,"My name's Malka, by the way. Nice to see a new face around here.","Au fait, moi c'est Malka. Contente de voir une nouvelle tête.","Mein Name ist übrigens Malka. Schön, ein neues Gesicht hier zu sehen.","Mi chiamo Malka, comunque. È bello vedere una faccia nuova in giro.","A propósito, meu nome é Malka. É bom ver um rosto novo por aqui.","Por cierto, me llamo Malka. Me alegra ver a alguien nuevo por aquí.","Меня, кстати, Малка зовут. Очень приятно увидеть здесь новое лицо.","自己紹介が遅れたけど、
私はマルカ。
こんな場所でも
新しい人に会えて嬉しいわ。",哦对，我叫玛勒卡，能在这里看到新面孔，真是太好了。
DLG_ARCHAEOLOGIST2_0,What can you tell me about the ruins around here?,Pouvez-vous m'en dire plus sur les ruines qui nous entourent ?,Was kannst du mir über die Ruinen hier erzählen?,Cosa sai dirmi delle rovine qui intorno?,O que você pode me dizer sobre as ruínas desta região?,¿Qué me cuentas de estas ruinas?,Что можешь рассказать обо всех этих развалинах?,"ここにある遺跡について
何か知ってるかしら？",附近的这些遗迹，你知道是什么情况吗？
DLG_ARCHAEOLOGIST2_1,"It's funny, they look like they came from ancient mesopotamia, but according to radio carbon dating...","C'est drôle, mais on dirait qu'elles viennent de la Mésopotamie antique... Mais à en juger par la datation au carbone 14...","Es ist komisch, sie sehen aus, als kämen sie aus dem alten Mesopotamien, aber laut Radiokarbondatierung ...","È buffo, sembrano provenire direttamente dall'antica Mesopotamia, ma secondo la datazione al radiocarbonio…","É engraçado, elas parecem ter vindo da antiga mesopotânia, mas de acordo com a datação por radiocarbono...","Es curioso: parecen de la antigua Mesopotamia, pero según la datación por carbono...","Забавно, что, судя по их виду, можно подумать, будто бы они из древней Месопотамии, но радиоуглеродный анализ показывает...","それがすごく興味深いの。
一見すると古代メソポタミア
時代のものに見えるけど
炭素年代測定してみると…",这些遗迹很蹊跷，看着像是古代美索不达米亚文明，可放射性碳测定的结果显示……
DLG_ARCHAEOLOGIST2_2,... these are a few hundred years *newer*. So it's convergent evolution? How improbable is that?,... celles-ci sont de quelques siècles *plus récentes*. Serait-ce une évolution convergente ? Comment est-ce possible ?,... sind diese ein paar hundert Jahre *jünger*. Also ist es konvergente Evolution? Wie unwahrscheinlich ist das?,…sono di qualche secolo *più recenti*. Quindi forse si tratta di evoluzione convergente? La cosa è parecchio improbabile.,"...elas são algumas centenas de anos *mais novas*. Então, seria convergência evolutiva? Quão improvável isso é?",son unos cientos de años más *recientes*. ¿Entonces es una convergencia evolutiva? ¿Qué tan improbable es eso?,"...что они на несколько сотен лет *новее*. Это что, параллельная эволюция? Такое вообще возможно?","今の時代から数百年も
”新しい”もと測定されたの。
一種の収斂進化ってこと？
そんなことありえるのかしら？",……这些东西不仅不是来自古代，反而是几百年之后的东西。莫非是趋同演化？这个概率也太低了。
DLG_ARCHAEOLOGIST2_3,"Dr. Hammond knew what was going on, but she's probably long dead.","Dr. Hammond savait ce qui se passait, mais elle est sûrement morte à l'heure qu'il est.","Dr. Hammond wusste, was vor sich ging, aber sie ist wahrscheinlich schon lange tot.","La dottoressa Hammond sapeva cosa stava succedendo, ma probabilmente è morta da tempo.","A Dra. Hammond sabia o que estava acontecendo, mas provavelmente ela já morreu há muito tempo.","La Dra. Hammond sabía lo que sucedía, pero debe de haber muerto hace tiempo.","Доктор Хаммонд знала, что тут происходит, но она, скорее всего, уже давно мертва.","ハモンド博士なら
何か知ってただろうけど、
多分もうとっくの昔に
死んじゃってるわ。",哈蒙德博士知道这里是怎么回事，可她估计早就已经不在人世了。
DLG_ARCHAEOLOGIST3_0,Hey there. Build that portal yet?,"Salut. Alors ce portail, il avance ?","Hey, du. Hast du das Portal schon gebaut?",Ehilà. Già costruito il portale?,Oi! Já construiu o portal?,"Oye, hola. ¿Ya construiste ese portal?",Привет. Вы уже построили портал?,"ねえ、ポータルは
まだできないのかしら？",嘿！传送门造好了没？
DLG_ARCHAEOLOGIST3_1,You'll have to wait just a bit longer.,Il va falloir attendre encore un peu.,Du musst noch ein bisschen warten.,"Dovrai attendere ancora un po', temo.",Você vai ter que esperar um mais um pouco.,Habrá que esperar un poco más.,Тебе придется еще немного подождать.,まだもう少し待ってて。,还要再稍微等一等。
DLG_ARCHAEOLOGISTINFECTED_0,Don't come near ... you don't want whatever I've got.,Ne... n'approchez pas... Je ne voudrais pas vous refiler ce que j'ai...,"Komm nicht in die Nähe ... du willst nicht, was ich habe.",Non avvicinarti… non vuoi mischiarti la malattia che ho.,Não se aproxime... Você não vai querer pegar isso.,No te acerques... no quieres contagiarte lo que sea que tengo.,"Близко не подходи... Ты же не хочешь заразиться тем, что у меня.","近づかないで…
私にかかったものを
あなたにうつしたくない。",你别过来……你不知道什么东西进了我体内。
DLG_JONESTOWNANSIBLE_1,You must enter an upstream port. Your daughter depends on you.,Vous devez entrer dans un port en amont. Votre fille dépend de vous.,Du musst ein Portal stromaufwärts betreten. Deine Tochter ist auf dich angewiesen.,Devi entrare in un portale. La vita di tua figlia dipende da te.,Você precisa entrar numa porta de fluxo superior. Sua filha depende de você.,Debes entrar a un puerto contracorriente. Tu hija depende de ti.,Тебе нужно войти в порт в верхнем течении. Судьба твоей дочери зависит от тебя.,"アップストリーム
ポートに入る
必要がある。
娘の安否は
あなた次第だ。",你必须进入上游的一个传送门，你的女儿就靠你了。
DLG_JONESTOWNANSIBLE_2,Who are you?,Qui es-tu ?,Wer bist du?,Chi sei?,Quem é você?,¿Quién eres?,Кто ты?,あなたは誰？,你是谁？
DLG_JONESTOWNANSIBLE_3,"Running out of memory. Go to telescope next, sector 23, 3.","Mémoire bientôt insuffisante. Allez au télescope, secteur 23, 3.","Mir geht der Speicher aus. Geh zum Teleskop als Nächstes, Sektor 23, 3.","Memoria in esaurimento. Procedi verso il telescopio, settore 23, 3.","Memória acabando. Vá ao telescópio em seguida, setor 23,3.",No queda mucha memoria. Ahora ve al telescopio en el sector 23-3.,"Память заканчивается. Направляйся к телескопу, сектор 23, 3.","もうメモリーが
切れる。
次は観測所へ
向かいなさい。
場所は
セクター２３，３。","内存不足，前往23,3区的观测台。"
DLG_JONESTOWNANSIBLE_4,Damn. These old ansibles had to be pre-loaded with all the memory they would ever use.,Et merde. Ces vieux ansibles devaient être préchargés avec toute la mémoire dont ils auraient besoin.,"Verdammt. Diese alten Raumschiffe mussten mit dem gesamten Speicher ausgestattet sein, den sie jemals brauchen würden.",Dannazione. Questi vecchi ansible erano dotati di una memoria precaricata in partenza e non espandibile.,Droga. Esses ansilble velhos tinham que vir pré-carregados com toda a memória necessária.,Maldición. Deben haber precargado estos ansibles viejos con toda la memoria que usarían.,Черт. У этих старых ансиблей был лимитированный запас предзагруженной памяти.,"クソッ、こんな古いアンシブルなら
使い切れないくらいメモリーを
あらかじめ搭載しておくべきでしょ。",该死，这种老式安塞波必须预先载入之后需要用的所有内存。
DLG_JONESTOWNANSIBLE_5,They must have already used up every last byte.,Ils l'ont sans doute déjà utilisée jusqu'au dernier octet.,Sie müssen bereits jedes einzelne Byte aufgebraucht haben.,Devono aver utilizzato fino all'ultimo bye.,Deve ter usado até o último byte.,Habrá usado hasta el último byte.,"Должно быть, они уже использовали все до последнего байта.","最後の数バイトも
使い切ったみたいね。",这个的内存肯定已经用完了。
DLG_SITEMANAGER1_0,Excuse me.,"Hum, excusez-moi.",Entschuldige mich.,Scusami…,Com licença.,Disculpa.,Извините.,お邪魔するわ。,打扰一下。
DLG_SITEMANAGER1_1,"Ah, hello there. A newcomer!","Ah, salut. Une nouvelle !","Ah, hallöchen. Ein Neuankömmling!","Ah, salve. Una nuova arrivata!","Ah, olá. Uma novata!","Ah, hola. ¡Una cara nueva!","А, приветик. Новенькая!",おお、新人か！ようこそ！,啊，你好，新来的！
DLG_SITEMANAGER1_2,My name is Warren. I'm the site manager here.,"Je m'appelle Warren. Je suis le Chef de chantier, ici.",Mein Name ist Warren. Ich bin der Bauleiter hier.,Mi chiamo Warren. Sono il responsabile di quest'area.,Meu nome é Warren. Sou o supervisor daqui.,Me llamo Warren. Soy el administrador de esta operación.,Меня зовут Уоррен. Я местный управляющий.,"私はウォーレン。
ここのサイトマネージャーだ。",我叫沃伦，是这个地方的现场经理。
DLG_SITEMANAGER1_4,How did you even get here? The mountain is crawling with robots.,Comment es-tu arrivée ici ? La montagne grouille de robots.,Wie bist du überhaupt hierhergekommen? Auf dem Berg wimmelt es nur so von Robotern.,Come hai fatto ad arrivare qui? La montagna brulica di robot.,Como você conseguiu chegar aqui? A montanha está infestada de robôs.,¿Cómo hiciste para llegar aquí? La montaña está repleta de robots.,Как ты вообще сюда попала? Гора кишмя кишит роботами.,"どうやってここまで来たんだ？
この山はロボットがたくさん
うろついているというのに。",你是怎么上来的？山上到处都是机器人。
DLG_SITEMANAGER1_3,Let's just say I'm getting better at swinging an ice axe.,Disons juste que je commence à prendre le pli avec ma hache de glace.,"Sagen wir einfach, ich werde besser im Schwingen eines Eispickels.",Diciamo solo che sto migliorando nell'uso della piccozza.,Digamos que estou utilizando este machado de gelo um pouco melhor.,Digamos que... estoy aprendiendo a usar una piqueta.,"Скажем так, я научилась прекрасно работать ледорубом.","ピッケルの扱いがうまいから
…とでも言えばいいかしら。",姑且就当是因为我冰镐玩得比较溜吧。
DLG_SITEMANAGER1_5,Let's cut to the chase. I'm Indra Chaudhari. I hear you're building a portal back home.,Venons-en au fait. Je suis Indra Chaudhari. J'ai entendu dire que vous construisez un portail pour nous ramener.,"Lass uns auf den Punkt kommen. Ich bin Indra Chaudhari. Ich habe gehört, du baust ein Portal nach Hause.",Veniamo al sodo. Sono Indra Chaudhari. Ho sentito dire che stai costruendo un portale per tornare a casa.,Vamos direto ao assunto. Meu nome é Indra Chaudhari. Me disseram que você está construindo um portal para casa.,Vamos al grano. Soy Indra Chaudhari. Escuché que estás construyendo un portal para volver.,"Сразу к делу. Я Индра Чаудхари. Мне сказали, что вы тут строите портал домой.","本題に入りましょう。
私はインドラ・チョーダリー。
あなたが元の世界へ
戻るためのポータルを
作っていると聞いたわ。",言归正传，我是因德拉·乔杜里，听说你在造回去的传送门。
DLG_SITEMANAGER1_6,"Indeed! Well, *ahem*, I've encountered a slight problem ...","Tout à fait ! Mais, *hum*, j'ai rencontré un léger souci...","In der Tat! Nun, *ähem*, ich bin auf ein kleines Problem gestoßen ...","Proprio così! Beh, *ehm*, ma sto avendo un piccolo problema...","De fato! Bem, *aham*, eu tive um probleminha...","¡Exacto! Bueno, eh... Me enfrento a un problemita...","Это так! Ну, *кхм*, у меня тут проблемка...","その通りだ！
だが、オッホン、
少し問題があって…",没错！只是，*啊咳*，遇到了一个小小的问题……
DLG_SITEMANAGER1_7,"You see, the portal is based on ansible technology developed by Dr. Hammond.","Tu vois, le portail se base sur la technologie supraluminique développée par Dr. Hammond.","Siehst du, das Portal basiert auf der von Dr. Hammond entwickelten Ansible-Technologie.","Vedi, il portale si basa sulla tecnologia degli ansible sviluppata dalla dottoressa Hammond.","Veja, o portal é baseado na tecnologia ansible desenvolvida pela Dra. Hammond.","Verás, el portal se diseñó a partir de la tecnología de ansibles de la Dra. Hammond.","Видишь ли, в основе портала лежит ансибль-технология доктора Хаммонд.","いいかい、ポータルは
ドクター・ハモンドが開発した
アンシブルの技術が
ベースとなっているんだ。",是这样，这个传送门用的是哈蒙德博士的安塞波技术。
DLG_SITEMANAGER1_8,There's an ansible right over there.,"D'ailleurs, voici un ansible, juste ici.",Da drüben ist ein Ansible.,C'è un ansible proprio lì.,Tem um ansible bem ali.,Hay un ansible justo ahí.,У вас вон там ансибль стоит.,"アンシブルならちょうど
あそこにもあるじゃない。",那边就有一台安塞波。
DLG_SITEMANAGER1_10,Unfortunately it has to be a specific ansible - one of the originals made back in 2007 ...,"Malheureusement, il me fallait un ansible bien spécifique. Un des spécimens originaux créés en 2007...",Leider muss es ein bestimmtes Ansible sein – eines der Originale aus dem Jahr 2007 ...,Sfortunatamente dev'essere un ansible specifico - uno degli originali realizzati nel 2007…,"Infelizmente, precisa ser um ansible específico: um dos originais fabricados lá em 2007...","Por desgracia, tiene que ser un ansible específico: uno de los originales creados en 2007...","К сожалению, нам нужен особый ансибль — оригинал, собранный в 2007 году...","特別なアンシブルを
使わなきゃダメなんだ。
それも２００７年に作られ
たオリジナルを…",对，只是传送门需要特定型号的安塞波，必须是2007年最早开发的那一种……
DLG_SITEMANAGER1_11,... and it was stolen by the Kazakhs.,... et il a été volé par les Kazakhs.,... und es wurde von den Kasachen gestohlen.,…e che sono stati rubati dai kazaki.,...e ele foi roubado pelos Kazakhs.,y los kazajos nos lo robaron.,...и его украли казахи.,"…それがカザフ人たちに
盗まれてしまった。",……而那台老式的又被哈萨克人抢走了。
DLG_SITEMANAGER1_12,Wasn't Jones Station run by the Americans?,Je croyais que la Station Jones était gérée par les Américains ?,Wurde die Jones Station nicht von den Amerikanern betrieben?,La Stazione Jones non era gestita dagli americani?,A Estação Jones não era gerenciada por Americanos?,¿Jones no era una base estadounidense?,Разве Станция Джонса была не американской?,"ジョーンズ基地局は
アメリカの管轄でしょ？",琼斯站之前不是美国人的吗？
DLG_SITEMANAGER1_13,"Well, it is - was - a private effort. The US government didn't know about the portal.","Eh bien, c'est - enfin c'était - un effort privé. Le gouvernement américain n'était pas au courant pour le portail.","Nun, es ist – war – ein privates Unternehmen. Die US-Regierung wusste nichts von dem Portal.","Beh, in realtà è - anzi era - un'iniziativa privata. Il governo americano non sapeva nulla del portale.","Bem, isso é - foi - uma iniciativa privada. O governo dos EUA não sabia sobre o portal.","Bueno, es (o era...) una obra privada. El gobierno estadounidense no sabe del portal.","Ну да, но она была частной. Правительство США ничего не знало о портале.","ええと、これは…
個人でやってたことなんだ。
アメリカ政府はポータルの
存在を知らない。",那地方是私营科考站，美国政府不知道我们在造传送门。
DLG_SITEMANAGER1_14,"However, some researchers from nearby Sagimbayev Station discovered what we were doing.","Néanmoins, certains chercheurs près de la Station Sagimbayev ont découvert ce qu'on faisait.","Allerdings entdeckten einige Forscher der nahe gelegenen Sagimbayev Station, was wir taten.","Tuttavia, alcuni ricercatori della vicina Stazione Sagimbayev scoprirono cosa stavamo facendo.","No entanto, alguns pesquisadores próximos, da Estação Sagimbayev descobriram o que estávamos fazendo.","Sin embargo, unos investigadores de la estación cercana de Sagimbayev descubrieron lo que hacíamos.","Но исследователи с соседней Станции Сагимбаева прознали, чем мы там занимались.","だか私たちのしていたことが、
シャジムベイエブ基地局の
近くにいた研究員たちに
知れ渡ってしまった。",可是，我们旁边是萨金巴耶夫站，他们有几个科研人员知道了我们的工作内容。
DLG_SITEMANAGER1_15,"In exchange for their silence, we let them through.","En échange de leur silence, on les a laissé passer.",Im Austausch für ihr Schweigen ließen wir sie durch.,"In cambio del loro silenzio, li lasciammo passare.","Em troca de seu silêncio, deixamos eles atravessarem.",Los dejamos pasar a cambio de su silencio.,Мы впустили их в обмен на их научные знания.,"このことを黙ってもらう
代わりに彼らを通したんだ。",我们为了封这几个人的口，就让他们进了传送门。
DLG_SITEMANAGER1_16,So do *they* have a portal back home?,"Et donc, est-ce que *eux* ils ont un portail de retour ?",Also haben *sie* ein Portal nach Hause?,E *loro* ce l'hanno un portale per tornare indietro?,Então *eles* é que têm um portal para casa?,¿Y *ellos* sí tienen un portal de vuelta?,"Получается, портал домой *у них*?","じゃあポータルを持つのは
”彼ら”ってこと？",那这些人有回去的传送门吗？
DLG_SITEMANAGER1_18,I don't know if they're even still alive. They didn't stay in contact.,Je ne sais même pas s'ils sont encore en vie. Ils ont coupé tout contact.,"Ich weiß nicht, ob sie überhaupt noch am Leben sind. Sie haben keinen Kontakt gehalten.",Non so neppure se sono ancora vivi. Non siamo rimasti in contatto.,Eu nem sei se eles ainda estão vivos. Não manteram contato.,Ni siquiera sé si aún están vivos. Perdimos el contacto.,"Я не знаю, живы ли они еще. Мы не поддерживали связь.","私たちには彼らが
まだ生きているか
どうかも分からない。",我连他们还活不活着都不知道，他们后来没再跟我们联系过。
DLG_SITEMANAGER1_19,"They built a research station somewhere south of us, if you can figure out how to get there.","Ils ont construit une station de recherche quelque part plus au sud de la nôtre, si tu trouves le moyen d'y aller.","Sie haben irgendwo südlich von uns eine Forschungsstation gebaut, wenn du herausfinden kannst, wie man dorthin kommt.","Hanno costruito una stazione di ricerca da qualche parte a sud da qui, se riesci a trovare un modo per arrivarci.","Eles construíram uma estação de pesquisa em algum lugar so sul de nós, se você conseguir descobrir como chegar lá.","Construyeron un centro de investigación por algún lado al sur de aquí, si te las arreglas para llegar.","Они построили станцию где-то к югу от нас, если вдруг придумаешь, как туда попасть.","私たちのいるところから
南の方角に彼らは
調査基地を作っている。
行き方は自分で
探さなければならない。",他们在我们南边建了一座科研站，你要是有办法，可以过去看看。
DLG_SITEMANAGER1_21,I wish you had just led with that.,Vous auriez dû commencer par ça.,"Ich wünschte, du hättest einfach damit angefangen.",Avresti anche potuto dirmelo subito.,E por que você não falou isso logo no começo?,Me hubiera gustado que empezaras por ahí.,С этого и надо было начать.,"せめて行き方くらいは
教えて欲しかったわ。",你为什么不一开始就提这件事情？
DLG_SITEMANAGER2_0,"So, what the hell is this place? Outside it looks almost like a tube?","Et donc, c'est quoi, au juste, cet endroit ? De dehors, ça ressemble presque à un tube... ?","Also, was zum Teufel ist das für ein Ort? Von außen sieht es fast wie eine Röhre aus?","Allora, cosa diavolo è questo posto? Dall'esterno sembra assomigliare a un tubo…","Então, que diabos é esse lugar? Por fora quase parece um... tubo?","Entonces, ¿qué diablos es este lugar? Desde fuera parece un tubo.",Ну так что это вообще за место? Снаружи очень похоже на трубу.,"ねえ、この世界は
一体どういう構造なの？
外はほとんどチューブ
みたいな見た目のだけど？",这是个什么地方？外面看起来，好像一条管子。
DLG_SITEMANAGER2_1,"Good question. We think it is some form of adjacent universe, where the laws of physics differ.","Bonne question. Nous pensons qu'il s'agit d'une forme d'univers adjacent, soumis à des lois de la physique différentes.","Gute Frage. Wir denken, es ist eine Art Nachbaruniversum, in dem die Gesetze der Physik anders sind.","Bella domanda. Crediamo che sia una qualche forma di universo adiacente, con diverse leggi della fisica.","Boa pergunta. Nós achamos que é alguma forma de universo adjacente, onde as leis da física são diferentes.","Buena pregunta. Creemos que es un tipo de universo paralelo, donde las leyes de la física son diferentes.","Хороший вопрос. Мы считаем, что это что-то типа смежной вселенной с отличными от наших законами физики.","いい質問だね。
私たちはある種の、
物理法則の異なる
隣り合わせの世界にいると
考えている。",这个问题问得好。我们认为这是邻近宇宙的某种形态，这类宇宙的物理法则与我们的宇宙截然不同。
DLG_SITEMANAGER2_2,"Clearly our chemistry and biology transfers over here, but gravity does not seem to be driven by mass.","Il est évident que notre chimie et notre biologie sont transférées ici, mais la gravité ne semble pas entraînée par la masse.","Offensichtlich überträgt sich unsere Chemie und Biologie hierher, aber die Schwerkraft scheint nicht durch Masse angetrieben zu werden.","È ovvio che la nostra chimica e la nostra biologia funzionano anche qui, ma la gravità non sembra essere guidata dalla massa.","Claramente nossa química e biologia se transferem para cá, mas a gravidade não parece ser impulsionada pela massa.","Claramente, nuestra química y biología se transfieren aquí, pero parece que no es la masa lo que define la gravedad.","Совершенно точно биологически и химически наши вселенные схожи, но гравитация, как показывает практика, на зависит от массы.","私たちの化学や生物学が
こちらでも通じることは
明らかなのだが、
重力に関しては質量で
決まるわけではないようだ。",我们的生化成分显然都过来了，但是所受引力似乎与自身质量无关。
DLG_SITEMANAGER2_3,We built this telescope to find out more. It's as if we're inside a torus the size of a planetary orbit.,Nous avons construit ce télescope pour en apprendre plus. C'est comme si on était à l'intérieur d'un tore de la taille d'une orbite planétaire.,"Wir haben dieses Teleskop gebaut, um mehr herauszufinden. Es ist, als ob wir uns in einem Torus von der Größe einer Planetenbahn befinden.",Abbiamo costruito questo telescopio per scoprire qualcosa in più. È come se fossimo dentro un toroide della dimensione di un'orbita planetaria.,Nós construímos este telescópio para descobrir mais. É como se estivéssemos dentro de um tórus do tamanho de uma órbita planetária.,Construimos este telescopio para descubrir más. Es como si estuviéramos en un toroide del tamaño de una órbita planetaria.,"В надежде узнать больше мы построили этот телескоп. Благодаря его торической форме, в нем создается эффект нахождения внутри планетарной орбиты.","更に調査をするために
この望遠鏡を作った。
それで分かったのは私たちは
惑星軌道くらいの規模の
トーラス（円環面）のような
モノの中にいるということだ。",我们为了深入了解这个宇宙，就造了这个观测台。我们好像身处直径堪比行星轨道的一个环面。
DLG_SITEMANAGER2_4,But it's not fully solid; it's more like a lattice. We can see through some of the openings and behind them ..,"Mais il n'est pas tout à fait solide, c'est plus comme un maillage. On peut voir à travers certaines ouvertures, et derrière elles...",Aber er ist nicht ganz fest; er ist eher wie ein Gitter. Wir können durch einige der Öffnungen sehen und hinter ihnen ...,"Ma non è completamente solido; è più simile a un reticolo. Riusciamo a vedere cosa c'è oltre grazie a delle aperture, e dietro di esse…","Mas não é totalmente sólido, é mais como uma treliça. Podemos ver através de algumas das aberturas, e por trás delas...","Pero no es completamente sólido, sino más como un entramado. Podemos ver a través de algunas aberturas y del otro lado...","Но он не твердотельный, больше похож на сетку. Мы можем заглядывать в отверстия и видеть там...","だがそれも密度のある完全に隙間の無い構造ではなく、格子状でできている。
格子の開口部から向こう側をのぞき込むこともできるけど…",可是，这个环面并非致密的固态，而是格栅结构，可以看到格孔后面……
DLG_SITEMANAGER2_5,... is just more lattice. We don't know what keeps it from collapsing in on itself.,... encore plus de maillage. On ignore ce qui provoque son affaissement sur lui-même.,"... sind nur noch mehr Gitter. Wir wissen nicht, was es davor bewahrt, in sich selbst zusammenzufallen.",…c'è un altro reticolo. Non capiamo come faccia a non collassare su stesso.,...é só mais treliça. Não sabemos o que o impede de entrar em colapso.,hay más entramados. No sabemos qué evita que colapse sobre sí mismo.,"...еще больше ячеек. Мы не понимаем, как он еще не рухнул под собственным весом.","また格子状の構造物が
その先に見えるだけだ。
なぜ壊れずにそのままの
状態を保持できるのかは
分からない。",……还是栅格。我们不知道这个空间为什么没有坍塌。
DLG_SITEMANAGER2_6,"How did you build a portal leading here when you don't even know what ""here"" is?",Comment avez-vous réussi à construire un portail vers ici sans savoir où se situe cet « ici » ?,"Wie habt ihr ein Portal gebaut, das hierher führt, wenn ihr nicht mal wisst, was „hier“ ist?","Come avete fatto a costruire un portale per questo posto se non sapete neppure cosa ""sia"" questo posto?","Como vocês construíram um portal para cá se vocês nem sabem onde é ""aqui""?","¿Cómo construyeron un portal que llega aquí sin saber qué es ""aquí""?","Как вы смогли построить портал туда, не зная *куда*?","”この世界”が何なのかも
分からないのに、
どうやってこの世界に繋がる
ポータルを作ったの？",你们都不知道“这里“是哪里，当初又是凭借什么造出了通向这里的传送门？
DLG_SITEMANAGER2_7,That was all Dr. Hammond. She always seemed to have some insight the rest of us weren't privy to.,C'est à Dr. Hammond qu'on le doit. Elle semblait toujours savoir une chose que le reste d'entre nous ignorions.,"Das war alles Dr. Hammond. Sie schien immer Einblicke zu haben, in die wir anderen nicht eingeweiht waren.",È stata tutta opera della dottoressa Hammond. Ha sempre visto le cose con una prospettiva di cui noi siamo privi.,Foi tudo obra da Dra. Hammond. Ela sempre parecia ter uma compreensão que o resto de nós desconhecia.,Lo hizo la Dra. Hammond. Ella siempre pareció tener un conocimiento al que los demás nunca accedimos.,"Это все доктор Хаммонд. Казалось, она всегда знала больше нашего.","全てはハモンド博士が
やったことだ。
彼女は常に私たち誰もが
知り得ない見識とアイデアを
持っていたようだ。",这种问题得问哈蒙德博士。她好像一直都有一些高见，不过从来不会与我们分享。
DLG_SITEMANAGER3_0,I'll let you know if I learn anything else.,Je vous dirai si j'apprends quelque chose d'autre.,"Ich lasse es dich wissen, wenn ich noch etwas erfahre.",Ti avverto se dovessi scoprire qualcos'altro.,Eu te aviso se descobrir mais alguma coisa.,Te avisaré si consigo descubrir algo más.,"Дам знать, если узнаю что-то еще.","新たに何か分かったら
あなたにも教えよう。",我有了新的发现，一定告诉你。
DLG_SITEMANAGERINFECTED_0,Please ... stay away ...,Par pitié... Reste à l'écart...,Bitte ... bleib weg ...,Per favore… stammi lontana…,Por favor... Não se aproxime...,Por favor... aléjate...,Прошу... не подходи...,"近づかないでくれ…
頼む…",千万……不要过来……
DLG_TELESCOPEANSIBLE_1,Anyone there?,Il y a quelqu'un ?,Ist da jemand?,C'è qualcuno?,Tem alguém aí?,¿Hay alguien ahí?,Тут кто-то есть?,誰かいないの？,有人吗？
DLG_TELESCOPEANSIBLE_3,Output data throttling has resulted in input overflow.,Le flux des données de sortie a provoqué un excès de données.,Die Drosselung der Output-Daten hat zu einem Input-Overflow geführt.,La limitazione di dati in uscita ha causato un eccesso di dati in entrata.,O controle de fluxo de dados de saída resultou em sobrecarga de entrada.,Una regulación de los datos de salida ha causado un exceso de entradas.,Троттлинг исходящих данных вызвал перегруз во входящих.,"出力データ絞り込み
により入力オーバー
フローが起きた。",输出数据限流已导致输入溢出。
DLG_TELESCOPEANSIBLE_4,"In effect, millions are trapped in detention.","De fait, des millions sont piégées en détention.",Im Endeffekt sind Millionen von Menschen gefangen.,"In sostanza, milioni sono intrappolati in detenzione.","Como efeito, milhões estão em detenção.","De hecho, hay millones detenidos.",Из-за этого миллионы оказались в ловушке.,"実際に多くが
閉じ込められた
状態にある。",成千万上亿的人被关在了这里。
DLG_TELESCOPEANSIBLE_6,On this ansible? It's old. Nothing I can do about that.,Sur cet ansible ? Il est vieux. Je ne peux rien y faire.,In diesem Ansible? Es ist alt. Daran kann ich nichts ändern.,Su questo ansible? È vecchio. Non c'è nulla che io possa fare.,Neste ansible? Ele é antigo. Não posso fazer nada quanto a isso.,¿En este ansible? Es viejo. No puedo hacer nada.,На этом ансибле? Он старый. Я ничего не смогу с ним сделать.,"この機器で？
古すぎて私には
どうしようもない。",关在这台安塞波里？型号太旧了，我无能为力。
DLG_TELESCOPEANSIBLE_7,"No. Sorry, terminal running low trying to cndnse info","Non. Mes excuses, terminal faible essaye condenser info","Nein. Tut mir leid, das Terminal geht aus, wenn ich versuche, Infos zu sammeln.","No. Spiacente, il terminale è in mdlità rsprmio e crca di cndnsre info.","Não. Lamento, terminal enfraquecendo tentando condensar informação.",No. Disculpa. Terminal con baja energía por condnsr info.,"Нет. Извини, но терминал работает на низкой мощности, пытаясь ужать поток данных.","いいえ。ごめんなさい。
ターミナルが限界
手短に次の情報を",不行。抱歉，终端供能不足，正在压缩数
DLG_TELESCOPEANSIBLE_8,"Next in CliffTown, sector 14, 16.","Suite à CliffTOwn, secteur 14, 16.","Als Nächstes in CliffTown, Sektor 14, 16.","Il prossimo è a CliffTown, settore 14, 16.","Próximo em CliffTown, setor 14, 16.","Próxima en CliffTown, sector 14-16.","Еще один есть в Клиффтауне, сектор 14, 16.","次はクリフタウン、
セクター１４，１６。","下面前往14,16区的克利夫敦。"
DLG_TELESCOPEANSIBLE_2,What the hell?,De quoi ?!,Was zur Hölle?,Ma che diavolo…?,Mas que droga?,¿Qué demonios?,Какого хрена?,何がどうなってるの？,什么情况？
DLG_BIOLOGIST1_10,"Hello, I accidentally came here through the portal in Jones Station.","Salutations, je suis arrivée ici sans le vouloir en traversant le portail de la Station Jones.","Hallo, ich bin versehentlich durch das Portal in der Jones Station hierhergekommen.","Salve, sono capitata qui per sbaglio attraversando il portale della Stazione Jones.","Olá, eu vim para cá por acidente, através do portal da Estação Jones.","Hola, llegué aquí por error al cruzar el portal de la estación Jones.","Привет, я нечаянно попала сюда из портала Станции Джонса.","こんにちは、
ジョーンズ基地局にあった
ポータルから偶然ここまで
来たんだけど。",你好，我不小心进了琼斯站的传送门，来到了这个地方。
DLG_BIOLOGIST1_11,I'm just looking for a way back.,Je cherche un moyen de rentrer.,Ich suche nur nach einem Weg zurück.,Sto cercando un modo per tornare indietro.,Só estou procurando uma maneira de voltar.,Busco la manera de volver.,Я просто хочу вернуться назад.,"元の世界に戻る方法を
探しているの。",我正在找回去的办法。
DLG_BIOLOGIST1_1,"Hi, I'm Kari. Malka radioed that someone might be coming by.","Salut, moi c'est Kari. Malka m'a prévenue que quelqu'un viendrait bientôt.","Hi, ich bin Kari. Malka hat gefunkt, dass jemand vorbeikommen könnte.","Ciao, sono Kari. Malka mi aveva avvertito via radio che sarebbe potuto arrivare qualcuno.","Oi, eu sou Kari. Malka me passou um rádio avisando que alguém poderia aparecer.","Hola, soy Kari. Malka me avisó por radio que vendría alguien.","Привет, я Кари. Малка сказала по радио, что кто-то должен прийти.","こんにちは、私はカリ。
誰かがここまで来るって
マルカから無線で聞いたわ。",嗨，我叫迦利。玛勒卡给我发了无线电，说有人可能会过来。
DLG_BIOLOGIST1_3,"Warren was working on a new portal, but the Kazakhs took his tech.","Warren bossait sur un nouveau portail, mais les Kazakhs lui ont volé son matériel.","Warren hat an einem neuen Portal gearbeitet, aber die Kasachen haben ihm die Technik weggenommen.",Warren stava lavorando a un nuovo portale ma i kazaki gli hanno portato via la sua attrezzatura.,"Warren estava trabalhando em um novo portal, mas os Kazakhs roubaram a tecnologia dele.","Warren estaba trabajando en un portal nuevo, pero los kazajos le robaron sus avances.","Уоррен работал над новым порталом, но казахи украли его наработки.","ウォーレンは新しいポータルを
作ろうとしてたけど、その技術
をカザフ人に盗まれたの。",沃伦正在组装新的传送门，可是哈萨克人抢走了他的机器。
DLG_BIOLOGIST1_4,"They had a base somewhere southeast of here, but we haven't heard from them in quite a while.","Ils avaient une base quelque part au sud-est d'ici, mais ça va faire un moment qu'on n'a pas eu de nouvelles d'eux.","Sie hatten eine Basis irgendwo südöstlich von hier, aber wir haben schon eine ganze Weile nichts mehr von ihnen gehört.","Avevano una base da qualche parte a sud-est da qui, ma non abbiamo più loro notizie da molto tempo.","Eles tinham uma base em algum lugar a sudeste daqui, mas faz muito tempo que não ouvimos falar deles.","Tenían una base por algún lado al sudeste de aquí, pero hace ya tiempo que no sabemos nada de ellos.","У них база где-то на юго-востоке отсюда, но от них уже очень давно не было вестей.","彼らの基地局はここから
南東の方向にあるけど、
しばらく音沙汰も無いわ。",他们之前在东南方向有个基地，不过很久都没有消息了。
DLG_BIOLOGIST1_5,You may have noticed all of the drones around ... it's too dangerous for us to go look.,Tu as sans doute remarqué tous les drones qui traînent dans le coin... c'est beaucoup trop dangereux pour qu'on aille voir.,"Du hast vielleicht die vielen Drohnen bemerkt ... Es ist zu gefährlich für uns, nach ihnen zu suchen.",Avrai notato quanti droni ci sono qua attorno… è troppo pericoloso andare in esplorazione.,Acho que você percebeu todos esses drones por aí... É muito perigoso ir até lá.,Habrás visto todos esos drones... Se nos hace muy difícil salir a explorar.,"Ты, скорее всего, заметила, что тут повсюду дроны... так что ходить на разведку довольно опасно.","あなたもこの周辺にいる
ドローンたちを見たでしょ…
危なすぎて確認しに
行くこともできない。",你可能已经看到附近那些无人机了……我们过去的话，太过危险。
DLG_BIOLOGIST1_6,That is ... not ideal. But I'm going to have to try.,"C'est loin d'être idéal... Mais, pas le choix : je dois essayer.",Das ist ... nicht ideal. Aber ich werde es versuchen müssen.,Non è certamente… ideale. Ma devo provare.,Isso... não é o ideal. Mas preciso tentar.,Eso... no es ideal. Pero tendré que intentarlo.,Это все... не идеально. Но мне все же придется попробовать.,"それは…困ったわね。
でも私はそこに行かないと。",确实不是……什么好办法，可是我不想去也得去。
DLG_BIOLOGIST2_0,So what is this area here?,"Alors, quelle est donc cette zone ?","Also, was ist dieses Gebiet hier?","Allora, cos'è questo posto?","Então, o que é esta área aqui?",¿Qué es esta zona?,Так что тут за местность?,"ねえ、ここは一体
どういうエリアなの？",所以这里是什么地方？
DLG_BIOLOGIST2_1,This was CliffTown; it was going to be a new base for EU researchers.,"C'était autrefois CliffTown, ce qui allait devenir une nouvelle base pour les chercheurs de l'UE.",Das war CliffTown; es sollte eine neue Basis für EU-Forscher werden.,Questa era CliffTown; sarebbe dovuta essere una nuova base per i ricercatori europei.,"Era CliffTown, ela seria uma nova base para os pesquisadores americanos.",Esto era CliffTown: iba a ser la nueva base para los investigadores europeos.,Раньше это был Клиффтаун. Он должен был стать новой исследовательской базой для ученых из ЕС.,"ここはクリフタウン。
ＥＵの調査員たちの新しい
基地になる予定だった場所。",这里以前叫克利夫敦，本来是准备给欧盟科研队伍用的新基地。
DLG_BIOLOGIST2_2,We didn't really get far before the drones attacked.,On n'avait pas avancé bien loin quand les drones ont commencé à attaquer.,"Wir sind nicht wirklich weit gekommen, bevor die Drohnen angegriffen haben.",Ma non avevamo fatto ancora molti progressi quando i droni attaccarono.,Não chegamos muito longe antes de os drones atacarem.,"No logramos avanzar mucho, debido a los ataques de los drones.","Мы далеко и продвинуться не успели, а потом на нас напали дроны.","ドローンの攻撃が来る前に
私たちは遠くに
逃げられなかったの。",谁知道没过多久，我们就遭到了无人机袭击。
DLG_BIOLOGIST2_3,I wish I could go back to Jonestown and be with Malka and Warren.,Si seulement je pouvais retourner à Jonestown avec Malka et Warren.,"Ich wünschte, ich könnte zurück nach Jonestown gehen und mit Malka und Warren zusammen sein.",Vorrei tanto poter tornare a Jonestown e stare con Malka e Warren.,Eu gostaria de voltar para Jonestown e ficar com Malka e Warren.,Me encantaría volver a Jonestown y estar con Malka y Warren.,Хотела бы я вернуться в Джонстаун к Малке и Уоррену.,"ジョーンズタウンに戻れて
マルカやウォーレンと
合流できたら…",我要是能回琼斯敦就好了，就可以见到玛勒卡和沃伦了。
DLG_BIOLOGIST2_4,I'm tired of being alone.,J'en peux plus d'être toute seule...,"Ich bin es leid, allein zu sein.",Sono stanca di stare da sola.,Cansei dessa solidão.,Me cansé de estar sola.,Я так устала от одиночества.,独りはもうイヤよ。,一个人待腻了。
DLG_BIOLOGIST2_5,"There is power in being independent, though.",Mais l'indépendance est aussi une force...,"Es hat aber auch etwas, unabhängig zu sein.","C'è del potere nell'indipendenza, sai?","Mas, há poder na independência.","Aun así, la independencia puede ser empoderante.",Хотя в умении быть независимой есть своя сила.,でも、あなたは独りでもやってのけている。,不过，独立会让人更加坚强。
DLG_BIOLOGIST2_6,Try to appreciate that.,Il faut savoir l'apprécier.,"Versuche, das zu schätzen.",Prova ad apprezzarlo.,Tente apreciar isso.,Intenta verlo así.,Научись это ценить.,それはすごいと思うわ。,要学会接受这种状态。
DLG_BIOLOGISTINFECTED_0,*Cough* I feel like crap. Ugh. Better keep your distance.,*Tousse* Je me sens super mal. Hum ... Vaudrait mieux rester à distance.,*hust* Ich fühle mich mies. Uff. Halte besser Abstand.,*coff* Mi sento uno schifo. Ugh. Meglio che mantieni la distanza.,*Cof* Me sinto um lixo. Ugh. É melhor ficar longe.,"*Cof, cof* Me siento muy mal. Uff. Mejor no te acerques mucho.",*кашляет* Мне очень плохо. Ох. Тебе лучше не подходить.,"ゴホッ、私はもうダメかも。
近づかない方がいいわ。",*咳嗽*我感觉很不对劲，呃啊，最好不要过来。
DLG_CLIFFTOWNANSIBLE_3,We need permissions to control data throttling.,Nous avons besoin d'une autorisation pour contrôler les limitateurs de données.,"Wir brauchen Berechtigungen, um die Datendrosselung zu kontrollieren.",Ci servono permessi per controllare la limitazione dei dati.,Precisamos de permissões para controlar o fluxo de dados.,Necesitamos permisos para controlar la regulación de datos.,Нам нужны права доступа для контроля троттлинга.,"帯域幅制限を
操作するための
許可が必要よ。",我们要有权限才能调控数据限流。
DLG_CLIFFTOWNANSIBLE_5,Is this Samara?,"Samara, c'est toi ?",Ist das Samara?,Sei Samara?,É Samara?,¿Eres Samara?,Это Самара?,"あなた、
サマーラなの？",这是萨玛拉吗？
DLG_CLIFFTOWNANSIBLE_6,Username is ehammond. Samara depends on you.,Nom d'utilisateur : ehammond. Samara dépend de vous.,Benutzername ist ehammond. Samara ist auf dich angewiesen.,L'username è ehammond. Samara dipende da te.,O nome de usuário é ehammond. Samara depende de você.,El usuario es ehammond. Samara depende de ti.,"Имя пользователя ""эхаммонд"". Судьба Самары зависит от тебя.","ユーザーネーム
は”ehammond”よ。
サマーラの安全は
あなたの次第。",用户名为伊哈蒙德。萨玛拉的安危就看你的了。
DLG_CLIFFTOWNANSIBLE_7,As in Elizabeth Hammond? WTF??,"Quoi, comme Elizabeth Hammond ? C'est une blague ?!!",Wie in Elizabeth Hammond? WTF??,Come Elisabeth Hammond? Ma che diavolo…?,Tipo Elizabeth Hammond? Que diabos??,¿Elizabeth Hammond?... ¿¡Pero qué...!?,"Это что, ""Элизабет Хаммонд""? ЧЗНХ?","エリザベス・ハモンド
何がどうなって？？",伊哈蒙德？伊丽莎白·哈蒙德？不是吧？？
DLG_CLIFFTOWNANSIBLE_9,"No data left, next terminal at Kazakh base, sector 24, 22.","Pas de données restantes, terminal suivant situé sur la base Kazakh, secteur 24, 22.","Keine Daten mehr, nächstes Terminal in der kasachischen Basis, Sektor 24, 22.","Nessun dato rimasto, il prossimo terminale è alla base dei kazaki, settore 24, 22.","Sem dados restantes, próximo terminal na base Kazakh, setor 24, 22.","No quedan datos. Próxima terminal: base kazaja, sector 24-22.","Данных больше нет, следующий терминал на казахской базе, сектор 24, 22.","データが切れる。
カザフ人基地の
次のターミナルに
向かいなさい。
セクター２４，２２。","数据已无剩余，下一终端位于24,22区哈萨克基地。"
DLG_CLIFFTOWNANSIBLE_10,"Dammit, I should have known Hammond was behind the whole thing.","Bordel, j'aurais dû me douter qu'Hammond était derrière tout ça.","Verdammt, ich hätte wissen müssen, dass Hammond hinter der ganzen Sache steckt.","Dannazione, avrei dovuto sapere che c'era Hammond dietro tutto questo.","Droga, eu deveria saber que Hammond estava por trás da coisa toda.","Diablos, debí suponer que Hammond estaría detrás de todo esto.","Черт, я должна была догадаться, что за всем этим Хаммонд стоит.","クソッ、
ハモンドが裏で全て手を引いている
可能性くらい考えておくべきだったわ。",我就应该想到全都是哈蒙德搞的鬼。
DLG_CLIFFTOWNANSIBLE_11,So she's alive after all. What the hell does she want?,"Alors, elle est encore en vie, finalement. Qu'est-ce qu'elle me veut ?",Sie ist also doch am Leben. Was zum Teufel will sie?,"Quindi è viva, alla fine. Cosa diavolo vuole da me?","Então ela está viva, afinal. Que droga ela quer?",Así que sigue viva... ¿Qué diablos quiere?,"Значит, она все-таки жива. Но что ей, черт возьми, надо?","結局彼女は生きていたってことね。
一体何が望みなの？",所以她根本没死，这个女人到底想干什么？
DLG_CLIFFTOWNANSIBLE_12,Root access? Is she so incompetent she can't even do that on her own?!,L'accès au rootage ? Est-elle si incompétente qu'elle ne peut pas le faire toute seule ?!,"Root-Zugang? Ist sie so inkompetent, dass sie nicht mal das allein kann?!",Accesso root? È così incapace da non saper fare una cosa del genere da sola?,"Acesso raiz? Ela é tão incompetente assim, para não coseguir fazer isso sozinha?!",¿Acceso total? ¿¡Es tan inútil que ni eso puede hacer sola!?,"Рут-доступ? Она что, настолько некомпетентна, что не может получить его сама?","ルートアクセス？
そんなことも自分でできないくらい
彼女は何もできないの！？",想要根权限？她连这个本事都没有吗？这种东西都不能自己搞定？
DLG_RUSSIANBASEANSIBLE_3,"Enough BS, Hammond. Where is my daughter?","Arrête tes conneries, Hammond. Dis-moi où est ma fille.","Genug von dem Mist, Hammond. Wo ist meine Tochter?","Basta stronzate, Hammond. Dov'è mia figlia?","Chega de palhaçada, Hammond. Cadê a minha filha?","Basta de esta estupidez, Hammond. ¿Dónde está mi hija?","Хватить водить меня за нос, Хаммонд. Где моя дочь?","いい加減にして、
ハモンド。
娘はどこ？",哈蒙德，我劝你适可而止，我女儿呢？
DLG_RUSSIANBASEANSIBLE_4,In detention. She needs you.,En détention. Elle a besoin de toi.,Eingesperrt. Sie braucht dich.,In detenzione. Ha bisogno di te.,Detenção. Ela precisa de você.,Detenida. Te necesita.,В ловушке. Ты ей нужна.,"閉じ込められた
状態にある。
あなたが必要よ。",关起来了，她需要你。
DLG_RUSSIANBASEANSIBLE_5,"Go to upstream port, sector 43, 20.","Rends-toi au port en amont, secteur 43, 20.","Geh zum Portal stromaufwärts, Sektor 43, 20.","Vai al portale, settore 43, 20.","Suba para o porto, setor 43, 20.",Ve al puerto contracorriente del sector 43-20.,"Иди к порту в верхнем течении, сектор 43, 20.","アップストリーム
ポートに向かって。
セクター４３，２０。","前往上游43,20区的传送门。"
DLG_RUSSIANBASEANSIBLE_2,You've got some nerve using my daughter like this.,"Tu ne manques pas de culot d'utiliser ma fille, comme ça.","Du hast vielleicht Nerven, meine Tochter so zu benutzen.",Hai un bel fegato a usare mia figlia in questo modo.,Você tem muita coragem para usar minha filha assim.,Tienes agallas para atreverte a usar así a mi hija.,У тебя хватило наглости втянуть в это мою дочь.,"娘をこんな風に
利用してどういう
神経してるの？",你疯了吗？竟敢这样利用我女儿。
DLG_RUSSIANBASEANSIBLE_6,She is safe but needs fix asap <EOM>,Elle n'a rien mais a besoin de réparations urgentes <FIN>,"Sie ist in Sicherheit, muss aber so schnell wie möglich repariert werden <EOM>","È al sicuro, ma ha bisogno di riparazioni urgenti <EOM>",Ela está segura mas precisa de conserto o quanto antes <EOM>,"Está a salvo, pero necesita que la arreglen ya. <FDM>","Она в безопасности, но ей нужна скорейшая помощь <КОНЕЦ>","彼女は無事だが、
できる限り早く
対処が必要よ。
<以上>",她现在没有危险，但是需要尽快接受治疗。<结束>
DLG_RUSSIANBASEANSIBLE_7,Somone's really asking for an ass-kicking.,Quelqu'un cherche sérieusement les ennuis...,Da will jemand wirklich eine Tracht Prügel.,Qualcuno qui dev'essere davvero preso a calci nel sedere.,Alguém realmente quer levar uma surra.,Alguien está pidiendo que le dé una paliza.,Кто-то так и напрашивается на взбучку.,余程ケツをひっぱたかれたいようね。,那你就不要怪我手下不留情了。
DLG_ARMNINHURSAGACQUIRE_0,"I am Ninhursag.
I shall bestow upon you the climbing strength of the mountain goat.","Je suis Ninhursag.
 Je t'accorderai la force d'escalader les montagnes.","Ich bin Ninhursag.
 Ich werde dir die Kletterkraft einer Bergziege verleihen.","Sono Ninhursag. 
 Ti concederò la forza nell'arrampicarsi della capra di montagna.","Eu sou Ninhursag.
 Lhe concedo a força para escalar de uma cabra-das-montanhas.","Soy Ninhursag.
He de otorgarte el poder de escalada de la cabra blanca.","Я Нинхурсаг.
Я дарую тебе проворность горной козы.","私はニンフルサグ。
険しき崖をも登る
シロイワヤギの如く力を
あなたに与えましょう。","我是宁胡尔萨格。
我将令你像雪羊一般擅长攀爬。"
DLG_ARMNINHURSAGACQUIRE_1,"So, Ninhursag, can you explain something to me?","Et donc, Ninhursag, peux-tu m'expliquer une chose ?","Also, Ninhursag, kannst du mir etwas erklären?","Allora, Ninhursag, potresti spiegarmi una cosa?","Então, Ninhursag, você pode me explicar uma coisa?","Oye, Ninhursag, ¿podrías explicarme algo?","Это, Нинхурсаг, не объяснишь мне кое-что?","ニンフルサグ、
少し教えてくれない？",宁胡尔萨格，能不能跟我解释一件事情？
DLG_ARMNINHURSAGACQUIRE_2,"Why is it some ""Arms"" can talk and others don't?","Pourquoi certaines « Armes » parlent, et d'autres non ?",Warum können manche „Waffen“ sprechen und andere nicht?,"Perché alcune ""Braccia"" sanno parlare e altre no?","Por que algumas ""Armas"" podem falar e outras não?","¿Por qué algunos ""brazos"" pueden hablar y otros no?","Почему какие-то ""Руки"" могут говорить, а какие-то молчат?","なぜ一部のアームは話せて
他は話せないの？",为什么有些“神器”可以说话，有些不行？
DLG_ARMNINHURSAGACQUIRE_3,"I am no expert, but the first Arms used primitive machine intelligence.","Je ne suis pas une experte, mais les premières Armes utilisaient l'intelligence de machine primitive.","Ich bin kein Experte, aber die ersten „Waffen“ benutzten eine primitive Maschinenintelligenz.","Non sono un'esperta, ma le prime Braccia usavano un'intelligenza macchina primitiva.","Não sou nenhum especialista, mas a primeira Arma usava inteligência de máquina primitiva.","Si no me equivoco, los primeros brazos usaban maquinaria inteligente primitiva.","Я не знаток, но самые первые Руки работали на простейшем искусственном интеллекте.","詳しくは知りません。しかし
最初のアームたちは初期の
マシンインテリジェンスを
使用しています。",我不是这个领域的专家，不过第一批神器所用智能为原始的机器智能。
DLG_ARMNINHURSAGACQUIRE_4,"This proved inadequate, so we learned how to transfer a human mind into an Arm.","Cela s'est avéré inadapté, aussi nous avons appris comment transférer un esprit humain dans une Arme.","Das erwies sich als unzureichend, also lernten wir, wie man einen menschlichen Verstand in einen Arm übertragen kann.","Ciò si dimostrò inadeguato, per cui apprendemmo come trasferire una mente umana in un Braccio.","Isso se tornou inadequado, então aprendemos a transferir uma mente humana para uma Arma.","Esto no alcanzaba, y aprendimos a transferir la mente humana a un brazo.","Это не возымело должного эффекта, поэтому мы научились переносить в Руки человеческое сознание.","後にそれでは引き出せる
機能が不十分だと分かり、
私たちは人間の精神を
アームへと移す方法を
学んだのです。",可是机器智能不能满足相关需要，所以我们学会了如何向神器传输人类智能。
DLG_ARMNINHURSAGACQUIRE_5,But there are still many of those early Arms remaining.,Ces anciennes Armes sont encore nombreuses à exister.,Aber es sind noch viele dieser frühen „Waffen“ übrig.,Ma ci sono ancora molte di quelle prime Braccia in circolazione.,Mas ainda restam muitas dessas primeiras Armas .,Pero todavía quedan varios de esos primeros brazos.,Но эти ранние Руки все еще можно отыскать.,"しかしそのようなことはせず、
従来のままでいる最初の
アームたちもたくさんいます。",不过，早期的神器目前依然还有许多存在于世。
DLG_ARMNINHURSAGACQUIRE_6,Right. Of course. Thanks.,Je vois. Bien sûr. Merci.,Richtig. Natürlich. Danke!,"D'accordo, ho capito. Grazie.",Certo. Obrigada.,"Claro, entiendo. Gracias.",Ага. Конечно. Спасибо.,わかったわ、ありがとう。,噢，是。多谢。
DLG_LAMASSU1_1,"Welcome, Wielder. They call me the Lamassu.","Bienvenue, Héraldesse. On m'appelle le Lamassu.","Willkommen, Träger. Man nennt mich den Lamassu.","Benvenuto, Portatore. Mi chiamano il Lamassu.","Bem-vinda, Portadora. Me chamam de Lamassu.","Bienvenida, canalizadora. Se me conoce como la ""Lamassu"".","Добро пожаловать, Владелица. Меня величают Ламассу.","行使者よ、歓迎します。
皆は私のことを
ラマッスと呼びます。",持者，欢迎。他们唤我拉玛苏。
DLG_LAMASSU1_3,Am I talking to a ... statue?,Est-ce que je parle à ...une statue ?,Spreche ich mit einer ... Statue?,Sto parlando con una… statua?,Estou falando com... Uma estátua?,¿Estoy hablando con una... estatua?,Я говорю со... статуей?,石像が…しゃべっているの？,我是在和……雕像说话吗？
DLG_LAMASSU1_4,This form is a facade designed to make me more familiar to those who once lived here.,Cette forme n'est qu'une façade conçue pour me rendre plus familier aux yeux de ceux qui vivent par ici.,"Diese Form ist eine Fassade, die mich denen, die einst hier lebten, vertrauter machen soll.",Questa forma serve solo a rendere il mio aspetto più familiare a coloro che una volta vivevano qui.,Esta aparência tem o propósito de me tornar mais familiar para os que outrora viveram aqui.,Mi forma presente es una fachada diseñada para que quienes vivieron aquí se familiarizaran mejor conmigo.,"Эта форма — лишь знакомый фасад для тех, кто жил тут когда-то.","この姿はかつて
ここに住んでいた者たちに
合わせ形作られたものです。",这种形象只是我的一种形态，是为了迎合从前住在这里的人。
DLG_LAMASSU1_5,"Unfortunately, Wielder, I cannot be of help while you are bearing the Arms.","Malheureusement, Héraldesse, je ne peux t'aider tant que tu as les Armes avec toi.","Leider, Träger, kann ich dir nicht helfen, solange du die Waffen trägst.","Sfortunatamente, Portatore, non potrò aiutarti fin quando indosserai le Braccia.","Infelizmente, Portadora, não posso ajudar enquanto você estiver carregando as Armas.","Por desgracia, canalizadora, no puedo ayudarte mientras llevas brazos.","К сожалению, пока на тебе Руки, я не могу помочь тебе, Владелица.","行使者よ、残念ですが
アームを身にまとう
あなたを助けるわけには
いきません。",不过，持者，你拥有神器，所以我不能与你相助。
DLG_LAMASSU1_8,"Do not listen to it, Indra.
It is broken. It is why the machines here are so hostile.","Ne l'écoute pas, Indra.
 Il est cassé. C'est pour ça que les machines ici sont si hostiles.","Höre nicht auf ihn, Indra.
 Er ist kaputt. Das ist der Grund, warum die Maschinen hier so feindselig sind.","Non dargli ascolto, Indra. 
È rotto. È il motivo per cui le macchine del luogo sono così ostili.","Não dê ouvidos, Indra.
Está quebrado. É por isso que as máquinas aqui são tão hostis.","No la escuches, Indra.
Está averiada. Es por eso que las máquinas son tan hostiles.","Не слушай его, Индра.
Он сломан. Поэтому машины такие враждебные.","こいつの言うことは無視して、インドラ。
こいつは壊れているのよ。
だからここにいるロボットたちも襲ってくるの。","因德拉，不要听它的。
它出了故障，所以这里的机器滥杀无辜。"
DLG_LAMASSU1_9,"I just want to go back to my world. You can have these ""arms"" for all I care.","Je veux juste rentrer chez moi. Tu peux avoir toutes ces « armes », si ça te chante.",Ich möchte einfach nur zurück in meine Welt gehen. Du kannst diese „Waffen“ von mir aus haben.,"Voglio solo tornare nel mio mondo. Puoi prenderti queste ""braccia"" per quel che me ne importa.","Eu só quero voltar para o meu mundo. Você pode ficar com essas ""armas"", eu não dou a mínima.","Solo quiero volver a mi mundo. Puedes quedarte con estos ""brazos"". No me interesan.","Я просто хочу вернуться в свой мир. Можешь забрать эти ""руки"", мне все равно.","私はただ自分の世界に
戻りたいだけ。
過去にあなたと
この”兵器”たちの間に
何かあったとしても
知ったことじゃないわ。",我只想返回我的世界，这些神器你尽管拿去，我不需要。
DLG_LAMASSU1_10,"To prevent contamination of the other worlds, I cannot allow you or anyone else to leave.","Pour empêcher la contamination des autres mondes, je ne peux laisser personne repartir.","Um die Kontamination der anderen Welten zu verhindern, kann ich weder dir noch sonst jemandem erlauben, die Welt zu verlassen.","Per evitare contaminazioni degli altri mondi, non posso permettere né a te né a nessun altro di andare via.","Para evitar que outros mundos se contaminem, não posso permitir que você ou qualquer outra pessoa saia daqui.","Para prevenir la contaminación de los otros mundos, no puedo dejar que nadie se vaya.","Дабы предотвратить заражение других миров, я не могу позволить тебе или кому-либо еще уйти.","他の世界による影響を
防ぐため、誰であろうと
この地を離れることは
許されません。",为了防止其他世界遭受污染，无论你们是谁，我都不能放出这个世界。
DLG_LAMASSU1_11,"If possible, the best way to remove the Arms is to destroy yourself. I can help with this if necessary.","Si possible, la meilleure façon de retirer les Armes est l'autodestruction. Je peux aider si besoin.","Wenn möglich, ist der beste Weg, die Waffen zu entfernen, sich selbst zu zerstören. Ich kann dir dabei helfen, wenn es nötig ist.","Se possibile, il modo migliore per rimuovere le Braccia sarebbe quello di autodistruggerti. Posso aiutarti io, se ne hai bisogno.","Se possível, a melhor maneira de remover as Armas é sua própria destruição. Posso ajudar com isso, se necessário.","De ser posible, la mejor manera de quitar los brazos es destruirte a ti misma. Puedo ayudarte con eso, de ser necesario.",Самый лучший способ снять Руки из возможных — самоуничтожение. С этим я помочь могу.,"考えられる最善の策として、
ただちにアームを取り外し
自らを破壊することです。
もしよろしければ
手助けをいたしましょう。",其实，销毁这些神器最好的办法是让你自毁，有需要的话，我可以帮你。
DLG_LAMASSU1_12,Please don't! I don't want you to die!,Certainement pas ! Je ne veux pas que tu meures !,"Bitte tu es nicht! Ich will nicht, dass du stirbst!","Per favore, non farlo! Non voglio che tu muoia!","Não! Por favor, eu não quero morrer!",¡No lo hagas! ¡No quiero que mueras!,"Пожалуйста, не надо! Я не хочу, чтобы ты умирала!",やめて！死んじゃダメだよ！,不要啊！我不想让你死！
DLG_LAMASSU1_13,"Sorry, I'm going to have to take a raincheck on that. Nice meeting you, Lamassu.","Pardon, mais je crois qu'on va devoir remettre ça à plus tard. Un plaisir de te rencontrer, Lamassu.","Tut mir leid, das muss ich verschieben. War nett, dich kennenzulernen, Lamassu.","Spiacente, ma dovremo fare un'altra volta. È stato un piacere conoscerti, Lamassu.","Desculpe, mas vou adiar isso por um tempo. Prazer em conhecer você, Lamassu.","Lo siento, quizás en otro momento. Ha sido un gusto, Lamassu.","Извини, как-нибудь в другой раз. Рада знакомству, Ламассу.","ごめんなさい、
丁重にお断りするわ。
よろしくね、ラマッス。",不好意思，改天再说吧。拉玛苏，很高兴认识你。
DLG_LAMASSU1_14,"(Seriously, what the hell is wrong with this place?)","(Mais vraiment, qu'est-ce qui va pas dans cet endroit ?)","(Ernsthaft, was zur Hölle ist mit diesem Ort los?)","(Sul serio, cosa diavolo ha questo posto che non va?)","(Sério, que diabos está acontecendo nesse lugar?)","(En serio, ¿qué carajo está pasando aquí?).","(Да серьезно, что с этим местом вообще такое?)","（ホント、この場所は
　一体どうなってるの？）",（开什么玩笑，这个地方到底什么情况？）
DLG_LAMASSU2_1,"So, it looks like this was some kind of temple ...","Bien, ça ressemble à une sorte de temple...","Also, es sieht so aus, als wäre das eine Art Tempel gewesen ...","Bene, sembra che questo fosse una specie di tempio…",Parece que era uma espécie de templo...,"Bueno, parece que esto fue un templo o algo así...","Похоже, это было что-то вроде храма...","ねえ、ここは
神殿みたいな場所だけど…",看来这地方以前是一座神庙……
DLG_LAMASSU2_13,... what else is here?,... qui d'autre est à l'intérieur ?,... Was ist hier noch drin?,…cos'altro c'è qui dentro?,...o que mais tem aqui?,¿Qué más hay por aquí?,...что тут еще есть?,…他には何かあるの？,……这里还有什么东西？
DLG_LAMASSU2_2,This is priveleged information and cannot be disclosed.,C'est une information confidentielle qui ne peut être divulguée.,Dies ist eine vertrauliche Information und kann nicht weitergegeben werden.,Questa è un'informazione riservata e non può essere divulgata.,Esta é uma informação privilegiada e não pode ser divulgada.,Eso es información confidencial y no puedo revelarla.,"Это тайная информация, которая не может быть раскрыта.","特別な情報であるため
教えることはできません。",特殊信息，无法披露。
DLG_LAMASSU2_4,This place was devoted to the Lamassu's teachings.,Cet endroit est consacré aux enseignements du Lamassu.,Dieser Ort war den Lehren des Lamassu gewidmet.,Questo posto era dedicato agli insegnamenti del Lamassu.,Este lugar foi dedicado aos ensinamentos de Lamassu.,Este lugar estaba destinado a las enseñanzas de la Lamassu.,Это место было отведено под учения Ламассу.,"ここはラマッスによる講義に
使われた場所よ。",这个地方之前专供我们领受拉玛苏的教诲。
DLG_LAMASSU2_6,It gave us the knowledge needed to build the Arms.,Il nous a transmis le savoir nécessaire pour construire les Armes.,"Er gab uns das Wissen, das wir brauchten, um die Waffen zu bauen.",Ci ha donato la conoscenza necessaria per costruire le Braccia.,Ele nos forneceu o conhecimento necessário para construir as Armas.,Nos daba el conocimiento necesario para crear los brazos.,Он дал нам знания для создания Рук.,"アームを作る為の
知識を教えられたわ。",它令我们知晓如何创造神器。
DLG_LAMASSU2_7,Is there something that could help me build a portal back home?,Y a-t-il quelque chose qui puisse m'aider à construire un portail pour rentrer ?,"Gibt es etwas, das mir helfen könnte, ein Portal nach Hause zu bauen?",C'è qualcosa che potrebbe aiutarmi a costruire un portale per tornare a casa?,Tem alguma coisa aí que me ajude a construir um portal de volta para casa?,¿Hay algo que pueda ayudarme a construir un portal de vuelta?,"Есть ли тут что-то, что поможет мне построить портал домой?","元の世界に戻るポータルを
作る方法はあるかしら？",我需要造传送门回家，我在这里能找到相关的信息或者设备吗？
DLG_LAMASSU2_5,"Again, this is priveleged information and cannot be disclosed.",C'est une information confidentielle qui ne peut être divulguée.,Dies ist eine vertrauliche Information und kann nicht weitergegeben werden.,Questa è un'informazione riservata e non può essere divulgata.,Esta é uma informação privilegiada e não pode ser divulgada.,Eso es información confidencial y no puedo revelarla.,"Это тайная информация, которая не может быть раскрыта.","特別な情報であるため
教えることはできません。",特殊信息，无法披露。
DLG_LAMASSU2_8,I don't believe so. But there is rumored to be a device that can help protect your body while you control the drone.,Je ne crois pas. Mais on raconte qu'un appareil peut aider à protéger ton corps pendant que tu contrôles le drone.,"Das glaube ich nicht. Aber es wird gemunkelt, dass es ein Gerät gibt, das dabei helfen kann, deinen Körper zu schützen, während du die Drohne steuerst.",Non credo. Ma si dice che esista un dispositivo che possa aiutarti a proteggere il tuo corpo mentre controlli il drone.,Acredito que não. Mas há rumores de um dispositivo que pode proteger seu corpo enquanto você controla o drone.,No lo creo. Pero se rumorea que hay un dispositivo que protege tu cuerpo mientras controlas el dron.,"Мне так не кажется. Но говорят, что есть устройство, способное защитить твое тело, пока ты управляешь дроном.","おそらくそんなものは無いわ。
ただ、ドローンを操作中でも
自分の身体を守れる装置が
あるという噂は聞いたことが
あるわ。",应该没有相关信息和设备，不过传闻有一台设备能够让你控制无人机，同时保护你的身体。
DLG_LAMASSU2_12,It would allow you to split your consciousness and re-integrate it afterwards.,Il te permettra de scinder ta conscience et de la réintégrer ensuite.,"Es würde dir erlauben, dein Bewusstsein zu spalten und es danach wieder zu integrieren.",Ti consentirebbe di separare la tua coscienza per poi reintegrarla successivamente.,Ele permitiria que você fragmentasse sua consciência e a reintegrasse em seguida.,Te permitiría separar tu conciencia y luego volver a reintegrarla.,"Оно позволяет распополамить сознание, а затем собрать его снова.","意識を２つに分けて、後で
再び１つに統合する装置よ。",有了这个设备，你就可以切分自己的意识，事后再将两个部分整合起来。
DLG_LAMASSU2_9,That would be a relief.,Ça serait plutôt pratique.,Das wäre eine Erleichterung.,Sarebbe un sollievo.,Isso seria um alívio.,Eso sería un alivio.,Вот это бы мне пригодилось.,それは役に立ちそうね。,那倒不错。
DLG_LAMASSU2_11,"Yes, that sounds great! You should try to find a way in there.","Oui, c'est bien ! Tu devrais essayer de trouver un chemin pour y aller.","Ja, das klingt großartig! Du solltest versuchen, einen Weg da hinein zu finden.","Sì, sembra grandioso! Dovresti provare a trovare un modo per entrare.","Sim, parece ótimo! Você deveria tentar encontrar uma maneira de chegar lá.","¡Sí, suena genial! Busca la manera de entrar ahí.","Да, это и правда здорово! Тебе нужно найти путь туда.","うん、何だかすごそうだね！
今すぐ探しに行くべきだよ。",是啊，听着有些意思！有了这个设备，你应该想办法进去看看。
DLG_LAMASSU3_0,"So, Lamassu, you are in charge of the drones that are running all over?","Alors, Lamassu, c'est toi qui pilotes les drones qui détruisent tout ?","Also, Lamassu, du bist verantwortlich für die Drohnen, die überall unterwegs sind?","Allora, Lamassu, sei tu a comandare tutti quei droni che brulicano qui intorno?","Enão, Lamassu, você controla os drones que estão por todo lado na região?","Lamassu, ¿estás a cargo de los drones que andan por ahí?","Так значит, это ты в ответе за все эти дроны, Ламассу?","ねえ、ラマッス、
このあたりのドローンはすべて
あなたが放ったの？",拉玛苏，山上这些无人机都是由你负责吗？
DLG_LAMASSU3_1,Yes. They are important in de-contaiminating Kiengir from external influences.,Exact. Ils jouent un rôle-clé pour décontaminer Kiengir des influences extérieures.,"Ja. Sie sind wichtig, um Kiengir von äußeren Einflüssen abzuschirmen.",Sì. Servono a decontaminare Kiengir dalle influenze esterne.,Sim. Eles são importantes para descontaminar Kiengir das influências externas.,Sí. Son vitales para la preservación de Kiengir frente a influencias foráneas.,Да. Они помогают очищать Киенгир от внешнего вмешательства.,"はい。外部による影響をこの
キエンギの地から排除する
ために必要なものです。",是的，只有它们才能消除外来因素对齐恩基鲁造成的污染。
DLG_LAMASSU3_2,"What if, say, someone dismantles you? Such as with a bomb?","Et... Imaginons que quelqu'un te déprogramme ? Avec une bombe, par exemple.","Was ist, wenn, sagen wir, jemand dich auseinandernimmt? Zum Beispiel mit einer Bombe?","E se qualcuno, per così dire, ti smantellasse? Per esempio con una bomba?","E se, digamos, alguém desmontasse você? Tipo com uma bomba?",¿Qué pasaría si... digamos... alguien te desmantelara? ¿Como con una bomba?,"А что, если кто-то тебя сломает? Ну там, бомбой взорвет?","もし仮に誰かが爆弾のような
ものであなたをバラバラに
破壊するとしたら？",那么，假设有人把你毁了，怎么办？比如把你炸了。
DLG_LAMASSU3_3,"The risk of that, fortunately, is low, as I am a distributed system with A'ansur level protections.","Fort heureusement, de tels risques sont infimes, car je suis un système distribué avec les protections du niveau d'A'ansur.","Das Risiko dafür ist zum Glück gering, denn ich bin ein verteiltes System mit Schutzmaßnahmen auf A’ansur-Niveau.","Un rischio del genere, fortunatamente, è basso, dal momento che sono un sistema distribuito con protezioni di livello A'ansuriane.","Este risco, felizmente, é baixo, pois sou um sistema distribuído com proteções de nível A'ansur.","El riesgo de que eso suceda es ínfimo, ya que soy un sistema distribuido con protecciones de nivel A'ansur.","Риск такого рода, к счастью, крайне мал, так как я являюсь распределенной системой с уровнем защиты А'ансур.","私はアンシャルに相当する
レベルの防衛機能を持つ
分散型システムです。
そのため幸運にもそのような
リスクは非常に低いです。",出现这种情况的几率，所幸很低，因为我是分布式结构，防护级别与阿安苏尔相当。
DLG_GATEBREAKERENTRY_0,"Ah, this is it. If you can get it working...","Ah, c'est donc ça. Si tu arrives à le faire marcher...","Ah, das ist es. Wenn du es zum Laufen bringst ...","Ah, eccolo. Se riesci a farlo funzionare...","Ah, é isso. Se você conseguir fazer funcionar...","Ah, ahora sí. Si puedes hacer que funcione...","А, вот оно что. Если у тебя получится это запустить...","あったわ。
もしこれを使うことができれば…",哈，就是这个。你要是能让它运行起来……
DLG_GATEBREAKERENTRY_6,...this will allow your human body to defend itself when you are using the drone.,...ton corps humain pourra se défendre tout seul pendant que tu utilises le drone.,"... kann sich dein menschlicher Körper selbst verteidigen, wenn du die Drohne benutzt.",…questo dispositivo permetterà al tuo corpo umano di difendersi da solo mentre tu utilizzi il drone.,...isso vai permitir que seu corpo humano se defenda enquanto você utiliza o drone.,esto te permitirá defender tu cuerpo humano mientras usas el dron.,"...оно позволит твоему человеческому телу защищать себя, пока ты управляешь дроном.","…ドローンを使っている間も、
自分の身体を守れるはずよ。",……你的意识就可以操控无人机，同时身体也会自我防卫。
DLG_GATEBREAKERENTRY_3,"So instead of just sitting there in a fugue, my body will get up and fight?","Alors, au lieu de rester là comme paralysé, mon corps se battra ?","Anstatt also nur in einer Fugue zu sitzen, wird mein Körper aufstehen und kämpfen?","Quindi invece di starsene qui seduto in trance, il mio corpo si alzerà in piedi e combatterà?","Então, ao invés de ficar parado, meu corpo vai se levantar e lutar?",¿Entonces mi cuerpo se despertará y luchará en lugar de quedarse ahí quieto?,"Так что вместо того, чтобы просто сидеть в забытьи, мое тело встанет и начнет драться?","意識を無くした状態から
身体を起こして戦えるってこと？",也就是说，我的身体不会坐以待毙，也会起来战斗？
DLG_GATEBREAKERENTRY_5,"Yes, your body will remain conscious.","Oui, ton corps restera conscient.","Ja, dein Körper wird bewusst bleiben.","Sì, il tuo corpo rimarrà cosciente.","Sim, seu corpo permanecerá consciente.","Sí, tu cuerpo seguirá consciente.","Да, твое тело останется в сознании.","そうよ、あなたの身体にも
意識が残るわ。",对，你有一部分意识会留在体内。
DLG_GATEBREAKERENTRY_8,"When you return, your two halves merge and your experiences combine.","À ton retour, tes deux moitiés fusionneront, et tes expériences se combineront.","Wenn du zurückkehrst, verschmelzen deine beiden Hälften und deine Erfahrungen verbinden sich.","Quando tornerai, le metà convergeranno e le due esperienze si combineranno.","Quando você voltar, suas duas metades se fundem e suas experiências se combinam.","Cuando vuelvas, las dos mitades se unirán y sus experiencias se combinarán.",А по возвращении в тело две половины сознания и опыта вновь соединятся.,"自分の身体に戻る時、
半分に分かれた
２つの意識は統合されて、
経験したことも共有される。",你返回体内的时候，意识的两个部分会合二为一，你的记忆和经历也会合二为一。
DLG_GATEBREAKERENTRY_9,That sounds terrifying ... but too useful to pass up.,Ça a l'air terrifiant... mais bien trop utile pour que je refuse.,"Das klingt erschreckend ... aber zu nützlich, um es sich entgehen zu lassen.",Sembra orribile… ma anche troppo utile per rinunciare.,Isso parece assustador... mas muito útil para ignorar.,Eso suena aterrador... pero también muy útil.,"Звучит жутко... но слишком полезно, чтобы отказаться.","何だか怖そうだけど…
無視するには惜しい力ね。",听着有些吓人……不过感觉非常有用，不加以利用就可惜了。
DLG_GATEBREAKER_0,"Finally, I breathe again.","Enfin, je respire à nouveau.",Endlich atme ich wieder.,Finalmente torno a respirare.,Finalmente posso respirar de novo.,"Respiro de vuelta, por fin.","Наконец-то, я снова могу дышать.",これでまた…息が吸える。,终于又能呼吸了。
DLG_GATEBREAKER_2,That... doesn't sound like something I would say.,"Ce... ce n'est pas le genre de choses que je dirais, normalement.","Das ... klingt nicht wie etwas, das ich sagen würde.",Non… è una cosa che mi sarei mai aspettata di dire.,Isso... não parece algo que eu diria.,Mmm... No suena como algo que yo diría.,Я бы... такого не сказала.,"これは…私じゃない…
誰がしゃべってるの…？",好像……不是在说话。
DLG_GATEBREAKER_1,"Indeed, you are no longer in control of this body.","En effet, tu n'as plus le contrôle de ce corps.",In der Tat hast du nicht mehr die Kontrolle über diesen Körper.,"In effetti, non hai più il controllo di questo corpo.","De fato, você não está mais no controle do seu corpo.","Exacto, ya no tienes control sobre este cuerpo.","Конечно, ты же больше не властвуешь над своим телом.","もう既にこの身体を
コントロールしているのはあなたじゃないの。",没错，这具身体你现在控制不了了。
DLG_GATEBREAKER_3,"I am sorry to have deceived you.
 But now I must go.","Désolée de t'avoir trompée.
 Mais, je dois partir.","Es tut mir leid, dass ich dich getäuscht habe.
 Aber jetzt muss ich gehen.","Mi spiace di averti ingannata. 
 Ma ora devo andare.","Lamento tê-la enganado.
 Mas eu preciso ir.","Lamento mucho haberte engañado.
  Pero ahora debo irme.","Мне жаль, что пришлось тебя обмануть.
 Но мне пора.","嘘をついてごめんなさい。
でも、もう行かないと。","抱歉，我欺骗了你。
现在我得走了。"
DLG_GATEBREAKER2_0,Bloody Hell!,Bordel !!!,Verdammter Mist!,Maledizione!,Maldição!,¡Maldita sea!,Чтоб тебя!,"冗談じゃないわ
チクショウが！！",你他妈的！
DLG_GATEBREAKER3_0,Shit!,Putain !,Scheiße!,Merda!,Merda!,¡Mierda!,Черт!,クソッ！,靠！
DLG_GATEBREAKER3_1,She straight up just ... STOLE my body.,Quel culot... Elle a tout simplement... VOLÉ mon corps !,Sie hat einfach nur ... meinen Körper gestohlen.,Mi ha praticamente… RUBATO il corpo.,Ela simplesmente... ROUBOU meu corpo.,Simplemente... me ROBÓ el cuerpo.,Да она просто взяла и... УКРАЛА мое тело.,"あいつは私の身体をそのまま
…盗んでいった。",她就那么……抢走了我的身体。
DLG_GATEBREAKER3_2,Am I stuck like this?,"Et maintenant, je suis coincée ?",Stecke ich jetzt so fest?,Sono bloccata così?,E eu estou presa desse jeito?,¿Y ahora me quedo así?,"И что, я теперь так и буду?",私はずっとこのままってこと？,我要一直这副模样了吗？
DLG_GATEBREAKER3_4,"I'm really sorry, Indra. I had no idea this would happen.","Je suis vraiment désolé, Indra... Je n'avais pas idée que cela arriverait.","Es tut mir wirklich leid, Indra. Ich hatte keine Ahnung, dass das passieren würde.","Mi dispiace molto, Indra. Non avevo idea che sarebbe accaduto.","Eu realmente lamento, Indra. Não fazia a menor ideia de que isso aconteceria.","Lo siento mucho, Indra. No tenía idea de que sucedería esto.","Мне правда жаль, Индра. Я не знал, что так может произойти.","ごめんなさい、インドラ。
こんなことになるなんて
思ってもみなかった。",因德拉，我非常同情你，完全没想到事情会是这样。
DLG_GATEBREAKER3_5,So you're still trapped in here with me ...,"Alors, tu es toujours coincé ici avec moi...",Du bist also immer noch mit mir hier drin gefangen ...,Quindi sei ancora intrappolato qui con me…,Então você ainda está preso aqui comigo...,Así que tú sigues aquí conmigo...,Так значит теперь ты тут со мной...,"あなたも、私と一緒に
ここに取り残されたのね…",所以你也和我困在了一起……
DLG_GATEBREAKER3_6,It's just us now. I'm sorry. I'm not as strong as the others.,"Il ne reste plus que nous, maintenant. Excuse-moi... Je n'arrive pas à la cheville des autres.",Es gibt nur noch uns. Es tut mir leid. Ich bin nicht so stark wie die anderen.,Ora siamo rimasti soli. Mi dispiace. Non sono forte come gli altri.,Somos só nós agora. Eu lamento. Não sou tão forte como os outros.,Solo quedamos nosotros. Lo siento. No soy tan fuerte como los demás.,"Тут только мы вдвоем. Извини. Я не такой сильный, как остальные.","今はもうぼくたちしかいない。
ごめんね、ぼくは他のアーム
みたいに強くないから。",现在只剩你我了，我没有他们那么强大。
DLG_GATEBREAKER3_7,"If I was stronger, I could turn you back into a human.","Si j'avais plus de force, je pourrais te rendre ta forme humaine.","Wenn ich stärker wäre, könnte ich dich zurück in einen Menschen verwandeln.","Se fossi più forte, ti ritrasformerei in un essere umano.","Se eu fosse mais forte, poderia transformar você de volta em ser humano.","Si lo fuera, podría devolverte tu forma humana.","Если бы я был сильнее, то смог бы превратить тебя обратно в человека.","ぼくがもっと強かったら、今の
インドラを人間の姿にだって
できるのに。",不然的话，我可以把你变回人形。
DLG_GATEBREAKER3_8,I was supposed to be able to transform things.,J'étais censé pouvoir transformer les choses.,"Ich sollte in der Lage sein, Dinge zu verwandeln.",La mia abilità sarebbe dovuta essere quella di trasformare le cose.,Eu deveria ser capaz de transformar coisas.,Se suponía que podría transformar cosas.,Я должен был уметь трансформировать вещи.,"ぼくの力は物質を変形させる
ことができるはずなんだ。",我本来应该能够改变事物的形态。
DLG_GATEBREAKER3_9,Is there a way to ... power you up?,Il n'y a pas un moyen de te... charger ?,"Gibt es einen Weg, dich ... mit Energie zu versorgen?",C'è un modo per… potenziarti?,Existe alguma forma de... energizar você?,¿Hay alguna manera de... mejorarte?,Есть способы... тебя прокачать?,"あなたの力を…
強くする方法はあるの？",有没有办法能……增强你的能力？
DLG_GATEBREAKER3_10,Well ... maybe?,Hum... peut-être ?,Nun ... vielleicht?,Beh… forse?,Bom... talvez?,Eh... ¿quizás?,Эм... наверное?..,ええと…たぶん？,唔……可能有吧？
DLG_GATEBREAKER3_11,They used to have Arms that basically add to existing Arms.,Il y avait des Armes qui pouvaient s'ajouter à des Armes existantes.,"Früher gab es Waffen, die im Grunde genommen zu bestehenden Waffen hinzugefügt werden konnten.",Una volta c'erano delle Braccia che sostanzialmente si aggiungevano alle Braccia esistenti.,Eles tinham Armas que basicamente amplificavam outras Armas.,Antes tenían brazos que podían agregarse a otros brazos.,"Раньше были Руки, которые просто можно было добавить к уже существующим.","昔、他のアームの力を
統合したアームがいたんだ。",以前有些神器可以直接加到其他神器身上。
DLG_GATEBREAKER3_14,But it's been so long.,Mais cela fait si longtemps.,Aber das ist schon so lange her.,Ma è passato tanto tempo.,Mas já faz muito tempo.,Pero pasó tanto tiempo...,Но это было очень давно.,ずっと昔の話なんだけど。,可那是很久之前的事情。
DLG_GATEBREAKER3_13,"Well, that's still plan B. Plan A being to take my damn body back. Somehow.","Bon, ça reste un plan B. Le plan A est de me rendre mon foutu corps. S'il y a un moyen...","Nun, das ist immer noch Plan B. Plan A ist es, meinen verdammten Körper zurückzubekommen. Irgendwie.","Beh, teniamolo come piano B. Il piano A è quello di riavere indietro il mio dannato corpo. In qualche modo.","Bom, esse é o plano B. O plano A é pegar meu corpo de volta, seja lá como for.","Bueno, ese es el plan B. Y el plan A sería recuperar mi cuerpo, carajo. De alguna manera.","Ну, это все равно план Б. План А — вернуть мое чертово тело. Как-нибудь.","じゃあ、それはプランＢね。
プランＡは何としても
私の身体を取り戻すことよ。",唔，那个是备选方案，现在首选方案还能夺回我的身体，总要想个办法。
DLG_ORACLETERMINAL1_0,"Wielder. It is I, the Lamassu.","Héraldesse. C'est moi, le Lamassu.","Träger. Ich bin es, der Lamassu.","Portatore. Sono io, il Lamassu.","Portadora. Sou eu, Lamassu.","Canalizadora, soy yo, la Lamassu.","Владелица. Это я, Ламассу.","行使者よ、私です。
ラマッスです。",持者，是我，拉玛苏。
DLG_ORACLETERMINAL1_1,Have you decided to stop trying to kill me?,As-tu abandonné l'idée de me tuer ?,"Hast du dich entschieden, nicht mehr zu versuchen, mich zu töten?",Hai per caso deciso di smettere di tentare di uccidermi?,Decidiu parar de tentar me matar?,¿Has decidido dejar de intentar matarme?,Ты решил перестать пытаться меня убить?,私を殺すのはやめにしてくれた？,你不准备要我的命了吗？
DLG_ORACLETERMINAL1_4,Unfortunately that directive must still remain. But recent events have caused another directive to take priority.,"Malheureusement, cette directive doit suivre son cours. Mais les événements récents ont donné la priorité à une autre directive.","Leider muss diese Anordnung weiterhin bestehen bleiben. Aber die jüngsten Ereignisse haben dazu geführt, dass eine andere Anordnung Vorrang hat.",Sfortunatamente quella direttiva non è mutata. Ma eventi recenti hanno dato priorità a una nuova direttiva.,"Infelizmente, essa diretiva permanece. Mas eventos recentes deram prioridade a outra diretiva.","Por desgracia, esa directiva aún debe mantenerse. Pero ciertos eventos recientes han cambiado las prioridades.","К сожалению, эта директива должна остаться в силе. Но недавние события поставили в приоритет другую директиву.","残念ながらその命令は
まだ取り消されていません。
しかしその他に優先して対処する
必要がある事件が起こりました。",抱歉，这项指示必须完成。不过，由于最近发生了一些事件，指示的优先级有所降低。
DLG_ORACLETERMINAL1_6,You mean Amashilama taking my body?,Tu parles d'Amashilama qui m'a volé mon corps ?,"Du meinst, dass Amashilama meinen Körper übernimmt?",Intendi il fatto che Amashilama ha preso possesso del mio corpo?,Quer dizer Amashilama tomar meu corpo?,¿Te refieres al hecho de que Amashilama se llevó mi cuerpo?,"Ты про то, что Амашилама забрала мое тело?","アマシラーマが
私の身体を奪ったことかしら？",你说因为阿玛希拉玛抢了我的身体？
DLG_ORACLETERMINAL1_7,"Indeed, the consequences of this are dire. In the past Amashilama was one of the more troublesome Arms.","En effet, cet acte peut avoir des conséquences terribles. Jadis, Amashilama était l'une des Armes les plus problématiques.","In der Tat, die Konsequenzen sind schrecklich. In der Vergangenheit war Amashilama eine der lästigeren Waffen.","Esatto, e le conseguenze saranno nefaste. In passato Amashilama è stata una delle Braccia più problematiche.","Sim, as consequências disto são terríveis. No passado, Amashilama era uma das Armas mais problemáticas.","Exacto. Las consecuencias pueden ser terribles. En el pasado, Amashilama fue uno de los brazos más problemáticos.","Именно, последствия этого печальны. В прошлом Амашилама была одной из самых трудных Рук.","これは実にゆゆしき事態です。
過去、アマシラーマはアームの
中で実に手に余る存在でした。",没错，此事后果严重。阿玛希拉玛作为神器，此前便桀骜不驯，劣迹斑斑。
DLG_ORACLETERMINAL1_8,"After the Wielders defeated the Udug, it was necessary to restore and rebuild society to how it was prior to their introduction.","Quand les Hérauts ont vaincu les Udug, il était nécessaire de restaurer la société et de la rebâtir telle qu'elle était avant leur introduction.","Nachdem die Träger die Udug besiegt hatten, war es notwendig, die Gesellschaft wieder so aufzubauen, wie sie vor ihrer Ankunft war.","Dopo che i Portatori sconfissero gli Udug, fu necessario riformare e ricostruire la società nel modo in cui era fatta prima della loro introduzione.","Após os Portadores derrotarem Udug, foi necessário reconstruir e restaurar a sociedade, da forma que ela era antes de eles serem introduzidos.","Luego de que los canalizadores derrotaron a los udugs, fue necesario restaurar la sociedad y reconstruirla como era antes de su existencia.","После того, как Владельцы победили Удуг, было важно перестроить общество и возвратить его в состояние до создания Рук.","行使者たちがウトゥックが
打ち破った後、社会を復興し
平和時の状態へと戻す必要が
ありました。",持者击败乌图库之后，我们迫切需要重建社会，恢复社会之前的状态。
DLG_ORACLETERMINAL1_9,"Though most Wielders complied faithfully, Amashilama and her Wielder resisted, creating a new conflict.","Alors que la plupart des Hérauts se sont exécutés sans poser de question, Amashilama et son Héraut ont résisté, créant un nouveau conflit.","Obwohl die meisten Träger sich treu an die Vorgaben hielten, leisteten Amashilama und ihr Träger Widerstand, wodurch ein neuer Konflikt entstand.","Molti dei Portatori si comportarono lealmente, ma Amashilama e il suo Portatore si ribellarono, creando un nuovo conflitto.","Embora a maioria dos Portadores tenha obedecido fielmente, Amashilama e seu Portador resistiram, criando um novo conflito.","Si bien la mayoría de los canalizadores cumplieron con su parte, Amashilama y su canalizador se resistieron, lo que causó un nuevo conflicto.","Большинство Владельцев добровольно согласились на это. Все, кроме Амашиламы и ее Владельца, которые воспротивились, тем самым спровоцировав новый конфликт.","ほぼ全ての行使者たちは
己の信義に殉じましたが、
アマシラーマと彼女の行使者は
そのことに反対し、新たなる
火種を起こしました。",多数持者服从了命令，可是阿玛希拉玛和她的持者拒不从命，引发了一场新的冲突。
DLG_ORACLETERMINAL1_10,"By ""complied faithfully"", do you by any chance mean they killed themselves?","Quand tu dis « exécutés sans se poser de question », tu veux dire qu'ils se sont autodétruits ?","Meinst du mit „treu“ zufällig, dass sie sich selbst getötet haben?","Con ""si comportarono lealmente"", intendi dire per caso che si suicidarono?","Por ""obedecido fielmente"", você por acaso quis dizer ""se mataram""?","Cuando dices ""cumplieron con su parte"", ¿te refieres a que se suicidaron?","Добровольно согласились, в твоем понимании, случайно, не значит ""совершили самоубийство""?","”信義に殉じる”って言ったけど
それは自らを殺めたってこと？",“服从命令”，你意思是他们自杀了吗？
DLG_ORACLETERMINAL1_11,"Destroyed is perhaps more apt, as nothing less than a storm bomb can completely dismantle the Arms' nanotech.",« Effacés » serait plus correct. Seule une bombe des tempêtes est capable de déconstruire complètement la nanotechnologie des Armes.,"„Zerstört“ ist vielleicht zutreffender, denn nichts weniger als eine Sturmbombe kann die Nanotechnologie der Waffen vollständig demontieren.","Distrussero forse è il termine più adatto, dato che solo una bomba-tempesta può smantellare completamente la nanotecnologia delle Braccia.","Destruídos talvez seja mais preciso, pois nada menos do que uma bomba tempestade pode desmanchar totalmente a nanotecnologia de uma Arma.","Quizás ""se destruyeron"" sea una frase más precisa, ya que solo una bomba tempestad puede desmantelar la nanotecnología de los brazos.","Более приемлемо было бы сказать ""уничтожены"", ведь только штормовая бомба может полностью аннигилировать нанотехнологию Рук.","”自らを破壊した”がより正確でしょう。
ストームボムの力によりアームの
ナノテクノロジーを完全に分解した
ことに他ならないので。",“自毁”应当更为恰切，所有神器的纳米科技全都毁在了一场堪比风暴炸弹的爆炸之中。
DLG_ORACLETERMINAL1_12,So you asked Amashilama to nuke herself and she declined? Can't say I blame her.,Alors tu as demandé à Amashilama de se faire exploser et elle a refusé ? Difficile de lui en vouloir.,"Du hast also Amashilama gebeten, sich selbst zu vernichten, und sie hat abgelehnt? Ich kann es ihr nicht verübeln.",Quindi hai chiesto ad Amashilama di farsi saltare in aria e lei ha rifiutato? Non posso darle tutti i torti.,Então você pediu a Amashilama para se explodir e ela recusou? Não dá pra culpá-la.,"¿Le pediste a Amashilama que se detone y se negó? No la culpo, la verdad.","То есть, вы попросили Амашиламу подорвать себя на ядерной бомбе, и она отказалась? Не скажу, что могу ее в этом винить.","アマシラーマはあなたに自分自身の
破壊を命じられて拒否したのよね？
それなら私は単純に彼女を
非難することなんてできないわ。",也就是说你让阿玛希拉玛把自己炸了，然后她不答应？实在不觉得她做得有什么不对。
DLG_ORACLETERMINAL1_13,"Nevertheless, you and I have some common cause.","Néanmoins, toi et moi partageons un objectif commun.",Nichtsdestotrotz haben du und ich etwas gemeinsam.,"Sia come sia, tu e io abbiamo una causa comune.","Todavia, você e eu temos uma causa em comum.","De todos modos, tú y yo tenemos intereses comunes.","Даже несмотря на то, что у нас с тобой общая цель.","それでもあなたと私は
共通の利害で一致しています。",不过，你我现在有了共同的目标。
DLG_ORACLETERMINAL1_14,"I have reason to believe she is heading for the suspension bridge at sector 33, 26.","J'ai des raisons de croire qu'elle se dirige vers le pont suspendu au secteur 33, 26.","Ich habe Grund zu der Annahme, dass sie auf die Hängebrücke in Sektor 33, 26 zusteuert.","Ho motivo di credere che si stia dirigendo al ponte sospeso nel settore 33, 26.","Tenho razões para acreditar que ela está indo para a ponte suspensa, no setor 33, 26.",Tengo la certeza de que se dirige al puente colgante del sector 33-26.,"У меня есть основание предполагать, что она направляется к навесному мосту в секторе 33, 26.","彼女はセクター３３，２６にある
吊り橋へと向かっているはずです。","我有理由相信她正在前往33,26区的索桥。"
DLG_ORACLETERMINAL1_15,Destroy her and I will endeavor to return you to your human form.,Détruis-la et je ferai en sorte que tu retrouves ta forme humaine.,"Zerstöre sie und ich werde mich bemühen, dich in deine menschliche Form zurückzubringen.",Distruggila e io mi adopererò per farti tornare alla tua forma umana.,Destrua-a e eu me dedicarei a devolver sua forma humana.,Destrúyela e intentaré regresarte a tu forma humana.,"Уничтожь ее, и я постараюсь вернуть тебе твою человеческую форму.","彼女を破壊してください。
そして私はあなたが
元の人間の身体に戻れるよう
手を尽くしましょう。",将她消灭，我便尽力帮你恢复人形。
DLG_OCEAN_0,The ocean continues on for miles and miles.,L'océan s'étend encore sur des kilomètres.,Der Ozean erstreckt sich kilometerweit.,L'oceano continua per chilometri e chilometri.,O oceano se estende por muitos quilômetros.,El océano se extiende durante varios kilómetros.,Океан простирается на многие километры вокруг.,"この先の海は
千里万里と続いていく。",大海浩浩荡荡，无边无际。
DLG_OCEAN_1,I suppose I could just keep going until I get to the other side ...,J'imagine que je pourrais continuer jusqu'à atteindre l'autre côté...,"Ich nehme an, ich könnte einfach weitergehen, bis ich auf der anderen Seite ankomme ...",Immagino che potrei procedere fino ad arrivare sull'altra sponda…,"Suponho que eu deveria seguir em frente, até chegar ao outro lado...",Supongo que podría seguir avanzando hasta cruzarlo...,"Наверное, я бы могла просто плыть, пока не достигну противоположного берега...","このまま進み続ければ、
ずっと先にある向こう岸まで
たどり着けるかもしれない…",我应该可以一直走到对岸……
DLG_OCEAN_2,... but I'm not going to do that.,"...mais, ce n'est pas ce que je vais faire.",... aber das werde ich nicht tun.,…ma non lo farò.,...mas eu não vou fazer isso.,pero no voy a hacerlo.,...но я не буду этого делать.,"…だけど私はその方向へと
歩みを進めることはない。",……不过我不想干这种事情。
DLG_DRUSHKA1_17,What curious creature is this?,Quelle étrange créature est-ce donc ?,Was ist das für ein seltsames Wesen?,Quale creatura curiosa è mai questa?,Que criatura intrigante é essa?,¿Qué curiosa criatura es esta?,Что это за любопытное создание?,何だ？面白そうな生き物だな。,你是什么稀奇的造物？
DLG_DRUSHKA1_1,"Ah, yeah ... I used to be just a normal human.","Ah, c'est vrai... J'étais une humaine, avant.",Ach ja ... Früher war ich ein ganz normaler Mensch.,"Ah, giusto… una volta ero un normale essere umano.","Ah, é... eu costumava ser apenas um ser humano comum.","Ah, sí... Antes, era un ser humano normal.","А, да... Я же раньше обычным человеком была.","その…ついさっきまでは
普通の人間だったの。",哈，唔……我原本只是普通的人类。
DLG_DRUSHKA1_2,I had an unfortunate encounter with some nanotech.,J'ai eu une mésaventure avec de la nanotechnologie...,Ich hatte eine unglückliche Begegnung mit etwas Nanotech.,Poi ho avuto uno sfortunato incontro con una nanotecnologia.,Então tive um encontro infortuno com alguma nanotecnologia.,Pero tuve un encuentro desafortunado con la nanotecnología.,Имела несчастье пересечься тут с одной нанотехнологией.,"ナノテクノロジーの産物たちとの
巡り合わせが悪くてこうなったの。",后来倒霉遇到了什么纳米科技。
DLG_DRUSHKA1_18,I'm trying to find my way back to Antarctica.,J'essaye de retrouver mon chemin vers l'Antarctique.,"Ich versuche, meinen Weg zurück in die Antarktis zu finden.",Sto cercando di trovare il modo di tornare in Antartide.,Estou tentanto voltar para a Antártida.,Estoy intentando volver a la Antártida.,Пытаюсь вернуться обратно в Антарктиду.,今は南極へ戻る方法を探しているわ。,我正在想办法回南极。
DLG_DRUSHKA1_4,I see. My name is Zhansaya Korshunova. But you can call me Drushka.,Je vois. Je m'appelle Zhansaya Korshunova. Mais tu peux m'appeler Drushka.,Ich verstehe. Mein Name ist Zhansaya Korshunova. Aber du kannst mich Drushka nennen.,Capisco. Mi chiamo Zhansaya Korshunova. Ma puoi chiamarmi Drushka.,Entendo. Meu nome é Zhansaya Korshunova. Mas pode me chamar de Drushka.,Ya veo. Mi nombre es Zhansaya Korshunova. Puedes llamarme Drushka.,Ясно. Меня Жансая Коршунова зовут. Но можешь называть меня просто Друшка.,"なるほど。
私はジャンサヤ・コルシュノワだ。
ドルシュカと呼んでくれ。",原来如此，我是扬萨娅·科尔舒诺娃，你可以叫我杜卢什卡。
DLG_DRUSHKA1_7,What is this place?,Quel est cet endroit ?,Was ist das für ein Ort?,Che posto è questo?,O que é este lugar?,¿Qué es este lugar?,Что это за место?,この場所は一体何なの？,这里是什么地方？
DLG_DRUSHKA1_20,"We call this place the ""Emergence"". Most of those from Sagimbayev Station migrated here.",Cet endroit se nomme « L'Émergence ». La plupart de ceux qui venaient de la Station Sagimbayev se sont installés ici.,Wir nennen diesen Ort die „Emergenz“. Die meisten von der Sagimbayev Station sind hierher gewandert.,"Lo chiamiamo ""Emergenza"". La maggior parte del personale della Stazione Sagimbayev è emigrata qui.","Nós o chamamos de ""Emergência"". A maioria das pessoas da Estação Sagimbayev migraram para cá.","Lo llamamos el ""Surgimiento"". La mayoría de los que estaban en la estación Sagimbayev migraron aquí.","Мы называем его ""Явление"". Сюда переместилось большинство обитателей Станции Сагимбаева.","私たちはこの場所を
「エマージェンス」と呼んでいる。
シャジムベイエブ基地局の
ほぼ全ての者がここへと移り住んだ。",我们叫这个地方“显现”，萨金巴耶夫站大多数成员都迁到了这里。
DLG_DRUSHKA1_21,"Unfortunately, the portal you took here is not physically capable of returning you to Earth.","Malheureusement, le portail que tu as pris jusqu'ici n'est pas capable de te ramener sur Terre.","Leider ist das Portal, das ihr hierhergenommen habt, physisch nicht in der Lage, dich zur Erde zurückzubringen.","Sfortunatamente, il portale che ti ha condotto qui non è fisicamente in grado di farti tornare sulla Terra.","Infelizmente, o portal que você usou para chegar aqui não é fisicamente capaz de levá-la de volta à Terra.","Por desgracia, el portal que tomaste para venir aquí no puede llevarte de vuelta a la Tierra.","Печально то, что портал, которым ты воспользовалась, чтобы попасть сюда, чисто физически не способен перенести нас на Землю.","残念だがあなたをここへと
連れてきたポータルでは
地球へ帰ることはできない。",可惜你们带到这里的那个传送门，并不能将你送回地球。
DLG_DRUSHKA1_19,"But there has to be a way, even if I have to build a whole new portal.","Mais, il doit y avoir un moyen... Même si je dois construire un tout nouveau portail.","Aber es muss einen Weg geben, selbst wenn ich ein ganz neues Portal bauen muss.","Ma dev'esserci un modo, magari costruendo un portale del tutto nuovo…","Mas tem que haver um jeito, mesmo que eu tenha que construir um portal novo.","Pero debe de haber una manera, aunque tenga que construir un portal nuevo.",Но должен же быть путь: даже если для этого придется построить новый портал.,"でも、たとえゼロからポータルを
作ることになるとしても、
何か方法はあるはずでしょ。",可是，总有办法回去，哪怕我要再建一个全新的传送门，也没问题。
DLG_DRUSHKA1_13,We've found evidence that the people in Kiengir - the world you came from - were not alone.,Nous avons trouvé des indices qui laissent penser que les habitants de Kiengir - le monde dont tu viens - n'étaient pas seuls.,"Wir haben Beweise dafür gefunden, dass die Menschen in Kiengir – der Welt, von der du gekommen bist – nicht allein waren.",Abbiamo trovato le prove che la gente di Kiengir - il mondo da cui provieni - non era sola.,Encontramos evidências de que as pessoas em Kiengir - o mundo do qual você veio - não estavam sozinhas.,"Encontramos pruebas de que la gente de Kiengir, el mundo del que provienes, no estaba sola.","Мы нашли доказательства того, что жители Киенгира — мира, откуда ты явилась — были не одни.","私たちは、あなたが渡って来た
キエンギの世界に住んでいた人々が
決して他の世界から孤立していた
わけではないという証拠を見た。",我们发现了一些线索，表明齐恩基鲁——也就是你来的那个世界——那里的人此前并不孤单。
DLG_DRUSHKA1_15,There are some ruins in the east that are so advanced as to defy explanation.,À l'Est se trouvent des ruines si avancées que cela dépasse toutes les explications possibles.,"Es gibt einige Ruinen im Osten, die so fortschrittlich sind, dass sie sich nicht erklären lassen.",A est ci sono delle rovine tanto avanzate da sfuggire a ogni logica.,"Existem algumas ruínas ao leste, tão avançadas que estão além de qualquer explicação.",Hay unas ruinas al este que tienen una tecnología que desafía toda lógica.,"К востоку отсюда находятся руины цивилизации с настолько развитой технологией, что это просто не поддается пониманию.","東に行けば何とも説明しがたい程に
発達した技術を残した遺跡がある。",东部地区有一些遗迹科技水平极高，完全无法解释。
DLG_DRUSHKA1_16,"If you can find your way in there, perhaps there is something that can help.","Si tu arrives à t'y rendre, peut-être que tu y trouveras quelque chose pour t'aider.","Wenn du deinen Weg dorthin finden kannst, gibt es vielleicht etwas, das dir helfen kann.","Se riuscissi ad arrivarci in qualche modo, forse potresti trovare qualcosa in grado di aiutarti.","Se você conseguir chegar lá, talvez encontre algo que a ajude.","Si puedes encontrar la manera de entrar, quizás haya algo que te sea de ayuda.","Если сможешь туда попасть, может, найдешь там что-нибудь полезное.","仮にあなたがそこまでたどり着けば、
何かヒントとなるものを
見つけ出せるかもしれない。",既然你去了那个地方，那么那边或许可以找到有用的东西。
DLG_DRUSHKA2_0,So why are you behind that barrier?,Pourquoi es-tu derrière cette barrière ?,Warum bist du dann hinter dieser Barriere?,"Dimmi, perché sei dietro quella barriera?",Por que você está atrás desta barreira?,¿Y por qué estás detrás de esa barrera?,Так почему ты за этим барьером?,"ねえ、あなたたちはなぜ
バリアの背後に隠れているの？",你们为什么躲在那个屏障后面？
DLG_DRUSHKA2_1,"A woman came by here earlier, bearing nanomachines. She thought to threaten us.","Une femme est venue ici, tout à l'heure, elle portait des nanomachines. Elle a voulu nous menacer.","Vorhin kam eine Frau mit Nanomaschinen hier vorbei. Sie dachte, sie würde uns bedrohen.","È appena passata di qui una donna, che portava con sé delle nanotecnologie. Credeva di poterci minacciare.","Uma mulher veio aqui mais cedo, portando nanomáquinas. Ela quis nos ameaçar.",Una mujer con nanomáquinas pasó por aquí antes. Y nos amenazó.,До этого сюда приходила женщина с наномашинами. Пыталась нам угрожать.,"先ほどナノマシンを携えた女が
この近くに来たのだ。我々の存在を
脅かすつもりだったようだ。",刚才来了一个女的，带着几台纳米机器，她想威胁我们。
DLG_DRUSHKA2_14,The barrier is a precaution to keep her from entering the Emergence.,La barrière est une précaution pour la tenir à distance de l'Émergence.,"Die Barriere ist eine Vorsichtsmaßnahme, um sie davon abzuhalten, die Emergenz zu betreten.",La barriera è una precauzione per impedirle di entrare a Emergenza.,A barreira é uma precaução para impedi-la de entrar na Emergência.,La barrera es para evitar que ingrese al Surgimiento.,"Барьер — защитная мера, чтобы она не смогла проникнуть в Явление.","このバリアはその女がエマージェンスに
侵入することを防ぐための措置だ。",这个屏障是防止她进入显现。
DLG_DRUSHKA2_4,That was Amashilama. She's the one who did this to me.,C'était Amashilama. C'est elle qui m'a fait ça.,"Das war Amashilama. Sie ist diejenige, die mir das angetan hat.",Era Amashilama. È stata lei a farmi questo.,Era Amashilama. Foi ela que fez isso comigo.,Esa era Amashilama. Ella fue la que me hizo esto.,Это была Амашилама. Это она со мной такое сделала.,"アマシラーマだわ。
私をこうなったのもそいつの仕業よ。",是阿玛希拉玛，我成了现在这样，就是拜她所赐。
DLG_DRUSHKA2_15,"This may be hard to believe, but she took my original body. Though I intend to get it back.","Je sais que c'est dur à avaler, mais elle a pris mon corps d'origine. Même si j'ai bien l'intention de le récupérer.","Es ist vielleicht schwer zu glauben, aber sie hat meinen ursprünglichen Körper genommen. Obwohl ich beabsichtige, ihn zurückzubekommen.","Potrebbe essere difficile da credere, ma si è impossessata del mio corpo. E io intendo riprendermelo.","Pode ser difícil de acreditar, mas ela tomou meu corpo original. Mas eu pretendo pegá-lo de volta.","Puede que suene algo loco, pero se llevó mi cuerpo original. Y pienso recuperarlo.","В это, наверное, трудно поверить, но она забрала мое тело. Я намереваюсь вернуть его.","信じられないと思うけど、
あいつに身体を乗っ取られたの。
私は元の身体を取り戻したいの。",说了你可能觉得难以相信，就是她抢走了我的肉体，不过我准备把身体夺回来。
DLG_DRUSHKA2_16,It is not so hard to believe. Separation of mind from body is one of our goals in the Emergence.,"Ce n'est pas si dur à croire. Séparer l'esprit du corps fait partie de nos objectifs, à l'Émergence.",Es ist nicht so schwer zu glauben. Die Trennung von Geist und Körper ist eines unserer Ziele in der Emergenz.,Non è per niente difficile da credere. La separazione della mente dal corpo è uno degli obiettivi che abbiamo qui a Emergenza.,Não é tão difícil de acreditar. Separar a mente do corpo é um dos objetivos na Emergência.,No suena tan loco. La separación del cuerpo y la mente es uno de nuestros objetivos en el Surgimiento.,Не так уж и трудно поверить. Одна из наших целей в Явлении — отделение тела от разума.,"信じられないことはない。
身体から精神を分離させることは、
我々がエマージェンスで
成し遂げたいことの１つだ。",并不难以相信，我们在显现的一项研究目标就是实现灵肉分离。
DLG_DRUSHKA2_18,One day I hope to leverage that same technology for the good of our people.,"Un jour, j'espère exploiter une telle technologie pour le bien de notre peuple.","Eines Tages hoffe ich, dieselbe Technologie zum Wohle unseres Volkes einsetzen zu können.",Un giorno spero di poter sfruttare quella stessa tecnologia per il bene della nostra gente.,Um dia espero utilizar essa tecnologia em benefício do nosso povo.,"Espero, algún día, utilizar esa misma tecnología para el bien de nuestra gente.",Я надеюсь однажды научиться использовать эту технологию на благо нашего народа.,"いつか我々の仲間たちのために
同じような技術を活用できればと
考えている。",终有一天，我希望能够运用这项技术造福我们同胞。
DLG_DRUSHKA2_17,"Why are you out here, in this chamber, and not with your people?","Pourquoi es-tu là, dans cette chambre, et non avec ton peuple ?","Warum bist du hier draußen, in dieser Kammer, und nicht bei deinem Volk?","Perché sei qui fuori, in questa camera, e non con la tua gente?","Por que você está aqui, nesta câmara, e não com seu povo?","¿Por qué estás aquí, en este lugar, y no con tu gente?","Почему ты здесь, в этой комнате, а не с остальными?","あなたはなぜ仲間達と離れて
こんな場所の中にいるの？",你为什么在这个地方？为什么没和你的同伴在一起？
DLG_DRUSHKA2_5,"The supreme purpose of life is evolution, but our lifetimes are too short to perceive it.","La raison suprême de la vie est d'évoluer, mais nos existences sont trop courtes pour que l'on s'en rend compte.","Der höchste Zweck des Lebens ist die Evolution, aber unsere Lebenszeit ist zu kurz, um sie wahrzunehmen.","Lo scopo supremo della vita è l'evoluzione, ma le nostre esistenze sono troppo brevi per percepirla.","A evolução é o propósito supremo da vida, mas nosso tempo é muito curto para percebermos isso.","El propósito definitivo de toda vida es la evolución, pero nuestro tiempo de vida es muy corto para percibirlo.","Высшая цель жизни — эволюция, но наша жизнь слишком коротка, чтобы это понять.","生命の究極の目的とは進化だ。
だがそれを実際に観察するには
我々の寿命は短すぎる。",生命的终极目标是演化，可是我们的寿命太短，无法感知到这一过程。
DLG_DRUSHKA2_6,"However, in the Emergence, time passes differently.","Néanmoins, le temps s'écoule différemment dans l'Émergence.",Doch in der Emergenz vergeht die Zeit anders.,"Invece, a Emergenza, il tempo scorre diversamente.","Entretanto, na Emergência, o tempo flui de maneira diferente.","Sin embargo, en el Surgimiento, el tiempo transcurre de forma diferente.",Однако в Явлении время течет по-иному.,"だが、このエマージェンスの中では
時間の流れる速さが異なる。",然而，时间在“显现”之中的流逝有所不同。
DLG_DRUSHKA2_8,"In the chamber behind us, for example, is a doorway we call a ""time valve"". Beyond it time moves faster.","Par exemple, dans la chambre derrière nous se trouve une porte qu'on appelle la « valve temporelle ». Derrière elle, le temps s'écoule plus rapidement.","In der Kammer hinter uns befindet sich zum Beispiel eine Tür, die wir ein „Zeitventil“ nennen. Jenseits davon bewegt sich die Zeit schneller.","Nella camera dietro di noi, per esempio, c'è una porta che chiamiamo ""valvola del tempo"". Dietro di essa, il tempo scorre più velocemente.","Na câmara atrás de nós, por exemplo, há uma entrada que chamamos de ""válvula do tempo"". Por trás dela, o tempo flui mais rápido.","En la sala que está detrás de nosotros, por ejemplo, hay una puerta que conocemos como ""válvula temporal"". Del otro lado, el tiempo pasa más rápido.","Например, в комнате позади нас есть проход под названием ""временной вентиль"". За ним время течет быстрее.","例えば我々の背後にある場所には
「タイムバルブ」と呼ばれる出入口
がある。そこから向こうの時間は
速く進む。",例如，我们身后这个房间有一扇门，我们称之为“时阀”，门内的时间流逝更快。
DLG_DRUSHKA2_9,"That is where we have settled. For some of us, it has been decades since we arrived.","C'est là que nous nous sommes installés. Pour certains d'entre nous, des décennies ont passé depuis notre arrivée.","Das ist der Ort, an dem wir uns niedergelassen haben. Für einige von uns ist es schon Jahrzehnte her, dass wir angekommen sind.","È lì che ci siamo insediati. Per alcuni di noi, sono passati decenni dal nostro arrivo.","Foi onde nos instalamos. Para alguns de nós, já se passaram décadas desde que chegamos.","Allí es donde nos asentamos. Para algunos, han pasado décadas desde que llegamos.",Перед ним-то мы и обосновались. Некоторые из нас прибыли сюда несколько десятков лет назад.,"我々はそこに居を構えている。
中には我々が到着してから何十年も
時間の流れを経験した者もいる。",我们就住在那里，有些成员已经来了几十年了。
DLG_DRUSHKA2_10,I come here periodically to pass the time faster. This way I can steer the advancement of humanity on a long term scale.,"Je viens ici de temps en temps pour faire passer le temps plus rapidement. De cette façon, je peux guider l'avancée de l'humanité sur le long terme.","Ich komme in regelmäßigen Abständen hierher, um die Zeit schneller vergehen zu lassen. Auf diese Weise kann ich das Fortschreiten der Menschheit langfristig steuern.",Io vengo qui periodicamente per far scorrere il tempo più in fretta. In questo modo posso valutare i progressi dell'umanità a lungo termine.,"Eu venho aqui periodicamente para passar o tempo mais rápido. Assim, posso guiar o avanço da humanidade em uma escala de longo prazo.",Yo vengo aquí cada tanto para pasar el tiempo más rápido. Así puedo gestionar el avance de la humanidad en el largo plazo.,"Я иногда прихожу сюда, чтобы мое время шло быстрее. Так я могу быть в курсе развития человечества в долгосрочной перспективе.","私は定期的にここに来て、
時間が経過するのを待っている。
そうすることで長期的なスケールで
人類の進歩の舵取りができるのだ。",我会定期来这个地方，等待时间加速流逝，以便掌控人类长远的发展。
DLG_DRUSHKA2_12,So she just ... waits out here? While everyone she knows grows old?,Alors... elle ne fait qu'attendre ici ? Pendant que tous ceux qu'elle connaît vieillissent ?,"Also wartet sie einfach ... hier draußen? Während alle, die sie kennt, alt werden?",Quindi… aspetta qui fuori e basta? Mentre tutti quelli che conosce invecchiano?,Então ela só... espera aqui? Enquanto todos que ela conhece envelhecem?,¿Entonces ella espera aquí... mientras que las personas que conoce envejecen?,"Так она что, просто... ждет тут? Пока все, кого она знает, стареют?","それじゃあ、あの人は…
あそこでただ待っているの？
知っている人がみんな
年老いていくのを？",所以她就……在外面这么等着？然后她的同事在里面迅速变老？
DLG_DRUSHKA2_13,It must feel like when I was in that urn all those years ... Everyone is gone now ...,"Ça doit être un peu comme quand j'étais coincé des années dans cette urne... Il ne reste plus personne, à présent...","Es muss sich anfühlen wie damals, als ich all die Jahre in dieser Urne war ... Alle sind inzwischen fort ...",È proprio come quando io sono rimasto nell'urna per tutti quegli anni… e non è rimasto più nessuno lì fuori…,"Foi o que senti quando estava naquela urna, por todos esses anos... Todos se foram agora...",Debe ser como cuando estuve en esa urna todos esos años... Ya no queda nadie...,"Наверное, это очень похоже на то, как я все эти годы в урне сидела... Никого не осталось...","きっとぼくがあの埋葬壺の中に
いた時と同じ感覚なんだね…
いつの間にかみんなが
いなくなっちゃうみたいな…",肯定就像我困在那瓮里一样……那么些年过去了，大家都不在了……
DLG_DRUSHKA3_0,Do you know anything else that can help me?,Sais-tu quelque chose qui pourrait m'aider ?,"Weißt du noch etwas, das mir helfen kann?",Sai qualcos'altro che potrebbe tornarmi utile?,Você sabe de alguma outra coisa que possa me ajudar?,¿Sabes algo más que pueda ayudarme?,"Ты знаешь что-нибудь еще, что может мне помочь?",何か私の役に立ちそうなものはある？,我想恢复人形，你知道什么有用的信息吗？
DLG_DRUSHKA3_1,"Perhaps ... some time back, we found an urn of nanotech. It was of no use to us, but maybe it can help you.","Peut-être bien... Il y a peu, nous avons trouvé une urne de nanotechnologie. Nous n'en voyons aucun usage, mais elle te servira peut-être.","Vielleicht ... Vor einiger Zeit haben wir eine Urne mit Nanotechnologie gefunden. Sie war für uns nicht von Nutzen, aber vielleicht kann sie dir helfen.","Forse… tempo fa, trovammo un'urna con della nanotecnologia. Per noi era inutile, ma forse potrebbe aiutare te.","Talvez... Encontramos uma urna de nanotecnologia a um tempo atrás. Não tinha utilidade para nós, mas pode ser que tenha para você.","Quizás... Hace un tiempo, hallamos una urna de nanotecnología. A nosotros no nos resultó útil, pero quizás a ti sí.","Возможно... не так давно мы нашли урну с нанотехнологией. Нам она ни к чему, но тебе, может, и пригодится.","少し前にナノテクノロジーの壺を
見つけたが、それがもしかしたら…。
我々には意味の無いものだが、
あなたの役には立つかもしれない。",大概吧……之前我们发现一个用了纳米科技的瓮，当时觉得没什么用处，不过说不定能你用得上。
DLG_DRUSHKA3_2,"We left it in on one of the chambers above us, if I remember correctly.","Si mes souvenirs sont exacts, nous l'avons laissée dans les chambres supérieures.","Wir haben sie in einer der Kammern über uns gelassen, wenn ich mich richtig erinnere.","La lasciammo in una delle camere sopra di noi, se ben ricordo.","Ela está em uma das câmaras acima de nós, se não me falha a memória.","La dejamos en una de las salas de arriba, si mal no recuerdo.","Если я все правильно помню, мы оставили ее в одной из комнат над нами.","私の記憶が確かならば、
ここから真上の場所にあるはずだ。",没记错的话，我们是把它留在上面那个房间里了。
DLG_DRUSHKA3_4,"That is very useful, thank you.","C'est très utile pour moi, merci beaucoup.","Das ist sehr nützlich, danke.","Mi è di grande utilità, grazie.",Isso é muito útil. Obrigada.,"Me sirve mucho, gracias.","Очень полезная информация, спасибо.",いいことを聞いたわ、ありがとう。,非常感谢。
DLG_ARMANUMANACQUIRE_0,This is it! With this I should have enough strength to make you human again.,"C'est ça ! Grâce à ça, j'aurais sans doute assez de force pour te rendre ta forme humaine.","Das ist es! Damit sollte ich genug Kraft haben, um dich wieder menschlich zu machen.",Ci siamo! Ora dovrei avere abbastanza forza per renderti di nuovo umana.,É isso! Com isso eu devo ter força o bastante para torná-la humana novamente.,"¡Ahora sí! Con esto, debería tener la fuerza suficiente para devolverte a tu forma humana.","Вот! Теперь у меня достаточно сил, чтобы снова сделать тебя человеком.","これだよ！これでぼくが
インドラを人間の姿にできる
くらい力が強くなるはずだよ。",就是这个！有了这件东西，我应该就能让你变回人类了。
DLG_ARMANUMANACQUIRE_1,"Well, human-ish.",Enfin... plus ou moins humaine.,"Na ja, mensch-ähnlich.","Beh, umanoide, almeno.","Bem, quase humana.","Bueno, casi humana...","Ну, почти человеком.",ええ、人間っぽいわ。,唔，基本变回来了。
DLG_INDRAAPOCALYPSE_2,"Ah, you again. I was hoping you'd gone away.","Ah, encore toi. J'espérais que tu aurais fichu le camp.","Ah, du schon wieder. Ich hatte gehofft, du wärst verschwunden.","Ah, di nuovo tu. Speravo che te ne fossi andata.","Ah, você de novo. Eu esperava que você já estivesse morta.","Ah, tú otra vez. Esperaba que te hubieras ido.","А, снова ты. Я надеялась, что тебя уже нет.","あら、またあなたなの？さっさと
消え去ればよかったのに。",哈，又是你，我还盼着你已经走了呢。
DLG_INDRAAPOCALYPSE_1,"I still want my body back, asshole.","Rends-moi mon corps, ordure.","Ich will immer noch meinen Körper zurück, Arschloch.","Vorrei il mio corpo indietro, stronza.","Eu quero meu corpo de volta, imbecil.","Aún quiero recuperar mi cuerpo, hija de...","Я все еще хочу вернуть свое тело, тварь.",私の身体を返せ、クソ野郎。,贱人，交出我的身体。
DLG_INDRAAPOCALYPSE_3,What makes you think you deserve it?,Qu'est-ce qui te fait croire que tu le mérites ?,"Wie kommst du darauf, dass du ihn verdient hast?",Cosa ti fa pensare di mertiarlo?,E o que faz você pensar que merece?,¿Qué te hace pensar que lo mereces?,"Почему ты думаешь, что ты его заслуживаешь?",あなたは自分がこの身体にふさわしいと本気で思ってるの？,你有什么资格要回这副身体？
DLG_INDRAAPOCALYPSE_4,Leaving Samara like that... how could you?,Abandonner Samara comme ça... Comment as-tu pu faire ça ?,Samara einfach so zu verlassen ... wie konntest du nur?,Abbandonare Samara in quel modo… come hai potuto?,Abandonar Samara daquele jeito... como você pôde?,¿Cómo pudiste dejar así a Samara?,Оставила Самару вот так... как ты могла?,"あんな風にサマーラのことを
放っておいて…
そんなことが言える資格があるとでも？",那么狠心……就那样弃萨玛拉而去？
DLG_INDRAAPOCALYPSE_5,... the hell? ... you remember that?,"... Hein, quoi ?! ... Tu t'en souviens ?",... Zum Teufel? Daran erinnerst du dich?,…che diavolo…? Come fai a ricordarlo?,...o quê? ...você se lembra daquilo?,¿Pero qué...? ¿Recuerdas... eso?,...что? ...ты это помнишь?,…今何て？…なぜそんなことを？,……什么？……你能回忆起那些事情？
DLG_INDRAAPOCALYPSE_6,"I have more than just your body now. The truth is, I can hardly stand being you.","Je possède bien plus que ton simple corps, à présent. Pour tout te dire, j'ai du mal à supporter d'être toi.","Ich habe jetzt mehr als nur deinen Körper. Die Wahrheit ist, ich kann es kaum ertragen, du zu sein.",Non ho preso possesso solo del tuo corpo. La verità è che sopporto a stento di essere te.,"Eu possuo mais do que apenas o seu corpo agora. Para dizer a verdade, eu não suporto ser você.",Ahora tengo más que tu cuerpo. La verdad es que detesto ser tú.,"У меня теперь не только твое тело. Правда в том, что я почти не могу быть тобой.","今、私が持っているものは
あなたの身体だけじゃないのよ。
正直あなたでいるのは
とてもじゃないけど耐えられないわ。",我现在拥有的可不止你的身体。其实你的记忆让我非常痛苦。
DLG_INDRAAPOCALYPSE_8,In point of fact: I expect killing you to be most therapeutic!,En réalité : J'imagine que te tuer sera des plus cathartique !,"Um genau zu sein: Ich erwarte, dass es höchst therapeutisch ist, dich zu töten!",Per dirla tutta: mi aspetto che ucciderti si rilevi estremamente terapeutico!,"Na verdade, espero que matar você seja uma ótima terapia.","De hecho, ¡imagino que matarte será de lo más terapéutico!","Скажу честно: думаю, убить тебя будет для меня крайне успокоительно.","だからあなたを殺してラクになれるか
どうか試してみようかしら！",我觉得杀了你，应该能够消除这种痛苦！
DLG_INDRAAPOCALYPSE2_0,"You're just going to keep coming back, aren't you?","Tu comptes revenir encore et encore, n'est-ce pas ?","Du wirst einfach immer wieder zurückkommen, nicht wahr?","Continuerai a tornare, non è così?","Você cai continuar voltando, não vai?","Vas a seguir volviendo, ¿verdad?","Ты же так и будешь возвращаться, да?","そうやって何度もしつこく
自分の身体を取り戻しに
来るつもり？",死缠烂打，没完没了了，是不是？
DLG_INDRAAPOCALYPSE2_1,You say that like I was given a choice.,Tu dis ça comme si j'avais le choix.,"Du sagst das, als hätte ich eine Wahl gehabt.",Parli come se avessi altra scelta.,Como se eu tivesse escolha.,Lo dices como si tuviera opción.,"Ты так говоришь, будто бы у меня был выбор.","その言い方だと、私の方に
選択権があるみたいだわよ。",你这话说得好像这件事情我有得选一样。
DLG_INDRAAPOCALYPSE2_2,"I'm not finished yet. Once I have the Siuna, I will end you for good.","Je n'ai pas encore terminé. Quand j'aurai les Suina, j'en finirai avec toi une bonne fois pour toutes.","Ich bin noch nicht fertig. Sobald ich die Siuna habe, werde ich dich ein für alle Mal vernichten.","Non ho ancora finito. Una volta che avrò il Siuna, ti finirò una volta e per tutte.","Eu ainda não terminei. Quando eu tiver a Siuna, acabarei com vocês de uma vez por todas.","Aún no terminamos. Cuando tenga la siuna, acabaré contigo de una vez por todas.","Я еще не закончила. Я покончу с тобой раз и навсегда, как только заполучу Сиуну.","まだ終わりじゃない。
私がシウナを手に入れれば、
あなたなんて一巻の終わりよ。",我跟你没完，等我有了休纳，就会将你斩草除根。
DLG_INDRAAPOCALYPSE3_0,"Ptah, this body is as useless as the soul that went with it. Nothing the Siuna won't remedy.","Bah, ce corps est aussi inutile que l'âme qui l'accompagne. Rien que les Siuna ne pourront rectifier.","Pah, dieser Körper ist so nutzlos wie die Seele, die mit ihm einherging. Nichts, was die Siuna nicht beheben könnten.","Bah, questo corpo è inutile come l'anima che vi era dentro. Nulla a cui il Siuna non possa rimediare.","Ptah, esse corpo é tão inútil quanto a alma que veio com ele. Nada que a Siuna não resolva.","Pff, este cuerpo es tan inútil como el alma que lo habitaba. Nada que la siuna no pueda remediar.","Ха, это тело так же бесполезно, как и его душа. Сиуна сможет и это исправить.","この身体も、中にある魂と
同じで全くの足手まとい。
シウナの力を使ったとしても
どうしようもないわ。",呸，你的灵魂和这具肉体同样一无是处，不过休纳可以补救一切。
DLG_INDRAAPOCALYPSE4_0,Is a part of my mind still alive inside her? This is very bad.,Une partie de mon esprit vit encore en elle ? Ça craint...,Ist ein Teil meines Geistes noch in ihr lebendig? Das ist sehr schlecht.,Una parte della mia mente vive ancora dentro di lei? Non va per niente bene.,Uma parte da minha mente ainda vive dentro dela? Isso é muito ruim.,¿Acaso hay una parte de mi mente dentro suyo? Esto está muy mal.,Часть моего разума осталась в моем теле? Это очень плохо.,"私の精神の一部がまだ
あの身体に残っていたのね？
居心地が悪いのも当然だわ。",所以我还有一部分心智活在她的体内？这下麻烦可大了。
DLG_INDRAAPOCALYPSE4_1,What did she mean about ... Samara?,Que voulait-elle dire concernant... Samara ?,Was hat sie gemeint mit ... Samara?,Cosa intendeva quando parlava di… Samara?,O que ela quis dizer sobre... Samara?,¿Qué quiso decir con lo de... Samara?,"Что она имела в виду, когда говорила о... Самаре?","アマシラーマが言っていた…
サマーラって？",她刚才说萨玛拉……什么意思？
DLG_INDRAAPOCALYPSE4_3,It was long ago ... I was far away for business all the time.,C'était il y a si longtemps... J'étais constamment en voyage d'affaires.,Es ist lange her ... Ich war die ganze Zeit geschäftlich weit weg.,È successo molto tempo fa… ero continuamente fuori per affari.,"Foi há muito tempo... Eu estava longe o tempo todo, tratando de coisas.","Fue hace mucho tiempo... En esa época, yo vivía viajando por el trabajo.",Так давно это было... Я постоянно была в разъездах по работе.,"昔の話よ…私の頭はビジネスの
ことばかりで、それ以外の全て
のことに距離を置いていたの。",很久之前的事情了……我当时总是到处出差，不沾家。
DLG_INDRAAPOCALYPSE4_5,I should have been more of a mother to her.,"J'aurais dû être plus présente, j'aurais dû être une mère pour elle.",Ich hätte mehr eine Mutter für sie sein sollen.,Avrei dovuto essere una madre migliore per lei.,Eu devia ter sido mais como uma mãe para ela.,Tendría que haber sido una mejor madre para ella.,Мне нужно было больше заботиться о ней как мать.,"サマーラにはもっと母親らしく
接してあげるべきだった。",我这个母亲做得很不称职。
DLG_INDRAAPOCALYPSE4_14,"... she left in her teens, and I haven't seen her since.",... Elle est partie à l'adolescence. Je ne l'ai pas revue depuis.,... Sie ging als Teenager und ich habe sie seitdem nicht mehr gesehen.,"…se ne andò quando era adolescente, e da allora non l'ho mai più vista.","...ela foi embora quando era adolescente, eu nunca mais a vi desde então.",Se fue en su adolescencia... y nunca más la vi.,...она ушла от меня еще подростком. С тех пор я больше ее не видела.,"…娘は十代の時に出ていった。
それからずっと会っていない。",……她还没成年就离家出走了，之后就再也没见过她。
DLG_INDRAAPOCALYPSE4_7,Oh. I'm sorry.,Oh. Excuse-moi...,Oh. Das tut mir leid.,Oh. Mi spiace.,Oh. Eu lamento.,Ah... Lo siento.,Ах. Мне жаль.,そんなことがあったんだ…,噢，怎么会这样……
DLG_INDRAAPOCALYPSE4_8,My parents were always off fighting in the war.,"Mes parents devaient toujours se battre, pendant la guerre.",Meine Eltern waren immer unterwegs und kämpften im Krieg.,"I miei genitori erano sempre via a combattere, in guerra.","Meus pais sempre estavam fora, lutando na guerra.",Mis padres se fueron a combatir a la guerra.,"Мои родители только и делали, что сражались на войне.","ぼくの親は戦争で戦うために
いつもそばにはいなかった。",我父母从前常年外出打仗。
DLG_INDRAAPOCALYPSE4_15,"Before I became like this, I mean.","Enfin, avant que je devienne comme ça, je veux dire...","Bevor ich so wurde, meine ich.","Prima che diventassi così, intendo.","Digo, antes de eu me tornar isso.","Antes de convertirme en esto, digo.","До того, как я стал таким, конечно.",ぼくがこうになる前だけど。,我变成这样之前。
DLG_INDRAAPOCALYPSE4_16,It was just me and my sister. But we understood.,"Il n'y avait que ma sœur et moi. Mais, on comprenait.",Es gab nur mich und meine Schwester. Aber wir haben es verstanden.,C'eravamo solo io e mia sorella. Ma capivamo.,Era só eu e minha irmã. Mas nós entendíamos.,Solo quedamos mi hermana y yo. Pero lo entendimos.,Мы с сестрой были одни. Но мы понимали.,"いつもぼくとお姉ちゃん
のふたりだけ。でもこれは
仕方が無いって分かってた。",我和姐姐相依为命，但我们理解父母的辛苦。
DLG_INDRAAPOCALYPSE4_9,"It is messed up what happened to you, kid.","C'est terrible ce qui t'est arrivé, petit.","Es ist schlimm, was mit dir passiert ist, Kleines.","Quello che ti è successo è veramente tremendo, piccolo.","É uma droga o que aconteceu com você, criança.","Lo que te pasó es un horror, niño.","Жизнь тебя потрепала, парень.","家族を引き裂かれて
辛い思いをしてきたのね。",孩子，你也很不容易。
DLG_INDRAAPOCALYPSE4_10,"Maybe after I get back home, we can do something about it.","Peut-être que quand je serai rentrée chez moi, on pourra trouver une solution.","Vielleicht können wir, wenn ich wieder zu Hause bin, etwas dagegen tun.","Forse quando riuscirò a tornare a casa, potremo fare qualcosa a riguardo.",Talvez depois que eu voltar para casa poderemos fazer algo quanto a isso.,Quizás podamos hacer algo al respecto una vez que haya vuelto a casa.,"Может, мы сможем это исправить, когда вернемся домой.","私が元の世界に戻った後なら、
多分、私たちで何かを始められるわ。",等我回到家，我们可以想个办法。
DLG_INDRAAPOCALYPSE4_11,"I don't know if that's possible, but thank you.","Je ne sais pas si c'est possible, mais merci.","Ich weiß nicht, ob das möglich ist, aber ich danke dir.","Non credo proprio che sia possibile, ma ti ringrazio.","Não sei se isso será possível, mas agradeço.","No sé si será posible, pero gracias.","Не знаю, возможно ли это, но спасибо.","始められるかどうかなんて
分からないけど、ありがとう。",我不知道有没有办法，不过谢谢你的好意。
DLG_ORACLETERMINAL2_0,"Wielder. It is I, the Lamassu.","Héraldesse. C'est moi, le Lamassu.","Träger. Ich bin es, der Lamassu.","Portatore. Sono io, il Lamassu.","Portadora. Sou eu, Lamassu.","Canalizadora. Soy yo, la Lamassu.","Владелица. Это я, Ламассу.","行使者よ、私です。
ラマッスです。",持者，是我，拉玛苏。
DLG_ORACLETERMINAL2_1,I gave a go at fighting Amashilama just now. Seems neither of us can beat the other.,Je viens de tenter un combat contre Amashilama. Il semblerait qu'aucun de nous deux ne peut vaincre l'autre.,"Ich habe soeben versucht, gegen Amashilama zu kämpfen. Es scheint, dass keiner von uns den anderen besiegen kann.","Ho appena provato a sconfiggere Amashilama. A quanto pare, nessuno dei due è in grado di prevalere sull'altro.",Tentei combater Amashilama agora. Parece que nenhum de nós pode vencer o outro.,Recién intenté luchar contra Amashilama. Parece que ninguna de las dos puede vencer a la otra.,"Я только что попытался сразиться с Амашиламой. Похоже, наши силы равны.","丁度アマシラーマと戦ったところよ。
でも決着をつけられなかった。",我刚才和阿玛希拉玛打了一番，结果打得难解难分，好像谁也赢不了谁。
DLG_ORACLETERMINAL2_2,She said something about a ... Suna?,Elle a dit quelque chose à propos de... Suna ?,Sie sagte etwas von einem ... Suna?,Ha detto qualcosa a proposito di un… Suna?,Ela disse algo sobre um... Suna?,Dijo algo sobre una... ¿suna?,Она говорила что-нибудь о некой... Суне?,"そういえばあいつが何か言ってたわ…
スーナだったかしら？",她提到了什么……休纳。
DLG_ORACLETERMINAL2_3,Siuna. This is troubling.,Siuna. C'est inquiétant.,Siuna. Das ist beunruhigend.,Siuna. È molto preoccupante.,Siuna. Isso é problemático.,Siuna. Esto es peligroso.,Сиуне. Это беспокоит.,シウナです。それは非常に危険です。,休纳，这就麻烦了。
DLG_ORACLETERMINAL2_5,"The Siuna are powerful cache of weapons. In the past, she was obsessed with them.","Les Siuna sont de puissantes caches d'armes. Dans le passé, elle avait une obsession pour eux.",Die Siuna sind ein mächtiges Waffenarsenal. In der Vergangenheit war sie besessen von ihnen.,"I Siuna sono dei potenti arsenali. In passato, ne divenne ossessionata.","A Siuna é uma reserva de armas poderosas. No passado, ela era obcecada com isso.","Las siunas son provisiones de armas muy poderosas. En el pasado, ella estaba obsesionada con estas armas.",Сиуны были схроном могущественного оружия. В прошлом она была ими просто одержима.,"シウナは巨大な力を持つ
隠された兵器です。
アマシラーマは過去にもそれらに
対して執着を持っていました。",休纳可供武器附身，十分强大，阿玛希拉玛从前就一心希望拥有。
DLG_ORACLETERMINAL2_16,Normally each Arm was under the control of a Wielder.,"Normalement, chaque Arme était sous le contrôle d'un Héraut.",Normalerweise war jede Waffe unter der Kontrolle eines Trägers.,Normalmente ogni Braccio era sotto il controllo di un Portatore.,"Normalmente, cada Arma estava sob o controle de um Portador.","Por lo general, cada brazo estaba bajo el control de un canalizador.",Обычно Руки контролировались Владельцами.,"アームは普段、行使者によって
コントロールされます。",通常来说，每件神器均由一位持者操持。
DLG_ORACLETERMINAL2_17,"Siuna, on the other hand, were powerful corporeal forms that made Wielders redundant.","Les Siuna, en revanche, étaient de puissantes formes corporelles qui rendaient les Hérauts désuets.","Siuna hingegen waren mächtige körperliche Formen, die Trägerinnen überflüssig machten.","I Siuna, d'altro canto, erano potenti forme corporee che avevano reso i Portatori ridondanti.","Siuna, entretanto, era um conjunto de formas corpóreas poderosas que tornava os Portadores redundantes.","Las siunas, en cambio, tienen una forma corpórea que elimina la necesidad de contar con canalizadores.","Сиуны же, с другой стороны, были могущественными телесными формами, которые сделали Владельцев попросту ненужными.","しかしシウナがあれば話は別です。
それ自体が巨大な力を持つ肉体で
あり、行使者によるコントロールを
必要としなくなります。",可是，出现休纳这种肉体形态之后，武器就不需要持者了。
DLG_ORACLETERMINAL2_4,"So, if she gets a Siuna, can I have my old body back?","Donc, si elle obtient un Siuna, je peux reprendre mon corps ?","Wenn sie also eine Siuna bekommt, kann ich dann meine alte wieder haben?","Quindi, se lei riuscisse a ottenere un Siuna, io potrei riavere indietro il mio vecchio corpo?","Então, se eu pegar uma Siuna, posso ter meu velho corpo de volta?","Entonces, si ella consigue una siuna, ¿puedo recuperar mi cuerpo?","То есть, если она достанет Сиуну, я смогу вернуть свое тело?","もしあいつがシウナを手に入れたら、
私の身体は戻ってくるかしら？",那，她如果上了休纳的身，我是不是就能回到自己的体内了？
DLG_ORACLETERMINAL2_7,It is too dangerous. Most of the Siuna were sealed in A'ansur - our mother world.,"C'est beaucoup trop dangereux. La plupart des Siuna ont été scellés dans l'A'ansur, notre monde d'origine.",Es ist zu gefährlich. Die meisten Siuna wurden in A’ansur – unserer Mutterwelt – versiegelt.,È troppo pericoloso. La maggior parte dei Siuna furono isolati ad A'ansur - il nostro mondo madre.,É perigoso demais. A maior parte da Siuna foi selada em A'ansur - nosso mundo de origem.,"Es muy peligroso. La mayoría de las siunas quedaron prisioneras en A'ansur, nuestro mundo madre.",Это слишком опасно. Большая часть Сиун была запечатала в А'ансуре — матери всех миров.,"それは危険過ぎます。
シウナのほとんどは、母なる世界
アンスルに封印されました。",太危险了，多数休纳均封在了我们的母界阿安苏尔。
DLG_ORACLETERMINAL2_28,"But once she had them, her intention was use them to destroy it.","Quand elle les a eus, son intention était de les utiliser pour le détruire.","Aber sobald sie sie hatte, war es ihre Absicht, sie zu benutzen, um sie zu zerstören.","Ma dopo essersene appropriata, aveva intenzione di usarli per distruggerlo.","Mas se conseguir, ela pretende usá-las para destruí-lo.","Pero una vez que las consiga, su intención será utilizarlas para destruirlo.","Как только она получит к ним доступ, она захочет уничтожить тот мир.","もし彼女がそれらを手に入れれば、
どのように使うかは明らかです。
アンスルを破壊することでしょう。",她此前表示，拥有了休纳之后，就会摧毁母界。
DLG_ORACLETERMINAL2_29,"She believed this would ""free"" our world.",Elle pensait qu'elle « libérerait » ainsi notre monde.,"Sie glaubte, dies würde unsere Welt „befreien“.","Credeva che così facendo avrebbe ""liberato"" il nostro mondo.","Ela acredita que isso ""libertaria"" o nosso mundo.","Ella cree que esto ""liberará"" nuestro mundo.","Она верила, что так ""освободит"" наш мир.","そうすることでこの世界に”自由”が
もたらされると彼女は信じています。",她觉得这样可以“解放”我们的世界。
DLG_ORACLETERMINAL2_8,Is she wrong?,Avait-elle tort ?,Hat sie sich geirrt?,Sbagliava?,E ela está errada?,¿Y se equivoca?,Она неправа?,"彼女は考え方を
間違えてるってこと？",她的想法不对吗？
DLG_ORACLETERMINAL2_9,Suffice it to say destroying A'ansur would mean the destruction of this world and many others.,Inutile de mentionner que la destruction d'A'ansur entraînerait l'anéantissement de ce monde et bien d'autres encore.,"Es genügt zu sagen, dass die Zerstörung von A’ansur die Zerstörung dieser und vieler anderer Welten bedeuten würde.",Ti basti sapere che distruggere A'ansur significherebbe la fine di questo mondo e di molti altri.,Basta dizer que a destruição de A'ansur significaria a destruição deste e de muitos outros mundos.,De más está decir que la destrucción de A'ansur conllevaría la destrucción de este mundo y muchos otros.,"Достаточно ли того факта, что уничтожение А'ансура повлечет за собой гибель этого и многих других миров?","アンスルを破壊することは、
この世界や他の多くの世界を
破壊することと同じです。",可以这样说，摧毁阿安苏尔，就等于摧毁这个世界以及其他众多世界。
DLG_ORACLETERMINAL2_10,"If the Siuna are so dangerous, why even have them?","Si les Siuna sont si dangereux, pourquoi les a-t-on seulement créés ?","Wenn die Siuna so gefährlich sind, warum gibt es sie dann überhaupt?","Se i Siuna sono così pericolosi, perché crearli?","Se Siuna é tão perigosa, por que elas existem?","Si las siunas son tan peligrosas, ¿por qué existen?","Если Сиуны настолько опасны, зачем вообще их держать?","シウナがそんなに危険なモノなら、
なぜそのまま残しているの？",既然休纳这么危险，为什么还要留着？
DLG_ORACLETERMINAL2_30,They were a contingency plan that was never needed.,Ils formaient un plan alternatif dont on n'a jamais eu besoin.,"Sie waren ein Notfallplan, der nie gebraucht wurde.",Era un piano di riserva che non è mai servito.,Elas eram um plano de contingência que nunca foi necessário.,Eran parte de un plan de contingencia que nunca se necesitó.,"Они были аварийным планом, который так и не пришел в исполнение.","シウナは不測の事態を考えて
準備されたもので、実戦では
必要とされませんでした。",因为休纳原本是用来应急的东西，只是始终没有用上。
DLG_ORACLETERMINAL2_31,"The cache was meant to be destroyed, but this did not happen.","La cache devait être détruite, mais ça n'est pas arrivé.","Das Arsenal sollte zerstört werden, aber das ist nicht geschehen.","L'arsenale doveva essere distrutto, ma ciò non è mai avvenuto.","A reserva deveria ter sido destruída, mas isso não aconteceu.","Se suponía que el depósito debía destruise, pero eso nunca sucedió.","Запасы должны были уничтожить, но этого не случилось.","本来は隠し場所とともに
破壊されるはずでした。しかし、
そのようになりませんでした。",那些武器容器本应销毁，可是此事并未发生。
DLG_ORACLETERMINAL2_15,Let me guess - you want me to find it and finish the job?,Laisse-moi deviner : tu veux que je la retrouve et que je finisse le travail ?,"Lass mich raten – du willst, dass ich es finde und den Job beende?",Fammi indovinare - vuoi che lo trovi io e finisca il lavoro?,Deixe-me adivinhar - você quer que eu a encontre e termine o trabalho?,Déjame adivinar: me pedirás que vaya y lo destruya de una vez por todas.,"Дай угадаю — ты хочешь, чтобы я нашла их и закончила не начатое?","ということは、私がシウナを見つけて
その後始末をして欲しいってこと？",那我猜，你想让我找到休纳，然后完成这项任务？
DLG_ORACLETERMINAL2_22,"I have a conundrum: If I tell you where the Siuna are, how do I know you won't take them for yourself?","Je suis devant un dilemme... Si je te dis où sont les Siuna, comment puis-je savoir que tu ne les prendras pas pour toi ?","Ich habe ein Dilemma: Wenn ich dir sage, wo die Siuna sind, woher weiß ich dann, dass du sie nicht für dich selbst nimmst?","Ho un dilemma: se ti dico dove sono i Siuna, come faccio a sapere che non te ne impossesserai?","É um dilema: se eu lhe disser onde está Siuna, como vou saber que você não vai pegá-la para si mesma?","Es una cuestión paradójica: si te digo dónde están las siunas, ¿cómo puedo estar segura de que no te las quedarás para ti?","У меня тут дилемма: если я раскрою тебе местоположение Сиун, то где гарантия, что ты не захочешь забрать их себе?","私にとって複雑で難解な問題です。
もしシウナのある場所を教えれば、
あなたが自分の私利私欲のために
それを利用しないとも限らない。",我现在进退两难，因为假设我和你说了休纳的所在，我又怎么知道你会不会将其据为己有？
DLG_ORACLETERMINAL2_23,"And if I don't tell you, who will stop Amashilama?","Et si je ne te le dis pas, qui pourra arrêter Amashilama ?","Und wenn ich es dir nicht sage, wer wird dann Amashilama aufhalten?","D'altro canto, se non ti dicessi niente, chi fermerebbe Amashilama?","Mas se eu não disser, quem impedirá Amashilama?","Y si no te lo digo, ¿quién detendrá a Amashilama?","А если я промолчу, то кто же тогда остановит Амашиламу?","しかしあなた以外に、アマシラーマを
止める者がいないのも事実です。",假设我不告诉你，谁又可以去阻止阿玛希拉玛？
DLG_ORACLETERMINAL2_21,All I want is to get the hell out of here.,"Moi, tout ce que je veux, c'est foutre le camp d'ici.","Alles, was ich will, ist, von hier zu verschwinden.",Io voglio solo andarmene da questo dannato posto.,Eu só quero dar o fora daqui.,Lo único que quiero es irme de este lugar.,Я просто хочу свалить отсюда.,私はこの世界を抜け出したいだけよ。,我的目的很简单，只想离开这个地方。
DLG_ORACLETERMINAL2_20,I shall compromise by giving you the location of just one of the Siuna.,Je trouverai un compromis en t'indiquant l'emplacement d'un seul des Siuna.,"Ich werde einen Kompromiss eingehen, indem ich dir den Standort von nur einem der Siuna gebe.",Mi sbilancerò rivelandoti la posizione di un solo Siuna.,Vou lhe dar a localização de apenas uma das Siuna.,Tendré que ceder y darte la ubicación de una sola de las siunas.,Я пойду сама с собой на компромисс и дам тебе координаты лишь одной Сиуны.,"致し方ありません。
シウナの１つが隠されている場所を
教えましょう。",我可以折中，只告诉你一个休纳的方位。
DLG_ORACLETERMINAL2_24,"If you use it to destroy Amashilama, all the better.","Si tu l'utilises pour détruire Amashilama, alors tant mieux.","Wenn du sie benutzt, um Amashilama zu zerstören, umso besser.","Se lo userai per distruggere Amashilama, tanto meglio.","Se você a usar para destruir Amashilama, ótimo.","Si la utilizas para destruir a Amashilama, mejor.","Если ты используешь ее для уничтожения Амашиламы, тем лучше.","アマシラーマの破壊に役立つのなら
良しとしましょう。",如果你能用它消灭阿玛希拉玛，则万事大吉。
DLG_ORACLETERMINAL2_25,"If not, nothing will have changed between us.","Sinon, rien n'aura changé entre nous.","Wenn nicht, hat sich zwischen uns nichts geändert.","In caso contrario, nulla sarà cambiato tra noi.","Se não, nada muda entre nós.","Si no, nada habrá cambiado entre nosotras.","Ежели нет, то наши отношения не пострадают.","そうしなければ我々は
何もできないままです。",如果未能消灭，你我的关系不会发生丝毫改变。
DLG_ORACLETERMINAL2_26,Thank you?,Euh... Merci ?,Danke.,Grazie...?,Obrigada?,Eh... ¿gracias?,Спасибо?..,お礼は言っておくべきかしら？,那我是不是应该谢谢你？
DLG_ORACLETERMINAL2_27,"You may find it on your map at sector 38, 16.","Tu le trouveras sur ta carte au secteur 38, 16.","Du findest sie auf deiner Karte in Sektor 38, 16.","La troverai sulla tua mappa nel settore 38, 16.","Está marcado no seu mapa, setor 38, 16.","Encontrarás el marcador en tu mapa. Sector 38,16.","Ты найдешь ее на твоей карте в секторе 38, 16.","あなたの地図のセクター３０，１６で
おそらく見つけられるでしょう。","那个地方位于你地图的30,16区。"
DLG_ORACLETERMINAL3_2,"Wielder, it is I, the Lamassu.","Héraldesse. C'est moi, le Lamassu.","Träger, ich bin es, der Lamassu.","Portatore, sono io, il Lamassu.","Portadora. Sou eu, Lamassu.","Canalizadora, soy yo, la Lamassu.","Владелица. Это я, Ламассу.","行使者よ、私です。
ラマッスです。",持者，是我，拉玛苏。
DLG_ORACLETERMINAL3_4,I haven't located Amashilama yet.,Je n'ai pas encore localisé Amashilama.,Ich habe Amashilama noch nicht gefunden.,Non ho ancora localizzato Amashilama.,Eu ainda não localizei Amashilama.,Todavía no encontré a Amashilama.,Я до сих пор не нашел Амашиламу.,"アマシラーマはまだ
見つけ出せていないわ。",我还没找到阿玛希拉玛。
DLG_ORACLETERMINAL3_6,"Nevertheless, I feel I am forced to trust you.","Néanmoins, je me vois contraint de te faire confiance.","Trotzdem sehe ich mich gezwungen, dir zu vertrauen.","Ciò nonostante, sento di essere costretto a fidarmi di te.","Todavia, me sinto obrigado a confiar em você.","Aun así, me veo obligada a confiar en ti.","Тем не менее, мне приходится тебе доверять.","私はどうやらあなたのことを
信用せざるを得ないようです。",可是，我感觉自己不得不信任你。
DLG_ORACLETERMINAL3_13,In the chamber to the right is the Lost Siuna.,Dans la chambre à droite se trouve le Siuna Perdu.,In der Kammer auf der rechten Seite befindet sich die Verlorene Siuna.,Nella stanza alla tua destra c'è il Siuna Perduto.,A Siuna Perdida está na câmara à direita.,La Siuna Perdida se encuentra en la sala que está a tu derecha.,В комнате справа от тебя находится Потерянная Сиуна.,"ここから右側の広間にあるのが
他とは離れされたシウナです。",失落的休纳就在右边的大厅。
DLG_ORACLETERMINAL3_20,It is the only one of its kind not locked away upstream.,C'est le seul de son type qui n'est pas verrouillé en amont.,"Es ist das einzige seiner Art, das nicht stromaufwärts weggesperrt ist.",È l'unico del suo genere a non essere bloccato a monte.,É a única de sua espécie que não foi selada no fluxo superior.,Es la única de su tipo que no está sellada contra la corriente.,"Она — единственная в своем роде, не спрятанная вверх по течению.","アップストリームへと
封じられていない
唯一のシウナになります。",只有这一个没有锁进上游。
DLG_ORACLETERMINAL3_21,"If you can find a way inside, it will help you defeat Amashilama.","Si tu arrives à entrer, je t'aiderai à vaincre Amashilama.","Wenn du einen Weg hinein finden kannst, wird es dir helfen, Amashilama zu besiegen.","Se troverai un modo per entrarci, ti aiuterà a sconfiggere Amashilama.","Se você conseguir entrar, ela vai ajudá-la a derrotar Amashilama.","Si encuentras la manera de entrar, te ayudará a derrotar a Amashilama.","Если найдешь, как пробраться внутрь, она поможет тебе победить Амашиламу.","中へ入る道を見つけ出せば
アマシラーマに勝つために
前進することができるでしょう。",如果你有办法进去，拿到了它，就更有可能击败阿玛希拉玛。
DLG_RUSSIANSURVIVOR_0,С меня хватит. Я больше не могу этого выносить.,С меня хватит. Я больше не могу этого выносить.,С меня хватит. Я больше не могу этого выносить.,С меня хватит. Я больше не могу этого выносить.,С меня хватит. Я больше не могу этого выносить.,С меня хватит. Я больше не могу этого выносить.,S menya hvatit. Ya bolshe ne mogu etogo vynosit.,С меня хватит. Я больше не могу этого выносить.,С меня хватит. Я больше не могу этого выносить.（俄语）
DLG_RUSSIANSURVIVOR1_1,"Sorry, do you speak English?","Euh, en français ?","Entschuldige, sprichst du Englisch?","Scusa, parli la mia lingua?","Desculpe, você fala Inglês?","Lo siento, no entendí nada.","Прости, ты говоришь по-английски?",ごめんなさい、英語は話せる？,不好意思，你说的什么？
DLG_RUSSIANSURVIVOR1_2,"Yes, sorry. I am Ivan. You look strange. You are from Jonestown?","Oh, désolé. Je m'appelle Ivan. Tu as l'air bizarre. Tu viens de Jonestown ?","Ja, tut mir leid. Ich bin Ivan. Du siehst seltsam aus. Kommst du aus Jonestown?","Sì, scusa. Sono Ivan. Hai un aspetto strano. Sei di Jonestown?","Sim, desculpe. Sou Ivan. Você não é familiar. Veio de Jonestown?","Ah, perdona. Soy Iván. No pareces ser de por aquí... ¿Eres de Jonestown?","Да, извини. Я Иван. Ты странно выглядишь. Ты из Джонстауна?","ああ、すまない。オレはイヴァン。
しかしヘンな見た目だな、
ジョーンズタウンから来たのか？",噢，抱歉，我是伊万。你看着很奇怪，是从琼斯敦过来的吗？
DLG_RUSSIANSURVIVOR1_3,My name is Indra; I did come through there. I know I look weird; nanotech did this to me.,"Mon nom est Indra, je suis passée par là, oui. Je sais que mon aspect peut surprendre. C'est à cause de la nanotechnologie.","Mein Name ist Indra; ich bin dort durchgekommen. Ich weiß, dass ich seltsam aussehe; Nanotechnologie hat das mit mir gemacht.","Mi chiamo Indra, sono arrivata da lì. So di avere un aspetto strano; è per colpa della nanotecnologia.","Meu nome é Indra, eu vim através dali. Eu sei que pareço estranha, a nanotecnologia fez isso comigo.","Me llamo Indra, y sí, vengo de ahí. Sé que me veo rara; es por la nanotecnología.","Меня зовут Индра. Я и правда пришла оттуда. И да, выгляжу я странно, это все вина нанотехнологии.","私はインドラ。
ジョーンズタウンを通り抜けてきたの。
ナノテクノロジーのせいでこうなってて、
ヘンな見た目なのは理解してるわ。",我叫因德拉，我确实来自琼斯敦。我知道自己现在样子很奇怪，全是拜纳米科技所赐。
DLG_RUSSIANSURVIVOR1_10,I'm guessing you are with the Kazakhs?,J'imagine que tu es avec les Kazakhs ?,"Ich vermute, du gehörst zu den Kasachen?","Suppongo che tu sia con i kazaki, giusto?",Suponho que você esteja com os Kazakhs?,¿Imagino que estás con los kazajos?,"Предположу, что ты с казахами?",他のカザフ人たちは一緒じゃないの？,我猜你是哈萨克人的朋友？
DLG_RUSSIANSURVIVOR1_4,"Strange machines all over here, watch out, heh heh!","Machines étranges partout par ici, faut faire attention, hé hé !","Seltsame Maschinen überall hier, pass auf, heh heh!","Ci sono strane macchine dappertutto, quindi stai attenta, eh eh!","Muitas máquinas estranhas por ali, tome cuidado. Heh heh!","¡Hay máquinas extrañas por todo lugar, cuidado! Je, je.","Тут везде странные машины, смотри по сторонам, хе-хе!","どこもかしこもヘンな機械しかいないだろ。
周りをよく見ろよ、へへ！",到处都是古怪的机器，千万小心，嗐，嗐！
DLG_RUSSIANSURVIVOR1_5,"Anyway, Drushka took other Kazakhs through breach into next world, PAST breach. Even stranger there. They are crazy! So I stay here.","Enfin, Drushka a emmené les autres Kazakhs à travers la brèche vers l'autre monde, DERRIÈRE la brèche. Encore plus bizarre là-bas. Ils sont fous ! Alors moi, je reste ici.","Wie auch immer, Drushka hat andere Kasachen durch den Bruch in die nächste Welt gebracht, HINTER den Bruch. Dort ist es noch seltsamer. Die sind verrückt! Also bleibe ich hier.","Comunque, Drushka ha portato altri kazaki attraverso la breccia in un altro mondo, DIETRO la breccia. È ancora più strano lì. Sono matti! Così io sono rimasto qui.","Enfim, Drushka levou outros Kazakhs através da Ruptura para o próximo mundo, Ruptura PASSADA. Ainda mais estranho lá. Eles são louco! Então fiquei aqui.","Bueno, Drushka tomó demás kazajos a través de brecha a próximo mundo, MAS ALLÁ de brecha. Más raro todo ahí. ¡Están locos! Yo quedo aquí.","Опять же, Друшка провела остальных казахов через разлом в другой мир, через ПРОШЛЫЙ разлом. Там все еще страннее. Они психи! Поэтому я тут и остался.","まあ、他のカザフ人たちはドルシュカが
隣の世界に連れて行った。
ブリーチを越えていくなんてよ。
そこには知らないヤツらだっているのに
正気じゃないぜ！
だからオレはここに残ったんだ。",对了，杜卢什卡又带着一批哈萨克人进了隙界，去了下一个世界，在隙界后面，那个地方蹊跷更多。他们疯了！所以我留了下来。
DLG_RUSSIANSURVIVOR1_7,Yet another world? I don't blame you. Did you see another woman come through here besides me?,Encore un autre monde ? Je te comprends. As-tu vu une autre femme passer ici ?,Noch eine andere Welt? Das kann ich dir nicht verdenken. Hast du außer mir noch eine andere Frau hier durchkommen sehen?,"Un altro mondo ancora? Non ti biasimo. Hai visto un'altra donna passare da qui, oltre me?","Mais outro mundo? Eu não culpo você. Você outra mulhar aqui, além de mim?",¿Otro mundo más? No te culpo. ¿Viste pasar a alguna otra mujer antes de mí?,"В другой мир? Я тебя не виню. Тут, случаем, еще одна женщина не появлялась?","まだもう１つ世界があるの？
まあ、あなたの気持ちも分かるわ。
ところで私以外にもうひとり
別の女がここに来なかった？",还有一个世界？我觉得你这样也没错。你有没有看到别的女人来这个地方？
DLG_RUSSIANSURVIVOR1_8,"I see many, MANY strange thing - robot, monster, trap ... *sigh*. But not woman.","Je vois beaucoup, BEAUCOUP de trucs bizarres... Robot, monstres, pièges... *soupir* Mais pas de femme.","Ich sehe viele, VIELE seltsame Dinge – Roboter, Monster, Fallen ... *seufz* Aber keine Frau.","Vedo tante, TANTISSIME cose strane - robot, mostri, trappole… *sigh*. Ma niente donne.","Eu vejo muitas, MUITAS coisas estranhas - robôs, monstros, armadilhas... *suspira*. Mas mulher não.","Veo muchas, MUCHAS cosas raras: robot, monstruo, trampa... *suspira*. Pero mujer no.","Я вижу тут СТОЛЬКО странных вещей — роботов, монстров, ловушки... *вздыхает*. А женщин нет.","ロボットにモンスターにトラップに…
ヘンなものならイヤって程見たぞ…ハア…
でも女は見なかったかな。",我在这里见过很多很多古怪的东西，机器人、怪物、陷阱……*叹气*，不过没见过女人。
DLG_RUSSIANSURVIVOR1_9,Thanks for your help. Stay safe.,Merci pour ton aide. Fais attention à toi.,Danke für deine Hilfe. Pass auf dich auf.,Grazie dell'aiuto. Abbi cura di te.,Agradeço a sua ajuda. Se cuide.,Gracias por tu ayuda. Cuídate.,Спасибо за помощь. Береги себя.,情報をありがとう。気をつけてね。,谢谢，多多保重。
DLG_RUSSIANSURVIVOR2_0,Hello again. Any news?,Salut. Des nouvelles ?,Hallo noch mal. Gibt’s was Neues?,Ciao di nuovo. Qualche novità?,Olá de novo. Alguma novidade?,Hola de nuevo. ¿Alguna novedad?,Привет снова. Есть новости?,また会ったわね。何か新しいことはあった？,你好，我又来了，有什么新消息吗？
DLG_RUSSIANSURVIVOR2_1,"No, all is still same crazy bullshit, heh heh!
 
Thank you for checking me.","Non, c'est toujours la même folie par ici, hé hé !
 
 Merci de venir voir comment je vais.","Nein, alles ist immer noch derselbe verrückte Schwachsinn, heh heh!
 
 Danke, dass du nach mir schaust.","No, sempre le stesse folli stronzate, eh eh!
 
 Grazie per aver chiesto.","Não, tudo continua a mesma bobagem maluca, heh heh!
  
 Obrigado por perguntar.","No, todo sigue bastante loco, de siempre. ¡Je, je, je!
  
  Gracias por preguntar.","Нет, вокруг происходит все та же гребаная херня, хе-хе!
 
Но спасибо, что справилась.","いいや、何もかもイカれたまんまだ、へへ！

気にかけてくれてありがとよ。","没有，还是那些乱七八糟的事情，嗐，嗐！

你还来关心我，多谢。"
DLG_RUSSIANSURVIVORINFECTED_0,Please ... stay back ... демон ...,S'il te plaît... garde tes distances ... демон ...,Bitte ... bleib zurück ... демон ...,Per favore… stai indietro… демон...,Por favor... fique longe... демон ...,Por favor... aléjate... демон...,Pojalusta... Ne podhodi... demon...,頼む…近づかないでくれ…демон...,демон……不要……过来……
DLG_ENTERBUNKER_0,What is this place?,Quel est cet endroit ?,Was ist das für ein Ort?,Che posto è questo?,Que lugar é esse?,¿Qué es este lugar?,Что это за место?,ここは何の場所？,这里是什么地方？
DLG_ENTERBUNKER_1,They used to say it was the home of the gods.,Ils disaient autrefois que c'était la demeure des dieux.,"Früher sagte man, es sei die Heimat der Götter.",Dicevano che fosse la casa degli dèi.,Eles diziam que era o lar dos deuses.,"Antes, decían que era el hogar de los dioses.","Говорят, раньше это был дом богов.","みんなはここを
神々の住処と呼んでいたんだ。",他们从前说这里是众神的家园。
DLG_ENTERBUNKER_2,"I kinda doubt that, though.","J'ai quelques doutes, néanmoins.",Aber das bezweifle ich irgendwie.,Ma io ne dubito.,Mas eu duvido.,"Pero lo dudo, la verdad.",Хотя я в этом что-то не уверен.,ぼくはあまり信じてなかったけど。,不过我不太相信。
DLG_ENTERBUNKER_3,"Whoever made it, we used it as a kind of factory to help with the war.","Qui que ce soit qui l'ait construit, ça nous servait d'usine pour aider à l'effort de guerre.","Wer auch immer es gebaut hat, wir haben es als eine Art Fabrik benutzt, um im Krieg zu helfen.","Non so chi l'abbia creata, ma noi l'abbiamo usata come fabbrica in tempo di guerra.","Não sei quem construiu, mas usávamos como um tipo de fábrica, para ajudar na guerra.","Como sea, nosotros lo usamos como fábrica improvisada durante la guerra.","Не знаю, кто все это построил, но в войну мы использовали это место в качестве фабрики.","誰が建てたのかは知らないけど、
戦争のための工場みたいに
使われていたんだ。",这个地方不知道是谁建的，我们当时就在这里生产战争需要的物资。
DLG_TRANSFERSOURCEROOM_0,"Damu, any idea what these do?","Damu, tu sais à quoi ça sert ?","Damu, hast du eine Ahnung, wozu die gut sind?","Damu, hai idea a cosa servano questi affari?","Damu, alguma ideia do que isso faz?","Damu, ¿tienes idea de qué hacen estos?","Даму, не знаешь, что это за штуки?",ダムー、これが何なのか分かる？,达木，知道这些东西是什么用途吗？
DLG_TRANSFERSOURCEROOM_1,"Oh, I remember this.","Oh, je m'en souviens.","Oh, ich erinnere mich daran.","Oh, mi ricordo questo posto.","Oh, eu me lembro disso.","Ah, lo recuerdo.","А, это я помню.",あ、覚えているよ。,噢，我知道。
DLG_TRANSFERSOURCEROOM_2,This is where I became ... what I am now.,C'est ici que je suis devenu... ce que je suis maintenant.,"Hier wurde ich zu dem, was ich jetzt bin ...",È qui che sono diventato… ciò che sono ora.,Foi aqui que me tornei... o que sou agora.,Aquí fue donde me convertí en... lo que soy ahora.,Тут я и стал тем... что я сейчас.,"ここは…
ぼくが今のぼくになった場所。",就是这些东西把我变成了……现在这样。
DLG_TRANSFERSOURCEROOM_3,An Arm.,Une Arme.,Eine Waffe.,Un Braccio.,Uma Arma.,"Un ""brazo"".",Рукой.,アームに。,变成了神器。
DLG_TRANSFERSOURCEROOM_4,Why would anyone do this to you? It's inhuman.,Pourquoi quelqu'un voudrait te faire ça ? C'est inhumain.,Warum sollte dir jemand so etwas antun? Es ist unmenschlich.,Perché ti hanno fatto una cosa del genere? È disumano.,Por que alguém fariam isso com você? É desumano.,¿Por qué te hicieron algo así? Es inhumano.,Кто вообще способен на такое? Это же бесчеловечно.,"なぜあなたにこんなひどいことを？
まともな人間のやることじゃないわ。",为什么会有人干这种事情？丧心病狂。
DLG_TRANSFERSOURCEROOM_6,"The younger you are, the more adaptable your mind is.","Plus tu es jeune, plus ton esprit est malléable.","Je jünger du bist, desto anpassungsfähiger ist dein Geist.","Più sei giovane, più la tua mente è adattabile.","Quanto mais jovem, mais adaptável sua mente é.","Cuanto más joven eres, más adaptable es tu mente.","Чем моложе ты, тем лучше приспосабливается твой мозг.","若ければ若いほど精神の
順応性が高くなるから、",因为年轻越小，心智的适应能力就越强。
DLG_TRANSFERSOURCEROOM_7,They thought I could do all kinds of things an adult couldn't.,Ils pensaient que je pourrais faire pleins de choses qui sont impossibles pour les adultes.,"Sie dachten, ich könnte alle möglichen Dinge tun, die ein Erwachsener nicht kann.",Credevano che potessi fare una serie di cose impossibili per un adulto.,Eles achavam que eu poderia fazer todas as coisas que um adulto não podia.,Creían que podría hacer cosas que les resultaban imposibles a los adultos.,"Они думали, что я смогу делать все, на что взрослые просто не способны.","大人ができないようなことも
できるって思われていたんだ。",他们觉得，大人做不了的事情，我都能做到。
DLG_TRANSFERSOURCEROOM_8,What happened? Didn't it work?,Qu'est-ce qui s'est passé ? Ça n'a pas marché ?,Was ist passiert? Hat es nicht geklappt?,Cos'è successo? Non ha funzionato?,O que houve? Funcionou?,¿Y qué pasó? ¿No funcionó?,Что произошло? Не сработало?,"それからどうなったの？
もしかしてそうはならなかったの？",结果呢？是这样吗？
DLG_TRANSFERSOURCEROOM_9,"The war ended before I was really needed. Like all this stuff, I was too dangerous to keep around ...",La guerre a pris fin avant qu'on ait vraiment besoin de moi. Ils ont alors dit que j'étais trop dangereux...,"Der Krieg endete, bevor ich wirklich gebraucht wurde. Dann sagten sie, ich sei zu gefährlich, um mich in der Nähe zu halten ...",La guerra finì prima che io servissi davvero. Poi dissero che era troppo pericoloso tenermi in giro…,A guerra terminou antes que eu fosse necessário. Então eles diziam que eu era muito perigoso para ficar livre...,"La guerra terminó antes de que se me necesitara. Luego, dijeron que yo era muy peligroso y...","Война закончилась до того, как мои силы понадобились. А затем было сказано, что я слишком опасен, чтобы оставаться в живых...","ぼくが必要になる前に戦争が終わったんだ。
その後、ぼくは存在自体が危険過ぎるって
言われて…",我还没上战场，战争就结束了，后来他们说我太危险了，不能留着……
DLG_ORACLE1_0,Indra? Can you hear me?,Indra ? Tu m'entends ?,Indra? Kannst du mich hören?,Indra? Riesci a sentirmi?,Indra? Pode me ouvir?,¿Indra? ¿Puedes oírme?,Индра? Как слышишь?,インドラ？私の声が聞こえるかしら？,因德拉？能听到我说话吗？
DLG_ORACLE1_1,Hammond?,Hammond ?,Hammond?,Hammond?,Hammond?,¿Hammond?,Хаммонд?,ハモンド？,哈蒙德？
DLG_ORACLE1_3,"Yes. This terminal doesn't have the limitations of an ansible, so we can speak freely.",Oui. On peut parler librement : ce terminal n'est pas aussi limité qu'un ansible.,"Ja. Dieses Terminal hat nicht die Beschränkungen eines Ansible, also können wir frei sprechen.","Sì. Questo temrinale non ha le limitazioni di un ansible, quindi possiamo parlare liberamente.","Sim. Este terminal não tem as limitações de um ansible, então podemos conversar livremente.","Sí. Esta terminal no tiene las limitaciones de un ansible, así que podemos hablar cuanto queramos.",Да. У этого терминала нет ансибль-ограничений. Мы можем спокойно поговорить.,"ええ、このターミナルは
アンシブルのような制限は無いから
自由に話すことができるわ。",嗯，这台终端没有安塞波的那些局限，所以我们能够自由通话。
DLG_ORACLE1_21,I'm very sorry for having lured you here. But you must believe I had no other choice.,"Je suis navrée de t'avoir attirée ici. Mais tu dois me croire, je n'avais pas d'autre choix.","Es tut mir sehr leid, dass ich dich hierhergelockt habe. Aber du musst mir glauben, dass ich keine andere Wahl hatte.","Mi spiace molto averti attirata qui così. Ma devi credermi, non avevo altra scelta.",Eu lamento ter atraído você aqui. Mas você tem que acreditar que eu não tive outra escolha.,Siento mucho haberte traído hasta aquí. Pero debes creerme: no tenía otra opción.,"Мне очень жаль, что пришлось заманить тебя сюда. Но у меня не было другого выбора.","あなたをここまでおびき寄せるような
マネをしてごめんなさい。
しかしそれ以外に方法は無かったの。",我把你引到这个地方，实在是对不住，可我也实在没有别的办法。
DLG_ORACLE1_22,Cut the crap. Is Samara there? I want to talk to her.,Foutaises. Samara est là ? Je veux lui parler.,Hör auf mit dem Mist. Ist Samara da? Ich möchte mit ihr reden.,Piantala con le stronzate. Samara è lì? Voglio parlare con lei.,Sem papo furado. Samara está aí? Quero falar com ela.,Guárdate las penas. ¿Samara está ahí? Quiero hablar con ella.,Кончай спектакль. Где Самара? Я хочу с ней поговорить.,"そんな話はどうでもいいわ。
サマーラはそこにいるの？
彼女と話をさせて。",别那么多废话。萨玛拉也在吗？我要跟她说话。
DLG_ORACLE1_23,Of course. Just a minute.,Bien sûr. Une minute.,"Ja, natürlich. Nur einen Moment.",Certamente. Solo un minuto.,Claro. Só um minuto.,Por supuesto. Un momento.,Конечно. Минутку.,もちろんよ。少し待っていて。,嗯，稍等。
DLG_ORACLE1_24,Mother? Are you there?,Mère ? Tu es là ?,Mutter? Bist du da?,Mamma? Ci sei?,Mãe? Você está aí?,¿Mamá? ¿Estás ahí?,Мама? Это ты?,お母さん？そこにいるの？,妈妈？是你吗？
DLG_ORACLE1_25,Samara ...,Samara...,Samara ...,Samara…,Samara...,Samara...,Самара...,サマーラ…,萨玛拉……
DLG_ORACLE1_26,"It's really you, isn't it?","C'est vraiment toi, n'est-ce pas ?","Du bist es wirklich, oder?","Sei proprio tu, vero?","É você mesma, não é?","Eres tú, ¿verdad?","Это правда ты, скажи?",本当に、あなたなのね？,真的是你？
DLG_ORACLE1_27,"Yes, it's me. Listen, I'm here with Hammond and so many other people. It's nuts!","Oui, c'est moi. Écoute, je suis ici avec Hammond et tant d'autres. C'est fou !","Ja, ich bin es. Hör zu, ich bin hier mit Hammond und so vielen anderen Leuten. Es ist verrückt!","Sì, sono io. Ascolta, sono qui con la dottoressa Hammond e tante altre persone. È una follia!","Sim, sou eu. Ouça, estou aqui com Hammond e muitas outras pessoas. É incrível!","Sí, soy yo. Escucha, estoy aquí con Hammond y muchas otras personas. ¡Es una locura!","Да, это я. Послушай, я тут с Хаммонд и кучей других людей. Просто с ума сойти!","ええ、私よ。
聞いて、私は今ハモンドや他の
たくさんの人たちとここにいる。
とっても辛いわ！",嗯。我跟你说，我和哈蒙德在一起，还有好多其他人，太吓人啦！
DLG_ORACLE1_28,Sweetie ... where are you? Are they treating you well?,Ma chérie... Où es-tu ? Ils s'occupent bien de toi ?,Süße ... wo bist du? Behandeln sie dich gut?,Tesoro… dove sei? Ti stanno trattando bene?,Meu amor... onde você está? Estão te tratando bem?,Cariño... ¿dónde estás? ¿Te están tratando bien?,Милая... где ты? Они хорошо с тобой обращаются?,"サマーラ…どこにいるの？
あなたは無事に扱われいるの？",宝贝……你在什么地方？你们没事吧？
DLG_ORACLE1_29,"Mom, I'm not like a hostage or anything.","Maman, je ne suis pas retenue en otage, ou quoi.","Mom, ich bin keine Geisel oder so.","Mamma, non sono tenuta mica in ostaggio.","Mamãe, eu não sou uma refém aqui.","No soy su rehén ni nada por el estilo, mamá.","Мам, меня тут в заложниках не держат.","ママ、私は人質とか
そんなのじゃないの。",妈，我不是人质。
DLG_ORACLE1_30,But this place is going to get wiped out if you don't do what Hammond asks.,Mais cet endroit va être anéanti si tu ne fais pas ce qu'Hammond demande.,"Aber dieser Ort wird ausgelöscht, wenn du nicht tust, was Hammond verlangt.",Ma questo posto verrà spazzato via se non farai come dice la dottoressa Hammond.,Mas esse lugar será apagado da existência se você não fizer o que Hammond está pedindo.,Pero este lugar va a volar en mil pedazos si no haces lo que dice Hammond.,"Но это место сровняют с землей, если ты не сделаешь того, о чем просит Хаммонд.","でも、ママが今からハモンドが
言うことをしないと、
この場所は消えてしまうの。",不过，这个地方马上就要抹掉了，除非你听哈蒙德的，照她说的办。
DLG_ORACLE1_31,Is there a way out?,Il y a un moyen de sortir ?,Gibt es einen Weg nach draußen?,C'è una via di fuga?,Tem alguma saída?,¿Hay alguna salida?,Оттуда можно выбраться?,その場所からは出られないの？,你们有办法出来吗？
DLG_ORACLE1_32,"No, Mom. We're in another place like where you are, with no exits.","Non, maman. On est dans un autre endroit, comme là où tu te trouves, sans issue.","Nein, Mom. Wir sind an einem anderen Ort wie du, ohne Ausgänge.","No, mamma. Siamo in un altro posto rispetto a dove sei tu, e non ci sono uscite.","Não, mamãe. Estamos em outro lugar, como você está, e não tem saída.","No, mamá. Estamos en otro lugar como en el que estás tú, sin salidas.","Нет, мам. Мы в другом месте, в таком же как ты — без выходов.","無理よ。私たちは今のママが
いるみたいな、出口の無い
全く別の場所にいるの。",没有，我们这个地方和你那边一样，没有出口。
DLG_ORACLE1_33,Hammond wants to talk again. Hold on.,Hammond veut te reparler. Attends.,Hammond will wieder reden. Bleib dran.,La dottoressa Hammond vuole parlare di nuovo con te. Attendi in linea.,Hammond quer falar com você. Espere um pouco.,Hammond quiere hablarte de nuevo. Aguarda.,Хаммонд снова хочет с тобой поговорить. Не отключайся.,"ハモンドがまた話をしたいって。
待ってて。",哈蒙德有话跟你说，等下。
DLG_ORACLE1_6,"Indra, this is important. Centuries ago, the Lamassu repurposed some upstream tech to combat the Udug.","Indra, c'est très important. Il y a des siècles de ça, le Lamassu a converti de la technologie pour combattre les Udug.","Indra, das ist wichtig. Vor Jahrhunderten benutzten die Lamassu eine Technologie, um die Udug zu bekämpfen.","Indra, questo è molto importante. Secoli fa, il Lamassu riadattò una vecchia tecnologia per combattere gli Udug.","Indra, isso é importante. Alguns séculos atrás, os Lamassu reprogramaram uma tecnologia de fluxo superior para combater os Udug.","Indra, esto es importante. Hace siglos, la Lamassu adaptó una tecnología contracorriente para combatir a los udugs.","Индра, это важно. Несколько веков назад Ламассу перестроил кое-какие технологии верхнего течения для борьбы с Удуг.","インドラ、今から話すことは
とても重要なことよ。
今から数世紀も前に、
ラマッスはウトゥックと戦うために
アップストリームにある技術を使った。",因德拉，这个事情很重要，必须告诉你。千百年前，拉玛苏为了对抗乌图库，改造了上游的一些科技。
DLG_ORACLE1_7,"Evidently it worked, but caused several important systems to fail. We are now at the verge of collapse.","Bien entendu, cela réussit, mais mit en échec plusieurs systèmes importants. Nous sommes désormais au bord de l'effondrement.","Offensichtlich hat es funktioniert, aber einige wichtige Systeme sind ausgefallen. Wir stehen nun am Rande des Zusammenbruchs.","A quanto pare la cosa funzionò, ma al contempo causò il malfunzionamento di diversi importanti sistemi. Ora siamo sull'orlo del collasso.","Evidentemente, funcionou, mas causou a falha de vários sistemas importantes. Agora estamos à beira do colapso.","Claramente funcionó, pero provocó que fallaran varios sistemas importantes. Ahora estamos al borde del colapso.","По большому счету, это сработало, но сломало при этом несколько важных систем. Мы на грани катастрофы.","そのこと自体は上手くいったけど、
それが原因で重要なシステムが
いくつか機能しなくなったの。
私たちは今まさに、崩壊の危機に
瀕しているのよ。",拉玛苏的计划显然成功了，但导致若干重要系统出现故障。这个世界眼下就在坍塌的边缘。
DLG_ORACLE1_8,"Samara, myself, and eventually everyone alive today will be flushed out of existence.","Samara, moi-même, et tous ceux qui ont survécu jusqu'à aujourd'hui... nous serons pulvérisés hors de l'existence.","Samara, ich selbst und letztendlich jeder, der heute lebt, wird aus der Existenz geschwemmt werden.","Samara, io e sostanzialmente qualsiasi essere che oggi è in vita verrà spazzato via.","Eu, Samara, e eventualmente todos os que estão vivos hoje serão varridos da existência.","Samara, yo y todas las personas que hoy viven serán desterradas de toda existencia.","Самара, я, да и все, кто пока жив, сегодня так или иначе перестанут существовать.","サマーラも、私も、
そして今を生きるすべての人たちも、
その存在を消されてしまう。",萨玛拉、我以及目前健在的所有人都将不复存在。
DLG_ORACLE1_17,"I can fix it, but I need you to hack this terminal to give me total control.","Je peux réparer ça, mais j'ai besoin que tu pirates ce terminal pour que j'en prenne le contrôle total.","Ich kann es reparieren, aber ich brauche dich, um dieses Terminal zu hacken, damit ich die totale Kontrolle habe.","Posso sistemare le cose, ma ho bisogno che tu hackeri questo terminale per darmi il controllo totale.","Eu posso reverte isso, mas preciso que você hackeie este terminal e me dê o controle total.","Puedo solucionarlo, pero necesito que hackees esta terminal y me otorgues el control total.","Я могу это исправить, но тебе нужно взломать терминал, чтобы дать мне полный доступ.","私ならそれを直すことができるわ。
でも、あなたがこのターミナルを
ハッキングしてコントロールの全権を
私に与えることが必要なの。",这个问题我可以解决，但是需要你黑了这台终端，让我获得全部控制权限。
DLG_ORACLE1_9,Why don't you hack it yourself?,Pourquoi ne pas le pirater toi-même ?,Warum hackst du es nicht selbst?,Perché non te lo hackeri da sola?,Por que você mesma não faz isso?,¿Por qué no lo haces tú misma?,Почему ты не взломаешь его сама?,なぜ自分でハッキングをしないの？,你为什么不自己黑？
DLG_ORACLE1_10,We're in a kind of detention center. I had to resort to some very tricky methods to even contact you.,Nous sommes dans une sorte de centre de détention. J'ai déjà dû recourir à des méthodes compliquées rien que pour te contacter.,"Wir sind in einer Art Gefangenenlager. Ich musste auf einige sehr trickreiche Methoden zurückgreifen, um dich überhaupt zu kontaktieren.",Siamo in una sorta di centro di detenzione. Ho dovuto ricorrere a dei metodi piuttosto rischiosi anche solo per contattarti.,Nós estamos em um tipo de centro de detenção. Eu tive que recorrer a alguns métodos muito complicados para simplesmente falar com você.,Estamos en un centro de detención. Tuve que emplear ciertos métodos y trucos para conseguir contactarte.,"Мы тут в своего рода изоляторе. Мне пришлось пойти на весьма изощренные хитрости, чтобы просто связаться с тобой.","私たちは収容所のような場所に
閉じ込められてるの。",因为我们现在身处某个拘留中心，我连联系你都费了很大的工夫。
DLG_ORACLE1_11,Detention center? How did you get there?,Un centre de détention ? Comment vous avez atterris là ?,Gefangenenlager? Wie bist du da hingekommen?,Centro di detenzione? E come ci siete finiti lì?,Centro de detenção? Como vocês foram parar aí?,¿Un centro de detención? ¿Cómo llegaron allí?,Изоляторе? Как вы туда попали?,"収容所ですって？
どうしてそんな場所に？",拘留中心？你们怎么进了拘留中心？
DLG_ORACLE1_13,I don't think you are ready to hear the answer to that just yet.,Je ne pense pas que tu sois prête à entendre la réponse.,"Ich glaube nicht, dass du jetzt schon bereit bist, die Antwort darauf zu hören.",Non credo che tu sia ancora pronta per sentire la risposta a questa domanda.,Eu acho que você ainda não está pronta para ouvir essa resposta.,No creo que estés lista para oír esa respuesta.,"Не уверена, что ты пока готова услышать ответ на этот вопрос.","あなたにはまだその答えを
知る準備はできていないわ。",我觉得你现在应该还没做好心理准备，暂时先不告诉你。
DLG_ORACLE1_16,You're insufferable. Can you help me to get back home?,Tu es insupportable. Peux-tu m'aider à rentrer chez moi ?,"Du bist unausstehlich. Kannst du mir helfen, nach Hause zu kommen?",Sei insopprtabile. Puoi aiutarmi a tornare a casa?,Você é insuportável. Pode me ajudar a voltar para casa?,Eres insoportable. ¿Puedes ayudarme a volver a casa?,Ты невыносима. Ты можешь помочь мне вернуться домой?,"あなたって本当に癪に障るわ。
私が元の世界に戻る手助けは
できるのかしら？",你有意思吗？那你有办法让我回家吗？
DLG_ORACLE1_19,"Possibly. But first, the hack.","Sans doute. Mais d'abord, le piratage.","Möglicherweise. Aber zuerst, der Hack.",Forse. Ma prima l'hack.,"Possivelmente. Mas primeiro, precisa hackear.","Es posible. Pero primero, a hackear.",Возможно. Но сначала взлом.,"多分できるわ。
でも、まずはハッキングが先よ。",可能有，你先黑了这个终端系统再说。
DLG_ORACLE1_20,Fine. Hang on.,Très bien. Donne-moi un moment.,Gut. Warte kurz.,D'accordo. Attendi.,Tudo bem. Espere.,Está bien. Espera.,Хорошо. Не отключайся.,いいわ。少し待ってて。,行吧，等我一下。
DLG_ORACLE2_0,"Hammond, can you tell me anything about Amashilama and what she she's trying to do?","Hammond, peux-tu m'en dire plus sur Amashilama et ce qu'elle essaye de faire ?","Hammond, kannst du mir etwas über Amashilama sagen und was sie vorhat?","Hammond, mi sai dire qualcosa di Amashilama e cosa sta cercando di fare?","Hammond, pode me dizer algo sobre Amashilama e o que ela está tentando fazer?","Hammond, ¿puedes decirme algo sobre las intenciones de Amashilama?","Хаммонд, можешь рассказать мне что-нибудь про Амашиламу и ее намерения?","ハモンド、アマシラーマについて
知っていることを全部教えて。
彼女は何をしようとしてるの？",哈蒙德，你能跟我说一说那个阿玛希拉玛吗？还有要她到底想干什么？
DLG_ORACLE2_1,Those nanomachine entities were tools in an ancient war. But some of them were once human.,"Ces entités de nanomachines étaient des outils ayant servi dans une guerre ancienne. Mais, certains d'entre eux étaient autrefois humains.",Diese Nanomaschinenwesen waren Werkzeuge in einem uralten Krieg. Aber einige von ihnen waren einst menschlich.,Le nanomacchine funsero da strumenti da combattimento in un'antica guerra. Ma alcune di esse un tempo erano esseri umani.,Essas entidades nanomáquinas eram ferramentas em uma guerra ancestral. Mas algumas já foram seres humanos.,Esas entidades de nanomáquinas fueron herramientas utilizadas en una guerra antigua. Pero algunas de ellas fueron seres humanos.,Эти наномашины были оружием в древней войне. Но некоторые из них раньше были людьми.,"あのナノマシンは
大昔の戦争で使われた道具よ。
でもその中の一部は元々人間だった。",那些纳米机器是上古时代某次战争的武器，不过其中部分机器原本是人类。
DLG_ORACLE2_2,"At some point, they created bodies - they called them Siuna - so they wouldn't need a Wielder like yourself to harness them.","À un moment donné, ils ont créé des corps - qu'ils ont nommés « Siuna » - pour ne pas dépendre de Hérauts comme toi pour les utiliser.","Irgendwann schufen sie Körper – sie nannten sie Siuna – damit sie keinen Träger wie dich brauchten, um sie nutzbar zu machen.","A un certo punto, crearono dei corpi - che chiamarono Siuna - per non dover essere costretti a essere indossati da un Portatore come te.","Em algum momento, elas criaram corpos - que chamavam de Siuna - para que não precisassem de um Portador, como você, para carregá-las.","En un momento, crearon cuerpos para no depender de un canalizador como tú, y los llamaron ""siunas"".","Дошло до того, что они создали себе тела и назвали их Сиуна. Так им не нужен был Владелец, чтобы их укрощать.","ある時、
彼らは「シウナ」と呼ばれる体を作り、
あなたのような行使者がいなくても
力が使えるようになった。",后来，他们造出了肉身，称之为休纳。这样一来，神器就不需要受你这样的持者驾驭了。
DLG_ORACLE2_3,"They were evidently dangerously powerful, so only one was ever used before they decided to seal the rest away.","Évidemment, ils étaient dangereusement puissants, et un seul d'entre eux fut utilisé avant qu'ils ne décident de sceller le reste.","Sie waren offensichtlich gefährlich mächtig, sodass nur einer von ihnen jemals benutzt wurde, bevor sie beschlossen, den Rest wegzusperren.","Evidentemente erano incredibilmente pericolosi, quindi ne fu usato solo uno e poi fu deciso di isolare tutti gli altri.","Elas eram, evidentemente, perigosamente poderosas, então apenas uma foi usada antes que decisissem selar todo o restante.","Está claro que eran extremadamente peligrosas, así que usaron solo una y sellaron al resto.","Очевидно, что это сделало их крайне опасными, так что был использован лишь один экземпляр до того, как их заточили.","危険な力なのは明らかだった。
今までに１体だけが使用されて、
残りは全て封印されることになった。",休纳似乎强大而又危险，所以他们只动用过一件，而后便将剩余的休纳尽数封印了。
DLG_ORACLE2_5,Do you know where they might be?,Sais-tu où ils pourraient se trouver ?,"Weißt du, wo sie sein könnten?",Sai dove potrebbero essere?,Você sabe onde elas podem estar?,¿Sabes dónde podrían estar?,"Так ты знаешь, где они могут быть?","それがどこにあるか
あなたは知っているの？",你知道这些休纳在哪里吗？
DLG_ORACLE2_7,I just know they were sequestered in another world.,Je sais juste qu'ils sont séquestrés dans un autre monde.,"Ich weiß nur, dass sie in einer anderen Welt versiegelt wurden.",So solo che furono nascosti in un altro mondo.,Eu só sei que elas foram isoladas em outro mundo.,Solo sé que las recluyeron en otro mundo.,"Я только знаю, что их запрятали в другом мире.","私が知っているのはシウナが別の
世界に隔離されたということだけ。",我只知道它们在另外一个世界。
DLG_ORACLE2_8,"I don't know where or how to get to there, but if the wrong person had access, it would be very bad.","J'ignore où et comment y aller, mais ce serait une catastrophe s'ils tombaient entre de mauvaises mains.","Ich weiß nicht, wo oder wie man dorthin kommt, aber wenn die falsche Person Zugang hätte, wäre das sehr schlimm.","Non so dove sia o come arrivarci, ma se la persona sbagliata ci mettesse le mani sopra, saremmo in seri guai.","Eu não sei onde, e nem como chegar lá, mas se a pessoa errada tiver acesso a elas, seria muito ruim.","No sé dónde ni cómo llegar allí, pero si la persona equivocada consiguiera llegar allí, podría ser catastrófico.","Я не знаю, где и как туда добраться, но если они попадут не в те руки, нам несдобровать.","その場所がどこにあるのかも、
どうやってそこにたどり着けるかも
分からない。でも確実に言えるのは、
間違った人間がそこに行けば、
大変なことになるということよ。",不知道怎么才能过去，只是如果有恶人知道了过去的办法，那麻烦就大了。
DLG_ORACLE3_0,It's done.,C'est fait.,Das war’s.,È fatta.,Está feito.,Listo.,Сделано.,終わったわ。,好了。
DLG_ORACLE3_1,I don't see a change ...,Je ne vois aucune différence...,Ich sehe keine Veränderung ...,Non mi sembra sia cambiato niente…,Eu não vejo nenhuma mudança...,No veo ningún cambio...,Я не вижу изменений...,特に変わったことはないけど…,好像没有变化……
DLG_ORACLE3_2,"Wait, hold on ...","Une seconde, attends...","Moment, warte mal ...","Aspetta, attendi…",Espere...,"Ah, espera...","Так, постой...",少し待ってて…,等下，等等……
DLG_ORACLE3_12,"Ah, that's it! You did it.","Ah, c'est ça ! Tu as réussi.","Ah, das ist es! Du hast es geschafft.","Ah, ci siamo! Ce l'hai fatta.","Ah, isso! Você conseguiu.",¡Eso! ¡Sí! Lo lograste.,"А, вот оно! У тебя получилось.",大丈夫よ！うまくいった。,啊！你成功了！
DLG_ORACLE3_4,For once something went smoothly? I'm impressed.,Pour une fois qu'une chose se passe sans encombre.,Zum ersten Mal ist etwas glatt gelaufen.,Almeno per una volta le cose sono andate lisce.,"Alguma coisa foi fácil, para variar.","Por fin, algo que sale bien.",Хоть раз что-то сработало без косяков.,今回は物事がスムーズにいったわ。,终于顺利了一次。
DLG_ORACLE3_17,I'll get your daughter. Hold on.,Je vais chercher ta fille. Attends.,Ich werde deine Tochter holen. Halte durch.,Chiamo tua figlia. Attendi in linea.,Vou chamar sua filha. Espere.,Traeré a tu hija. Aguarda.,Я позову твою дочь. Ожидай.,"あなたの娘に会わせるわ。
少し待ってて。",我去叫你女儿，稍等。
DLG_ORACLE3_6,"Mom, we are being ... evacuated to somewhere safer. It's gonna take a while, though.","Maman, on est... en train d'être évacués en lieu sûr. Mais ça risque de prendre du temps.","Mom, wir werden ... an einen sichereren Ort evakuiert. Es wird aber eine Weile dauern.","Mamma, ci stanno… evacuando in un luogo più sicuro. Ci vorrà del tempo, temo.","Mamãe, estamos sendo... evacuados para um lugar seguro. Mas vai demorar um pouco.","Mamá, nos están... evacuando a un sitio más seguro. Llevará un tiempo, igual.","Мам, нас эвакуируют... в более безопасное место. Но это может занять время.","ママ、私たちは......もっと安全な
どこかへと避難するところよ。
もうしばらく時間はかかりそうだけど。",妈，我们要……转移到更安全的地方去了，可能要过一段时间才能再联系了。
DLG_ORACLE3_7,Evacuated to where?,Évacués vers où ?,Evakuiert wohin?,Evacuati dove?,Evacuados para onde?,¿Adónde los llevan?,Эвакуируют — куда?,どこに避難するつもりなの？,转移到哪里？
DLG_ORACLE3_15,Hammond showed me some of the things you've done since ... I left.,Hammond m'a montré ce que tu as accompli depuis que... je suis partie.,"Hammond hat mir einige der Dinge gezeigt, die du getan hast, seit ... ich gegangen bin.",La dottoressa Hammond mi ha mostrato alcune delle cose che hai fatto da quando… me ne sono andata.,Hammond me mostrou algumas coisas que você fez desde que eu... fui embora.,Hammond me mostró algunas de las cosas que hiciste desde que... me fui.,"Хаммонд показала мне часть того, что ты сделала после... моего ухода.","ハモンドは、私が…出て行ってから
ママが今までやってきたことを
私にいくつか見せてくれたの。",我……离开之后，你做的事情，哈蒙德告诉我了。
DLG_ORACLE3_16,I want you to stop blaming yourself over what happened to me.,Je veux que tu cesses de culpabiliser pour ce qui m'est arrivé.,"Ich möchte, dass du aufhörst, dir Vorwürfe zu machen, wegen dem, was mir passiert ist.",Voglio che tu la smetta di incolpare te stessa per quello che mi è successo.,Quero que você pare de se culpar pelo que aconteceu comigo.,Quiero que dejes de culparte por lo que me pasó.,"Я хочу, чтобы ты прекратила винить себя за то, что случилось со мной.",私のことで、もう自分を責めないで。,你不要再为我的事情自责了。
DLG_ORACLE3_18,"Thanks to you, I'm going to be just fine.","Grâce à ma mère, une vraie héroïne, je m'en sors bien.","Dank meiner Mom, die eine Heldin ist, wird es mir gut gehen.","Grazie all'eroismo di mia mamma, io riuscirò a cavarmela.","Eu vou ficar bem, porque minha mãe é uma heroína.","Mi mamá es una heroína, y gracias a ella voy a estar bien.","Поскольку моя мама — героиня, со мной все будет хорошо.","ママがヒーローになってくれたおかげで、
これからは私ももう大丈夫だよ。",我妈是个大英雄，所以我肯定不会有事。
DLG_ORACLE3_14,That doesn't answer my question.,Ça ne répond pas à ma question.,Das ist keine Antwort auf meine Frage.,Questo non risponde alla mia domanda.,Isso não responde minha pergunta.,Eso no responde mi pregunta.,Ты не ответила на мой вопрос.,質問の答えになってないわ。,你不要答非所问。
DLG_ORACLE3_8,"There's no time. But we'll see each other again, eventually, I know it.","Pas le temps. Mais, on se reverra, à la fin. J'en suis convaincue.","Wir haben keine Zeit mehr. Aber wir werden uns wiedersehen, irgendwann, ich weiß es.","Non c'è tempo. Ma un giorno ci rivedremo, me lo sento.","Não há tempo. Mas nos veremos de novo, eventualmente. Eu sei.","No hay tiempo. Pero volveremos a vernos en algún momento, lo sé.",Времени в обрез. Но мы рано или поздно встретимся. Я знаю.,"もう時間が無い。
でもまたそのうち会えるわ。
私には分かるの。",没时间说了，但是我们早晚会团聚，肯定的。
DLG_ORACLE3_9,Samara ... I'm sorry.,Samara... Excuse-moi...,Samara ... Es tut mir leid.,Samara… mi dispiace.,Samara... me desculpe.,Samara... Lo siento.,Самара... Прости.,サマーラ…ごめんなさい。,萨玛拉……我对不起你。
DLG_ORACLE3_10,It's Hammond again. Samara had to go. But they're letting me stay longer so I can make sure things are working properly.,C'est Hammond. Samara a dû partir. Mais ils me laissent rester un peu pour m'assurer que tout fonctionne.,"Ich bin’s wieder, Hammond. Samara musste gehen. Aber sie lassen mich länger bleiben, damit ich sicherstellen kann, dass alles richtig funktioniert.",Sono di nuovo Hammond. Samara è dovuta andar via. Ma mi lasceranno stare qui ancora un po' in modo che possa assicurarmi che le cose funzionino a dovere.,"É a Hammond de novo. Samara teve que ir. Mas eles me deixaram ficar mais um pouco, para garantir que as coisas vão funcionar como devem.","Es Hammond, de nuevo. Samara tuvo que irse. Pero me dejarán quedarme un poco más para comprobar que todo funcione bien.","Это снова Хаммонд. Самаре пришлось уйти. Но они разрешили мне остаться подольше, чтобы удостовериться, что все работает как надо.","インドラ、ハモンドよ。
サマーラはもう行ったわ。
私は長居できるようになったから、
物事が正しい方向に進んでるか
確認するわ。",我哈蒙德，萨玛拉得走了，他们把我留下来了，让我把事情都安排好再走。
DLG_ORACLE3_11,I ... okay.,Je... d'accord.,Ich ... okay.,Io… ok.,Eu... tudo bem.,Yo... Bueno.,Я... ладно.,ええ…分かった。,我……好。
DLG_ORACLE3_19,Once you leave I'm going to deactivate the portal you came through. It's too much of a risk that somone could undo what we've accomplished.,"Quand tu seras partie, je désactiverai le portail que tu as emprunté. On ne peut pas risquer que quelqu'un détruise tout ce qu'on a accompli.","Sobald du gehst, werde ich das Portal, durch das du gekommen bist, deaktivieren. Es ist ein zu großes Risiko, dass jemand das, was wir erreicht haben, wieder rückgängig machen könnte.","Non appena sarai andata via, disattiverò il portale da cui sei arrivata. Non possiamo correre il rischio che qualcuno possa vanificare ciò che abbiamo ottenuto.","Quando você sair, vou desativar o portal que você usou para atravessar. É um risco muito grande que alguém possa desfazer o que você fez.","Cuando te vayas, voy a desactivar el portal que usaste. No podemos correr el riesgo de que alguien eche a perder todo lo que logramos.","Как только ты уйдешь, я отключу портал, через который ты пришла. Риск того, что кто-нибудь может отменить все, что мы сделали, слишком велик.","あなたがここを出たタイミングで、
ここへのポータルを無効化するわ。
私たちがやり遂げたことを誰かに
台無しにされるリスクがあるから。",等你离开这里，我就把那道传送门关了。免得有人过来，破坏了我们的成果，那就不好了。
DLG_ORACLE3_20,"I'm trying to get the ansible at 44,10 back online so we can still communicate.","Je vais essayer de remettre en ligne l'ansible à 44,10 pour qu'on puisse encore communiquer.","Ich versuche, das Ansible auf 44,10 wieder online zu bekommen, damit wir weiterhin kommunizieren können.","Sto cercando di far tornare online l'ansible a 44,10. In questo modo potremo continuare a comunicare.","Estou tentando colocar o ansible em 44, 10 de volta online para que possamos continuar nos comunicando.",Estoy intentando reconectar el ansible del sector 44-10 para que podamos seguir en contacto.,"Я пытаюсь сделать так, чтобы ансибль в 44,10 снова был онлайн, чтобы мы все же могли переговариваться.","セクター４４、１０の
アンシブルをオンライン化して、
通信可能にしているところよ。","我在想办法重新启动44,10的安塞波，那样的话，我们就还能再联络。"
DLG_ORACLE3_21,This has been a lot to take in. I think I need to be alone now.,"C'est beaucoup de choses à encaisser. Je crois que j'ai besoin d'être seule, pour l'instant.","Das war eine Menge zu verkraften. Ich glaube, ich muss jetzt allein sein.","Sono tante cose da digerire. Credo di dover restare da sola, ora.",É muita coisa para digerir. Acho que preciso ficar um pouco sozinha.,Todo esto fue mucho que procesar de golpe. Creo que necesito estar sola.,"Столько новой информации. Кажется, мне нужно побыть одной.","今たくさんのことで頭がいっぱいだわ。
少しの間１人にしてほしいかも。",信息量太大，我现在需要消化一下，之后再联系。
DLG_ORACLE3_22,"Understandable. Be safe, Indra.","C'est compréhensible. Sois prudente, Indra.","Verständlich. Pass auf dich auf, Indra.","Comprensibile. Abbi cura di te, Indra.","Eu entendo. Se cuide, Indra.","Lo entiendo. Cuídate, Indra.","Понимаю. Береги себя, Индра.",分かった。気をつけてね、インドラ。,非常理解，因德拉，注意安全。
DLG_MERIDIANBASEMENT1_0,So what's this one do?,"Alors, à quoi ça sert ?","Und, was macht das hier?","Allora, questo cosa fa?","Então, o que esse faz?",¿Y este qué hace?,"Так, и что эта штука делает?",これは何に使われていたの？,那这个又是什么用途？
DLG_MERIDIANBASEMENT1_1,Nobody knows. Actually it was never lit up like this before.,"Nul ne sait. D'ailleurs, il n'a jamais brillé autant avant.",Das weiß niemand. Eigentlich hat es noch nie so geleuchtet.,"Non lo sa nessuno. A dire il vero, non aveva mai brillato così, prima d'ora.","Ninguém sabe? Na verdade, nunca ficou acesso assim.","Nadie lo sabe. De hecho, nunca había estado encendido.","Никто не знает. На самом деле, ее до этого так не зажигали.","何も分からない。前はこんな風に
目に見える場所じゃなかったから。",没人知道，这个东西其实之前从没亮过。
DLG_MERIDIANBASEMENT1_2,"Like I said, the elders believed all this stuff was made by the gods.",Les anciens pensaient que tous ces artéfacts avaient été créés par les dieux.,"Die Ältesten glaubten, dass all dieses Zeug von den Göttern gemacht wurde.",Gli antichi credevano che tutte queste cose fossero creazioni degli dèi.,Os anciões acreditavam que essas coisas foram feitas pelos deuses.,Los ancianos creían que los dioses crearon todas estas cosas.,"Старейшины верили, что это все было создано богами.","長老たちは、これを全部神々が
作りだしたものと信じていたんだ。",上了年纪的人以为这些东西都是神造的。
DLG_MERIDIANBASEMENT1_3,But you know it was probably just made by people.,"Mais c'est probablement juste l'œuvre d'humains, tu sais.","Aber du weißt, dass es wahrscheinlich nur von Menschen gemacht wurde.",Ma tu sai che probabilmente sono state realizzate da umani.,"Mas, você sabe, provavelmente foram feitas por pessoas.","Pero seguro fueron personas, ¿sabes?","Но, конечно, скорее всего, его сделали люди.","でも、おそらく人の手で
作られたものよ。",其实呢，可能都只是人造的。
DLG_REBIRTHROOM_0,This is where we healed our wounded. We could also make copies of soldiers here.,"C'est ici qu'on soignait nos blessés. On pouvait également cloner nos soldats, ici.",Hier haben wir unsere Verwundeten geheilt. Wir konnten hier auch Kopien von Soldaten machen.,Qui è dove curiamo i nostri feriti. Ed è anche dove cloniamo i soldati.,Aqui é onde curávamos nossos feridos. Também podíamos fazer cópias dos soldados.,Aquí es donde curamos a nuestros heridos. También podíamos hacer copias de nuestros soldados.,Тут мы лечили раненых. Здесь так же можно было делать копии солдат.,"ここはケガをした人たちを治していた
場所。兵士のコピーもここで作られて
いたんだ。",这里是我们医治伤员的地方，这里也可以生产相同的士兵。
DLG_REBIRTHROOM_1,It looks like a bomb went off in here.,On dirait qu'une bombe a explosé là-dedans.,"Es sieht aus, als wäre hier eine Bombe eingeschlagen.",Sembra che ci sia scoppiata una bomba.,Parece que uma bomba explodiu aqui.,Parece como si hubiera explotado una bomba.,"Такое чувство, что тут взорвалась бомба.",まるで何かで爆破した後みたいね。,这个地方像是发生过爆炸。
DLG_REBIRTHROOM_2,"After the war, the Lamassu had everyone destroy this stuff.","Après la guerre, le Lamassu a ordonné à tout le monde de détruire ces choses.",Nach dem Krieg ließ der Lamassu alle dieses Zeug zerstören.,"Dopo la guerra, il Lamassu fece distruggere tutto.","Após a guerra, Lamassu ordenou que destruíssem essas coisas.","Tras la guerra, la Lamassu ordenó que se destruyera todo esto.",После войны Ламассу заставил всех тут все уничтожить.,"戦争が終わった後、
ラマッスがみんなに破壊させたんだ。",战争结束之后，拉玛苏让大家销毁了这些东西。
DLG_REBIRTHROOM_3,It's too dangerous or something.,"C'était trop dangereux, une histoire du genre...",Es ist zu gefährlich oder so.,"È troppo pericoloso, pare.","Eram muito perigosas, ou algo assim.",Porque era muy peligroso o algo así.,"Оно было слишком опасным, что-то в этом роде.",あまりにも危険だからって。,说是因为太危险了还是怎么的。
DLG_NOTE28ACQUIRE_0,Hammond ...,Hammond...,Hammond ...,Hammond…,Hammond...,Hammond...,Хаммонд...,ハモンド…,哈蒙德……
DLG_LOSTMERIDIANFOUND_0,"At long last, I can free us from our Primordial bonds.","Enfin, je peux nous délivrer de nos liens primordiaux.",Endlich kann ich uns von unseren urzeitlichen Fesseln befreien.,"Finalmente, posso liberarci dai nostri legami primordiali.","Finalmente, posso nos libertar de nossos laços Primordiais.","Al fin, puedo liberarnos de nuestras ataduras primordiales.",Наконец-то я смогу освободить нас от наших Древних оков.,"長くこの日を待ちわびていた。
原理による束縛から、
遂に私たちは解放される。",过了这么多年，我们终于可以摆脱根植骨髓的这种束缚了。
DLG_LOSTMERIDIANFOUND_1,Now to find the portal to A'ansur.,Allons désormais trouver le portail vers A'ansur.,Jetzt müssen wir das Portal nach A’ansur finden.,E ora cerchiamo il portale per A'ansur.,Agora vamos encontrar o portal para A'ansur.,"Ahora, a buscar el portal a A'ansur.",А теперь пора найти портал в А'ансур.,"今こそアンスルへと続く
ポータルを見つけ出すのよ。",现在该去找阿安苏尔的传送门了。
DLG_LOSTMERIDIAN_18,You have ... to stop her ...,Tu dois... l'arrêter...,Du musst ... sie aufhalten ...,Devi... fermarla…,Você precisa... impedi-la...,Tienes que... detenerla...,Тебе нужно... ее остановить...,彼女を…止めなさい…,一定要……阻止她……
DLG_LOSTMERIDIAN_19,I saw inside her mind ...,J'ai vu dans son esprit...,Ich habe in ihren Geist gesehen ...,Ho letto nella sua mente…,Eu vi dentro da sua mente...,La vi en mi mente...,"Я видела, что у нее на уме...",彼女の頭の中を見たわ…,我看到了她的想法……
DLG_LOSTMERIDIAN_20,"If she destroys A'ansur, it all ends.","Si elle détruit A'ansur, alors tout est fini.","Wenn sie A’ansur vernichtet, ist alles vorbei.","Se distruggerà A'ansur, sarà tutto finito.","Se ela destruir A'ansur, tudo estará acabado.","Si destruye A'ansur, todo acabará.","Если она уничтожит А'ансур, то всему придет конец.","もし、アンスルが破壊されたら
全てが終わる。",如果她毁了阿安苏尔，一切就全完了。
DLG_LOSTMERIDIAN_21,I'll never see ... Samara ...,Je ne reverrai jamais... Samara...,Ich werde niemals ... Samara ...,Non vedrò mai più… Samara…,Eu nunca verei... Samara...,Nunca veré a... Samara...,И я никогда не увижу... Самару...,サマーラにも…会えなくなる…,我就再也看不到……萨玛拉了……
DLG_LOSTMERIDIAN_2,She's not breathing.,Elle ne respire plus.,Sie atmet nicht mehr.,Non respira.,Ela não está respirando.,No respira.,Она не дышит.,息をしていない。,她没有呼吸。
DLG_LOSTMERIDIAN_23,It seemed like she was back to being ... Indra ... again.,On aurait dit qu'elle était redevenue... Indra...,"Es schien, als wäre sie wieder ... Indra.",Sembrava che fosse diventata di nuovo… Indra.,Parecia que ela voltou a ser... Indra... novamente.,Parecíó que volvía a ser... Indra... otra vez.,"Похоже, она снова... стала... Индрой.",また…インドラに…戻っていたのね。,她好像变回了……因德拉……
DLG_LOSTMERIDIAN_24,And now she's dead? So what does that make me?,"Et à présent, elle est morte ? Qu'est-ce que ça fait de moi ?",Und jetzt ist sie tot? Und was macht das aus mir?,E ora è morta? Quindi questo cosa fa di me?,E agora ela está morta? Então o que isso me torna?,"¿Y ahora está muerta? Entonces, ¿yo qué soy?",Но она мертва? Тогда что же я теперь такое?,"今はもう死んだ状態なの？
私は一体どうなるの？",她已经死了吗？那我现在成了什么？
DLG_LOSTMERIDIAN_3,And that big red thing - is that the Lost Siuna?,"Ce gros truc rouge, ça doit être le Siuna.",Das große rote Ding – das muss die Siuna sein.,Quell'enorme coso rosso - dev'essere il Siuna.,Aquela coisa grande e vermelha - deve ser a Siuna.,Esa cosa roja enorme... debe ser la siuna.,"Большая красная штуковина. Видимо, это Сиуна.","あの赤くて大きいのが、
シウナで間違いないよ。",刚才那个红色的庞然大物，肯定就是休纳。
DLG_LOSTMERIDIAN_22,An empty body just waiting for an Arm to take over.,Un corps vide attendant juste une Arme.,"Ein leerer Körper, der nur darauf wartet, dass eine Waffe ihn übernimmt.",Un corpo vuoto che aspetta solo un Braccio che ne prenda il controllo.,"Um corpo vazio, esperando alguma Arma tomá-lo.",Un cuerpo vacío a la espera de que un brazo lo controle.,"Пустое тело так и ждет того, чтобы его захватила Рука.","アームが乗り移ることをただ待ちわる
だけの魂の無い肉体。",一具空壳，等待神器附身。
DLG_LOSTMERIDIAN_25,And that A'ansur place is supposed to have more of them.,"Et cet endroit, A'ansur, est censé en renfermer d'autres.",Und dieser A’ansur-Ort soll noch mehr von ihnen haben.,E in quel posto di nome A'ansur dovrebbero essercene molti altri.,E aquele lugar em A'ansur deve ter mais delas.,"Y se supone que ese lugar, A'ansur, tiene más de esas.",И в этом их А'ансуре должно быть больше этих штук.,"アンスルにはそんなものが
まだたくさんあるなんて。",那个叫阿安苏尔的地方应该还有很多这种空壳。
DLG_LOSTMERIDIAN_15,Do you think Amashilama really wants to destroy the world?,Tu crois qu'Amashilama souhaite réellement détruire le monde ?,"Glaubst du, Amashilama will wirklich die Welt zerstören?",Credi che Amashilama voglia davvero distruggere il mondo?,Você acha que Amashilama quer mesmo destruir o mundo?,¿Crees que Amashilama de verdad planea destruir el mundo?,"Думаешь, Амашилама и правда хочет уничтожить мир?","アマシラーマは
本当にアンスルを滅ぼしたいのかな？",你觉得阿玛希拉玛真的是想毁灭这个世界吗？
DLG_LOSTMERIDIAN_16,I'm not sure that's what she means to happen.,Je ne sais pas trop si c'est ce qu'elle veut.,"Ich bin mir nicht sicher, ob sie das vorhat.",Non sono sicura che sia questa la sua volontà.,Não sei se ela sabe que isso é o que vai acontecer.,No creo que esa sea su verdadera intención.,"Мне не кажется, что она желает именно этого.","それが本当に彼女がやりたいことか
どうなのかは分からない。",感觉并不是她的初衷。
DLG_LOSTMERIDIAN_17,"Though I don't exactly want to find out if she's right, either.","Mais, je n'ai pas tellement envie de savoir si elle a raison, non plus.","Obwohl ich auch nicht unbedingt herausfinden will, ob sie recht hat.",Ma proprio non voglio dover scoprire se ha ragione o torto.,Mas também não quero descobrir se ela está certa.,"Pero bueno, tampoco esperaré para averiguarlo.","Хотя мне не очень-то хочется узнать, права ли она.","それに私は彼女が正しいかどうかを
知りたいわけでじゃない。",不过我也不想知道她的初衷合不合理。
DLG_ARMTILHARACQUIRE_0,"I am Tilhar. With me you become as a cloud, able to pass through cracks and grates.","Je suis Tilhar. Avec moi, tu deviens comme un nuage, capable de traverser les fissures et les grilles.","Ich bin Tilhar. Mit mir wirst du zu einer Wolke, die durch Risse und Gitter gehen kann.","Sono Tilhar. Con me diventerai come una nuvola, e sarai in grado di attraversare crepe e grate.","Eu sou Tilhar. Comigo, você se torna uma nuvem, capaz de atravessar rachaduras e grades.","Soy Tilhar. Conmigo, te vuelves una nube capaz de atravesar agujeros y rejas.","Я Тилхар. С моей помощью ты станешь облаком, способным проходить через трещины и решетки.","私はティルハール。
私がいることであなたは雲の如く
裂け目や格子の隙間を
通り抜ける力が得られよう。",我是提尔哈。有了我，你便可以变成云朵，可以穿过缝隙与栅栏。
DLG_ARMTILHARACQUIRE_1,I've been seeing gratings all over since I arrived. It's like a damn motif.,Je vois des tas de grilles depuis mon arrivée. C'est comme un foutu thème.,"Seit ich angekommen bin, sehe ich überall Gitter. Es ist wie ein verdammtes Motiv.",Non vedo altro che grate sin da quando sono arrivata qui. È un motivo dannatamente ricorrente.,Eu vi grades em todo lugar desde que cheguei aqui. É tipo o tema desse lugar.,Vi rejas por todos lados desde que llegué. Parece como si alguien se hubiera obsesionado con ellas.,Да тут повсюду эти решетки. Какой-то прямо повторяющийся мотив.,"悪趣味なモチーフみたいな格子なら
ここに来てからあちこちで見たわ。
",我到了这地方之后，看到到处都是栅栏，像是某种装饰。
DLG_ARMTILHARACQUIRE_3,"Indeed, these barriers are one of the ways the Wielders were finally able to entrap and vanquish the Udug.","En effet, ces barrières sont un des moyens qui ont enfin permis aux Hérauts d'emprisonner et de vaincre les Udug.","In der Tat sind diese Barrieren eine der Möglichkeiten, mit denen die Träger endlich die Udug einfangen und verschlingen konnten.",È vero. Quelle barriere sono uno dei sistemi con cui i Portatori sono stati finalmente in grado di intrappolare e sconfiggere gli Udug.,"De fato, essas barreiras são uma das maneiras que os Portadores criaram para finalmente prender e exterminar os Udug.","Sí, esas barreras fueron una de las maneras en las que los canalizadores lograron atrapar y aniquilar a los udugs.","Именно, с их помощью у Владельцев наконец-то получилось обуздать и покорить Удуг.","いかにも。
この地にある格子は行使者が
ウトゥックを捕まえて閉じ込める
手段とし利用するためのものだ。",没错，众多持者当初也正是依靠这些栅栏困住了乌图库，将其彻底消灭。
DLG_ORACLETERMINAL3_0,"Wielder, we are in grave danger.","Héraldesse, nous courrons un grave danger.","Träger, wir sind in großer Gefahr.","Portatore, siamo in grave pericolo.","Portadora, você está em grande perigo.","Canalizadora, estamos en grave peligro.","Владелица, мы в большой беде.","行使者よ、我々に
重大なる危機が迫っています。",持者，我们非常危险。
DLG_ORACLETERMINAL3_1,I saw ... she said is looking for the portal to A'ansur.,J'ai vu... Elle a dit qu'elle allait chercher le portail vers A'ansur.,"Ich sah ... sie sagte, sie sucht das Portal nach A’ansur.",Ho visto… ha detto che sta cercando il portale per A'ansur.,Eu vi... ela disse que está procurando o portal para A'ansur.,Lo vi... Dijo que está buscando el portal a A'ansur.,"Я видела... Она сказала, что отправилась на поиски портала в А'ансур.","ええ......アマシラーマは
アンスルへのポータルを
探すと言っていたわ。",我看到……她说在找阿安苏尔的传送门。
DLG_ORACLETERMINAL3_3,"Yes, she means to obtain the rest of the Siuna cache.","Oui, elle a l'intention de trouver les autres caches des Siuna.","Ja, sie will sich den Rest des Siuna-Arsenals beschaffen.","Sì, intende impadronirsi di tutto l'arsenale di Siuna.","Sim, ela quer encontrar o resta da reserva de Siuna.","Sí, quiere obtener el resto del depósito de las siunas.","Да, она хочет заполучить остальные Сиуны.","そうです、彼女の目的は残りの
シウナを手に入れること。",对，她希望获得所有休纳。
DLG_ORACLETERMINAL4_21,Then she will destroy our mother world with a legion of Arms.,"Ensuite, elle anéantira notre monde d'origine avec une légion d'Armes.",Dann wird sie unsere Mutterwelt mit einer Legion von Waffen zerstören.,Poi distruggerà il nostro mondo madre con una legione di Braccia.,Então ela destruitá nosso mundo de origem com uma legião de Armas.,"Luego, destruirá nuestro mundo madre con una legión de brazos.",Тогда она сможет уничтожить наш матерь-мир с помощью легиона Рук.,"そしてアームの軍勢とともに
母なる世界を破壊する
つもりです。",然后就会率领神器军团，毁灭我们的母界。
DLG_ORACLETERMINAL3_5,I think you need to explain a bit what this means.,Je pense qu'il faut m'expliquer un peu ce que ça signifie.,"Ich denke, du musst ein wenig erklären, was das bedeutet.",Credo che tu debba spiegarmi un po' meglio cosa significa.,Acho que você precisa explicar o significado disso um pouco melhor.,Creo que tienes que explicar un poco qué significa eso.,"Мне кажется, что вот тут лучше бы объяснить поподробнее.","それがどういうことなのか、
もう少し説明してちょうだい。",母界毁灭会有怎样的后果？你可能需要稍微解释一下。
DLG_ORACLETERMINAL3_7,"In the same way that destroying the Universe would mean destroying all the planets within the universe, destroying the A'ansur will destroy all the universes within it.","De la même façon que détruire l'Univers détruirait toutes les planètes qui s'y trouvent, détruire l'A'ansur détruirait également tous les Univers qui sont à l'intérieur.","Genauso wie die Zerstörung des Universums die Zerstörung aller Planeten innerhalb des Universums bedeuten würde, wird die Zerstörung von A’ansur alle Universen innerhalb von ihr zerstören.","Nello stesso modo in cui distruggere l'universo significherebbe distruggere tutti i pianeti all'interno di esso, distruggere l'A'ansur vorrebbe dire distruggere tutti gli universi che lo compongono.","Da mesma maneira que destruir o universo significaria a destruição de todos os planetas nele contidos, destruir A'ansur significa a destruição de todos os universos dentro dele.","Del mismo modo en que destruir el universo significaría la destrucción de todos los planetas que contiene, destruir A'ansur implica la muerte de todos los universos que habitan en su interior.","Как уничтожение всех планет во Вселенной означает уничтожение самой вселенной, так и уничтожение А'ансура уничтожит все вселенные внутри него.","宇宙を破壊すれば、その中に
ある全ての星が破壊されます。
それと同じように、アンスルを
破壊すれば、その範疇にある
万物全てが破壊されるという
ことです。",阿安苏尔相当于宇宙的宇宙，毁灭了这个母界，其中的所有宇宙就会随之毁灭。
DLG_ORACLETERMINAL3_8,And what sort of insanity makes her think this is a good idea?,Et quelle sorte de folie lui fait croire que c'est une bonne idée ?,"Und welche Art von Wahnsinn lässt sie glauben, dass dies eine gute Idee ist?",E quale sorta di follia le fa pensare che sia una buona idea?,E que tipo de loucura faz ela pensar que isso é uma boa ideia?,¿Y qué clase de demencia le hace pensar que eso sería buena idea?,"Какое такое безумие заставило ее думать, что это хорошая идея?","彼女にとってそれが最善だと
考えるようになったきっかけは？",那她是疯了么？为什么想这样解放世界？
DLG_ORACLETERMINAL3_9,She believes in that this universe can somehow survive independently of the mother.,Elle croit que cet univers peut survivre indépendamment de son origine.,"Sie glaubt daran, dass dieses Universum irgendwie unabhängig von der Mutter überleben kann.",Lei crede che questo universo possa in qualche modo sopravvivere indipendentemente dal mondo madre.,"Ela acredita que, de alguma forma, este universo pode sobreviver, independente do que aconteça com a origem.",Cree que este universo puede sobrevivir de manera independiente del mundo madre.,"Она верит, что вселенная каким-то образом сможет выжить без матери.","彼女は、この世界が
母なる世界から離れても
生き延びることが
できると信じています。",因为她觉得就算母界毁灭，这一个宇宙也会由于某些原因而幸存下来。
DLG_ORACLETERMINAL3_10,"Indra, it is paramount that you stop her.","Indra, c'est d'une importance capitale : tu dois l'arrêter.","Indra, es ist von größter Wichtigkeit, dass du sie aufhältst.","Indra, è fondamentale che tu riesca a fermarla.","Indra, é fundamental que você a impeça.","Indra, es crucial que la detengas.","Индра, чрезвычайно важно, чтобы ты остановила ее.","インドラよ、絶対に彼女を
止めなければなりません。",因德拉，无论怎样，你必须阻止她。
DLG_ORACLETERMINAL3_11,"At the portal to the Siuna cache is an undetonated storm/breach bomb left over from the war.
 All that is needed is for you to activate it.","Au portail vers la cache des Siuna se trouve une bombe des tempêtes qui n'a pas encore explosé, un reste de la guerre. 
Ta tâche est de l'activer.","Am Portal zum Siuna-Arsenal befindet sich eine nicht gezündete Sturm/Bruch-Bombe, die aus dem Krieg übrig geblieben ist.
 Du musst sie nur noch aktivieren.","Al portale dell'arsenale di Siuna c'è una bomba-tempesta non detonata lasciata lì dai tempi della guerra. 
 Abbiamo solo bisogno che tu la inneschi.","No portal que leva à reserva de Siuna há uma bomba de ruptura/tempestade da época da guerra.
 Você só precisa ativá-la.","En el portal al depósito de las siunas hay una bomba tempestad/brecha sin detonar que quedó de la guerra.
  Todo lo que tienes que hacer es activarla.","И портал к запасам Сиун — это неразорвавшаяся штормовая бомба, оставшаяся после войны.
Тебе осталось лишь ее активировать.","シウナが隠された場所への
入り口に、戦争時に残された
ストーム/ブリーチボム
があります。","你找到封存休纳的那个世界的传送门之后，会看到门口有一颗尚未引爆的风暴/隙界炸弹，这是上古战争遗留下来的东西。
只要将它引爆就行了。"
DLG_ORACLETERMINAL3_12,Where is it?,Où est-elle ?,Wo ist sie?,Dove si trova?,Onde ela está?,¿Dónde está?,Где он?,それはどこなの？,炸弹在什么地方？
DLG_ORACLETERMINAL3_14,"In sector 43, 18, beneath your peoples' research base.","Dans le secteur 43, 18, sous la base de recherche de ton peuple.","In Sektor 43, 18, unter der Forschungsbasis deines Volkes.","Nel settore 43, 18, sotto la base di ricerca della tua gente.","No setor 43, 18, abaixo da base de pesquisa das pessoas.","En el sector 43-18, debajo de la base de investigación de tu gente.","В секторе 43, 18, под исследовательской базой твоего народа.","セクター４３、１８です。
あなたたちの仲間の
研究基地の真下です。","43,18区，就在你们科研基地下方。"
DLG_ORACLETERMINAL4_20,"It was nearly discovered by them, is why I sent drones to chase them from the area.","Ils ont failli la découvrir, c'est pour ça que j'ai envoyé les drones, pour les chasser de la zone.","Es wurde fast von ihnen entdeckt, deshalb habe ich Drohnen geschickt, um sie aus dem Gebiet zu jagen.","Stavano quasi per scoprirla, ed è per questo che ho mandato i droni per allontanarli dalla zona.","Ela quase foi descoberta na época, por isso enviei drones para afastá-los da área.","Casi la descubren, por eso tuve que enviar drones para alejarlos de la zona.","Они почти его обнаружили, поэтому я и выслала дронов, чтобы их отпугнуть.","発見される一歩手前でした。
そのためドローンを送り込み
彼らを追い払ったのです。",之前险些被他们发现，所以我派了无人机将他们赶了出去。
DLG_ORACLETERMINAL3_15,This sounds dangerous. What is the blast radius of the bomb?,Ça a l'air dangereux. Quel est le rayon de déflagration de la bombe ?,Das klingt gefährlich. Wie groß ist der Explosionsradius der Bombe?,Sembra pericoloso. Che raggio di esplosione ha la bomba?,Isso parece perigoso. Qual é o raio de alcance da explosão?,Parece una tarea peligrosa. ¿Cuál es el alcance de la explosión de la bomba?,"Похоже, затея опасная. Какой у бомбы радиус поражения?","物騒な話ね。爆弾の
爆発半径はどれくらいなの？",感觉很危险啊，炸弹的爆炸半径有多大？
DLG_ORACLETERMINAL3_16,"The walls are of a material not native to this world, and should contain the blast.","Les murs sont faits d'un matériau qui n'est pas de ce monde, ils devraient contenir le souffle.","Die Wände sind aus einem Material, das in dieser Welt nicht heimisch ist, und sollten die Explosion eindämmen.","Le mura sono composte di un materiale non appartenente a questo mondo, e dovrebbero contenere l'impatto.","As paredes são feitas com material de outro mundo, elas devem conter a explosão.",Los muros están hechos de un material de otro mundo; deberían poder contener el estallido.,"Стены построены из иномирного материала, так что они должны выдержать.","ここにある壁はこの世界には
無い素材でできています。
爆風は防げるはずです。",那个地方的内壁材质来自其他世界，应该能够承受爆炸的冲击。
DLG_ORACLETERMINAL3_17,"Okay, I'll check it out. If it's as you say, I'll set it to blow.","Très bien, je vais aller voir, alors. Si tu dis vrai, je vais la régler pour qu'elle explose.","Okay, ich werde es überprüfen. Wenn es so ist, wie du sagst, werde ich sie zur Explosion bringen.","Ok, andrò a dare un'occhiata. Se è tutto come dici, la farò scoppiare.","Tudo bem, eu vou dar uma olhada. Se for como diz, vou ativá-la.","Está bien; la buscaré. Si es como dices, la haré detonar.","Ладно, проверю, что там как. Если все так, как ты говоришь, то я нажму на детонатор.","分かった、確認してみるわ。
もしあなたの言うとおり
爆弾が残っていたら
爆発させるようにセットするわ。",好，我去看看。如果真的如你所说，我就把它引爆。
DLG_ORACLETERMINAL3_18,And then you'd better find a way to get me back into my own body.,"Ensuite, tu as intérêt à trouver le moyen de me rendre mon corps.","Und dann findest du besser einen Weg, mich zurück in meinen eigenen Körper zu bringen.",E dopo faresti bene a trovare un modo per farmi riavere il mio corpo.,Depois é melhor você achar um jeito de me colocar no meu próprio corpo.,"Y luego, buscarás la manera de devolverme a mi cuerpo.",А тебе лучше бы поискать способ вернуть меня назад в мое тело.,"それから、あなたは私が元の
体に戻るための方法を探して。",然后你最好抓紧帮我想办法，看看我怎么才能回归原来的身体。
DLG_ORACLETERMINAL3_19,We have an agreement.,C'est d'accord.,Wir haben eine Abmachung.,Abbiamo un accordo.,Nós temos um acordo.,Trato hecho.,У нас договоренность.,同意しました。,一言为定。
DLG_MERIDIANANSIBLEON_0,The ansible has been powered on?,L'ansible a été allumé ?,Das Ansible wurde eingeschaltet?,L'ansible è stato acceso?,O ansible foi ligado?,¿Se encendió el ansible?,Ансибль включен?,アンシブルが起動してる？,这台安塞波开了？
DLG_MERIDIANANSIBLE_1,"Hammond, are you there?","Hammond, tu es là ?","Hammond, bist du da?","Hammond, ci sei?","Hammond, você está aí?","Hammond, ¿eres tú?","Хаммонд, ты тут?",ハモンド、そこにいる？,哈蒙德，在吗？
DLG_MERIDIANANSIBLE_2,"Yes, thanks to you, I have circumvented the character limits of this terminal.","Oui, grâce à toi, j'ai pu contourner les limites de caractères de ce terminal.","Ja, dank dir habe ich die Zeichenbegrenzung dieses Terminals umgangen.","Sì, grazie a te ho eluso i limiti di carattere di questo terminale.","Sim, graças a você, consegui contornar os limites de caracteres deste terminal.","Sí. Gracias a ti, puedo burlar la limitación de caracteres de esta terminal.","Да, благодаря тебе я сумела обойти лимит символов этого терминала.","ええ、おかげさまで
この端末の字数制限も
回避できたわ。",嗯，多亏了你，我已经绕开了这台终端的字符数量限制。
DLG_MERIDIANANSIBLE_3,"Something's come up. Amashilama ... she got the Lost Siuna. But she wants to find the rest, which are somewhere below us.","Quelque chose est arrivé. Amashilama... elle a obtenu le Siuna perdu. Mais elle souhaite trouver les autres, qui sont quelque part en-dessous de nous.","Es ist etwas dazwischen gekommen. Amashilama ... sie hat die verlorene Siuna. Aber sie will den Rest finden, der irgendwo unter uns ist.","Sta succedendo qualcosa. Amashilama… si è impossessata del Siuna Perduto. Ma vuole trovare gli altri, che sono da qualche parte sotto di noi.","Aconteceu uma coisa. Amashilama... ela obteve a Siuna Perdida. Mas ainda quer encontrar o restante, que estão em algum lugar abaixo de nós.","Pasó algo. Amashilama... consiguió la Siuna Perdida. Pero quiere encontrar al resto, que está por algún lado debajo de nosotros.","Я кое-что узнала. Амашилама... достала Потерянную Сиуну. Но она хочет найти остальные, которые, по странному стечению обстоятельств, находятся где-то под нами.","大変よ。アマシラーマが...
シウナを手に入れた。
この真下のどこかにある残りの
シウナも見つけるつもりよ。",出事了，阿玛希拉玛……她得到了失落的休纳，不过她还想找到其他的休纳，就在我们下方。
DLG_MERIDIANANSIBLE_4,"From what I know of them, they're very dangerous - at least the locals thought so.","D'après ce que je sais, ils sont très dangereux. Du moins, c'est ce que croient les locaux.","Nach dem, was ich über sie weiß, sind sie sehr gefährlich – zumindest dachten das die Einheimischen.","Da quel che ho capito, sono molto pericolosi - o almeno questa è l'opinione della gente del posto.","Pelo que sei delas, são muito perigosas - ao menos é o que os nativos pensavam.","Por lo que sé de ellas, son muy peligrosas, o eso creían los nativos.","Я знаю только, что они крайне опасны. Ну, так местные говорят.","私が知る限りでも、
彼女はとても危険な
存在ね。少なくとも
原住民たちにはそう
思われていたようね。",据我所知，这些休纳非常危险，起码当时的本地人觉得非常危险。
DLG_MERIDIANANSIBLE_6,"The Lamassu says she wants to use them to destroy the A'ansur, the ""mother world"", because she thinks it'll somehow ""free"" us. Is this a plausible thing?","Le Lamassu a dit qu'elle voulait les utiliser pour détruire l'A'ansur, la « mère des mondes », elle croit qu'ainsi nous serons libérés. C'est possible ?","Der Lamassu sagt, dass sie sie benutzen will, um die A’ansur, die „Mutterwelt“, zu zerstören, weil sie denkt, dass uns das irgendwie „befreien“ wird. Ist das eine plausible Sache?","Il Lamassu dice che lei vuole usarli per distruggere l'A'ansur, il ""mondo madre"", perché pensa che in qualche modo questo potrebbe ""liberarci"". È una cosa plausibile?","Lamassu diz que Amashilama quer usá-las para destruir A'ansur, o ""mundo de origem"", porque ela pensa que de alguma forma isso vai nos ""libertar"". Parece plausível?","La Lamassu dice que quiere usar las siunas para destruir A'ansur, el ""mundo madre"", porque cree que nos ""liberará"". ¿Y eso tiene sentido?","Ламассу считает, что с их помощью она хочет уничтожить А'ансур, ""матерь-мир"", потому что думает, что такимобразом сможет нас ""освободить"". Такое вообще возможно?","ラマッスは彼女が母なる世界
アンスルを破壊すると言った。
彼女はそうして何らかの形で
”自由”になれると信じている。",拉玛苏说她想利用休纳摧毁“母界”阿安苏尔，因为她觉得那样就能“解放”我们。
DLG_MERIDIANANSIBLE_7,"Oh god no. Indra, that would literally mean the end of our universe.","Oh non, Indra. Cela signifierait la fin de notre univers.","Oh Gott, nein. Indra, das würde buchstäblich das Ende unseres Universums bedeuten.","Santo cielo, no. Indra, questo significherebbe letteralmente la fine del nostro universo.","Ah, Deus, não. Indra, isso significa o fim do nosso universo, literalmente.","Cielos, no, Indra. Eso provocaría el fin de nuestro universo.","Боже мой, нет. Индра, тогда в буквальном смысле наступит конец всего.","何てこと、
それは違うわ、
インドラ。それは文字
通り私たちの世界の
終わりを意味するのよ。",我天，因德拉，阿安苏尔要是毁了，我们的宇宙也就完了。
DLG_MERIDIANANSIBLE_14,"Even if, as Amashilama seems to think, this Universe could survive ...","Même si, comme Amashilama semble le penser, cet Univers pouvait survivre...","Selbst wenn, wie Amashilama zu denken scheint, dieses Universum überleben könnte ...","Anche se, seguendo il ragionamento di Amashilama, questo Universo riuscisse a sopravvivere…","Mesmo que, como Amashilama pensa, este universo pudesse sobreviver...","Incluso aunque este universo pudiera sobrevivir, como cree Amashilama...","Даже если, по мнению Амашиламы, Вселенная выстоит...","もしアマシラーマの
考え通り、この世界が
生き残れたとしても..。",就算确如阿玛希拉玛所愿，这个宇宙能够幸存……
DLG_MERIDIANANSIBLE_15,Even then the places Samara and I are in would be forever disconnected ...,"Même les endroits où nous sommes, Samara et moi, seraient à jamais déconnectés...","Selbst dann wären die Orte, an denen Samara und ich sind, für immer voneinander getrennt ...",Persino in quel caso i luoghi in cui ci troviamo io e Samara resterebbero separati per sempre…,Até os lugares em que Samara e eu estamos seriam eternamente desconectados...,"Aun así, los lugares en los que estamos Samara y yo quedarían desconectados para siempre.","То места, типа того, где находимся мы с Самарой, будут отрезаны друг от друга навсегда...","サマーラと私がいる
世界とは永遠に
切り離されてしまう…",萨玛拉和我所在的两个世界也会永远断绝联系……
DLG_MERIDIANANSIBLE_16,... you would never see Samara again.,... et tu ne reverrais plus jamais Samara.,... Du würdest Samara nie wieder sehen.,…e tu non rivedresti mai più tua figlia.,...você nunca mais veria Samara.,Y jamás la volverías a ver.,...и ты никогда больше не увидишь Самару.,"...サマーラと二度と
会えなくなるわ。",……你就永远见不到萨玛拉了。
DLG_MERIDIANANSIBLE_9,I was starting to suspect as much.,C'est bien ce que je craignais.,Das habe ich schon geahnt.,Cominciavo a sospettarlo anch'io.,Eu estava começando a suspeitar disso.,Ya lo sospechaba.,Что-то такое я и ожидала услышать.,私も薄々そう感じていたわ。,我现在也担心会发生那样的事情。
DLG_MERIDIANANSIBLE_10,"I think you understand, then. Please don't let Amashilama do this.","Je pense que tu comprends, alors. Tu ne peux pas laisser Amashilama atteindre son objectif.","Ich denke, du verstehst das. Bitte lass nicht zu, dass Amashilama das tut.","Credo che tu abbia capito, allora. Per favore, non permettere ad Amashilama di farlo.","Então, acho que você entende. Por favor, não deixe que Amashilama faça isso.","Supongo que entonces lo entiendes. Por favor, no permitas que Amashilama haga esto.","Тогда, я думаю, ты все понимаешь. Прошу, не дай Амашиламе сделать это.","あなたならもう理解
していると思うわ。
絶対にアマシラーマを
止めて。",那这件事情我觉得你应该明白了，千万不要让阿玛希拉玛得逞。
DLG_MERIDIANANSIBLE_11,I'm about to set off a breach bomb. Apparently it's the only thing that can destroy the portal leading to the A'ansur. So if you don't hear from me again ...,"Je pars déclencher une bombe de brèche. Apparemment, c'est le seul moyen de détruire le portail qui mène à l'A'ansur. Alors, si tu n'as pas de mes nouvelles...","Ich bin im Begriff, eine Bruchbombe zu zünden. Anscheinend ist es das Einzige, was das Portal, das zu A’ansur führt, zerstören kann. Wenn du also nichts mehr von mir hörst ...","Sto per attivare una bomba-breccia. A quanto pare, è l'unica cosa che sia in grado di distruggere il portale che conduce ad A'ansur. Quindi, se non dovessi avere più mie notizie...","Estou prestes a detonar uma bomba de ruptura. Aparentemente, é a única coisa que pode destruir o portal que leva a A'ansur. Então, se você não tiver notícias minhas novamente...","Estoy a punto de detonar una bomba brecha. Al parecer, es lo único que puede destruir el portal que lleva a A'ansur. Así que, si no vuelves a saber de mí...","Я вот-вот активирую штормовую бомбу. Похоже, это единственное, что может уничтожить портал в А'ансур. Так что, если больше не выйду на связь...","ブリーチボムを起動しに行く。
アンスルに通じるポータルの
破壊はこれしかないみたい。
もし、私から連絡が無ければ...",我即将引爆一枚漏洞炸弹，阿安苏尔的传送门似乎只有这种东西能够摧毁，如果你之后再也没有收到我的消息……
DLG_MERIDIANANSIBLE_13,"If I don't hear from you again it's because you ceased to exist. So, don't let that happen.","Si je n'ai pas de tes nouvelles, c'est que tu as cessé d'exister. Fais en sorte que ça n'arrive pas.","Wenn ich nichts mehr von dir höre, dann deshalb, weil du aufgehört hast zu existieren. Also, lass das nicht geschehen.","Se non avremo più tue notizie è perché avrai cessato di esistere. Quindi, non lasciare che avvenga.",Se eu não tiver notícias suas é porque você deixou de existir. Então não permita que isso aconteça.,"Si no vuelvo a saber de ti, será porque habrás dejado de existir. No dejes que eso suceda.","Если ты больше не выйдешь на связь, это значит, что тебя больше нет. Так что не стоит до этого доводить.","連絡が無ければ
あなたの存在が
消えたということ。
そんなことが
起こらないように
必ず生きて帰って
来なさい。",如果我再也没有收到你的消息，就说明你不存在了。务必活着回来，不要让结局变成那样。
DLG_ORACLETERMINAL4_0,"Indra, an upstream portal lies ahead. It leads to A'ansur.","Indra, un port en amont se trouve plus loin. Il mène à A'ansur.","Indra, ein Portal stromaufwärts liegt vor uns. Es führt nach A’ansur.","Indra, c'è un portale poco più avanti. Conduce ad A'ansur.","Indra, há um portal de fluxo superior à frente. Ele leva a A'ansur.","Indra, hay un portal contracorriente delante. Lleva a A'ansur.","Индра, портал верхнего течения близко. Он ведет в А'ансур.","インドラ、この先に
アップストリームポータルがあります。
そこはアンスルへと繋がっています。",因德拉，前面有一个上游的传送门，是去阿安苏尔的。
DLG_ORACLETERMINAL4_1,"I had the Siuna cache placed there to keep it secure, but this has since become exactly the place Amashilama needs to do the most damage.","La cache de Siuna a été placée là par sécurité, mais maintenant, c'est devenu l'endroit où Amashilama a besoin de faire le plus de dégâts.","Das Siuna-Arsenal wurde dort platziert, um es zu sichern, aber inzwischen ist dies genau der Ort, den Amashilama braucht, um den größten Schaden anzurichten.","Era lì che era custodito al sicuro l'arsenale di Siuna, ma ora è diventato esattamente il luogo in cui Amashilama vuole arrecare il maggiore danno.","A reserva de Siuna foi colocada lá como uma medida de segurança, mas este se tornou exatamente o lugar em que Amashilama precisa causar a maior destruição.","El depósito de las siunas se guardó allí por razones de seguridad, pero resulta ser el lugar perfecto para que Amashilama cause el mayor daño posible.","Сиуны были спрятаны там, чтобы сберечь их от посторонних глаз, но с течением времени именно это место стало наиболее приоритетным для атаки Амашаламы.","シウナの隠し場所は安全性を
考えてアンスルに置かれました。
しかしそこはアマシラーマが
破壊を望む場所ともなって
しまいました。",那些休纳就封存在那里，当初的目的是为了保证安全，可是如今却方便了阿玛希拉玛。她一旦得手，就会闯下弥天大祸。
DLG_ORACLETERMINAL4_2,And we were so afraid computers were going to be smarter than us.,Tu es sûr que tu es vraiment un ordinateur ? Tes aptitudes à prendre des décisions sont aussi douteuses que celles des humains.,"Bist du dir sicher, dass du ein Computer bist? Deine Entscheidungsfähigkeiten sind genauso schlecht wie die eines Menschen.",Sei sicuro di essere un computer? Il tuo processo decisionale è fallato come quello degli umani.,Você tem certeza de que é um computador? Suas habilidades de tomada de decisão parecem tão ruins quanto as dos seres humanos.,¿De verdad eres una computadora? Tomas decisiones tan malas como cualquier humano.,"Ты уверен, что ты компьютер? А то твои навыки принятия решений ничуть не лучше человеческих.","あなたは本当にコンピューターなの？
あなたの判断能力は人間並みに
最悪だわ。",你确定自己是计算机吗？你的决策能力和人类一样垃圾。
DLG_ORACLETERMINAL4_3,"You should be able to hack the bomb with your nanites. Set a timer for 1 minute, that should be enough to get clear.","Tu devrais pouvoir pirater la bombe grâce à tes nanorobots. Règle un compte à rebours d'une minute, cela devrait suffire pour te rendre en lieu sûr.","Du solltest in der Lage sein, die Bombe mit deinen Naniten zu hacken. Stelle einen Timer auf 1 Minute. Das sollte reichen, um rauszukommen.","Dovrei riuscire ad hackerare la bomba con i tuoi naniti. Imposta il timer a 1 minuto, dovrebbe bastare per mettersi al sicuro.","Você será capaz de hackear a bomba com seus nanites. Ajuste o temporizador para 1 minuto, seve ser o bastante para você se afastar.",Deberías poder hackear la bomba con tus nanobots. Programa la detonación con un contador de un minuto; eso te alcanzará para alejarte.,"Ты, скорее всего, сможешь взломать бомбу своими нанитами. Поставь таймер на 1 минуту, этого должно быть достаточно, чтобы сбежать.","あなたのナノテクノロジーの力で
爆弾をハッキングできるはずです。
時間は1分にセットすれば十分
でしょう。",你的纳米机器人应该可以黑进这颗炸弹，设置1分钟的倒计时。1分钟应该够你离开那个地方了。
DLG_ORACLETERMINAL4_4,After that I will seal the doors.,"Après ça, je scellerai les portes.",Danach werde ich die Türen versiegeln.,"Dopodiché, sigillerò tutte le porte.","Após isso, selarei as portas.","Luego, sellaré las puertas.","После того, как запечатаю все двери.",その後、私が扉を全て封印します。,你出去之后，我就封上所有门。
DLG_ORACLETERMINAL4_6,"And then nobody can ever get to this cache again, right?","Et plus personne ne pourra jamais accéder à cette cache, c'est ça ?","Und dann kann niemand mehr zu diesem Arsenal gelangen, richtig?","E poi nessuno potrà mai più raggiungere quest'arsenale, giusto?","E ninguém poderá obter essa reserva, nunca mais, certo?","Y después nadie podrá acceder a ese depósito nunca más, ¿verdad?","Тогда никто больше не сможет добраться до этого запаса, да?","そうすれば二度と誰もシウナの
隠し場所に近づけない、そうよね？",那样就再没人能进来了吧？
DLG_ORACLETERMINAL4_8,Only a PatternMind could do that. And there are none left in this world.,Seul un Modèle-Esprit le pourrait. Mais ils ont tous disparu de ce monde.,Nur ein MusterVerstand könnte das tun. Und davon gibt es in dieser Welt keine mehr.,Solo uno Schema-Mente potrebbe riuscirci. E non ne è rimasto nessuno in questo mondo.,Apenas uma Mente Padrão poderia. E não restou nenhuma neste mundo.,"Solo una ""mente patrón"" podría... Y ya no queda ninguna en este mundo.",На такое способен лишь Паттернмайнд. А в этом мире больше таких не осталось.,"そのことを可能にするのは
パターンマインドのみです。
しかしこの世界でそのような者は
もう残っていません。",只有模式脑还能进来，不过这个世界已经没有模式脑了。
DLG_ENTERMERIDIANPORTAL_0,There is an open gate at the entrance to this room.,Il y a une porte ouverte qui mène à cette salle.,Es gibt ein offenes Tor am Eingang zu diesem Raum.,C'è una porta aperta all'ingresso di questa stanza.,Há um portão aberto na entrada para esta sala.,Hay una puerta abierta a la entrada de esta sala.,На входе в эту комнату — открытые ворота.,この部屋の入り口に開いた扉がある。,房间入口有一道大门开了。
DLG_ENTERMERIDIANPORTAL_1,I wouldn't put it past the Lamassu to shut it just as soon as I trigger the bomb.,Je pense que le Lamassu est capable de la fermer dès que j'aurai déclenché la bombe.,"Ich würde es dem Lamassu nicht zutrauen, es zu schließen, sobald ich die Bombe auslöse.",Non mi stupirebbe che il Lamassu la chiudesse non appena attivata la bomba.,Mas não descarto a possibilidade de que Lamassu possa fechá-lo assim que eu ativar a bomba.,No creo que la Lamassu sea capaz de cerrarla al mismo tiempo que inicie la detonación de la bomba.,"Но я не сбрасываю со счетов то, что Ламассу может закрыть их, как только активирую бомбу.","爆弾を作動させた途端に
ラマッスが閉めないとも限らないわ。",就算我一启动炸弹，拉玛苏就把门都封上了，我也丝毫不会意外。
DLG_AMASHILAMAENTERS_5,"Not so fast, Indra.","Pas si vite, Indra.","Nicht so schnell, Indra.","Non così in fretta, Indra.","Não tão rápido, Indra.","No tan rápido, Indra.","Не так быстро, Индра.",そうはさせないわ、インドラ。,因德拉，别那么着急。
DLG_AMASHILAMAENTERS_7,"We wouldn't want you destroying the Portal now, would we?","On ne voudrait pas que tu détruises le portail maintenant, si ?","Wir wollen doch nicht, dass du das Portal jetzt zerstörst, oder?","Non sarebbe affatto una buona cosa se distruggessi il Portale, giusto?","Não queremos que você destrua o portal agora, correto?",Tenemos que evitar que la explosión destruya el portal.,"Мы же не хотим, чтобы ты уничтожила портал сейчас, не так ли?",ポータルを破壊したくないでしょ？,这道传送门我们现在先不要摧毁。
DLG_AMASHILAMAENTERS_1,Amashilama.,Amashilama.,Amashilama.,Amashilama.,Amashilama.,Amashilama.,Амашилама.,アマシラーマ…,阿玛希拉玛。
DLG_AMASHILAMAENTERS_2,"This portal leads to A'ansur, the mother world.","Le portail mène à A'ansur, la mère des mondes.","Dieses Portal führt nach A’ansur, der Mutterwelt.","Questo portale conduce ad A'ansur, il mondo madre.","Este portal leva a A'ansur, o mundo de origem.","Este portal lleva a A'ansur, el mundo madre.","Этот портал ведет в А'ансур, матерь всех миров.","このポータルは母なる世界
アンスルへと繋がっている。",进了这道传送门，就能前往母界阿安苏尔。
DLG_AMASHILAMAENTERS_8,"Once I've obtained the remaining Siuna, we will destroy it.","Quand j'aurai obtenu les Siuna restants, je l'anéantirai.","Sobald ich die restlichen Siuna erhalten habe, werden wir es zerstören.","Una volta ottenuti gli altri Siuna, lo distruggeremo.","Assim que eu obter as Siunas restantes, nós o destruiremos.","Una vez que obtenga las demás siunas, lo destruiré.","Как только я заполучу остальные Сиуны, мы его уничтожим.","残りのシウナを手に入れたら、
私はその世界を破壊する。",等我找到剩余的休纳，再毁了这门也不迟。
DLG_AMASHILAMAENTERS_3,"And in the process, destroy this world, too.","Et au passage, ce monde aussi sera détruit.",Und dabei werden wir auch diese Welt zerstören.,"E, nel farlo, distruggerai anche questo mondo.","E, no processo, destruir este mundo também.","Y en el proceso, destruiré este mundo también.",А в процессе — и этот мир.,"そんなことをすれば、
この世界も破壊されてしまうのよ。",同时摧毁这个世界。
DLG_AMASHILAMAENTERS_4,A matter of semantics. I will return it to its original form.,Ce n'est qu'une question de sémantique : je lui rendrai sa forme originelle.,Das ist nur eine Frage der Semantik. Ich werde sie in ihre ursprüngliche Form zurückbringen.,Una questione semantica. Lo riporterò alla sua forma originale.,É uma questão de semântica. Eu o retornarei a sua forma original.,"En realidad, es una forma de decir. Haré que vuelva a su forma original.",Вопрос семантики. Я верну его к изначальной форме.,"たとえそうであっても大した違いは無いわ。
どのみち私が本来あるべき形へと戻す。",一个意思，我会让它回到元初的形态。
DLG_AMASHILAMAMONOLOGUE_12,It will become part of the pure realm of Ideas once again.,Il redeviendra alors une partie du royaume pur des Idées.,Sie wird wieder ein Teil des reinen Reichs der Ideen werden.,Diventerà nuovamente parte del puro reame delle Idee.,Ele se tornará parte do reino puro de Ideas novamente.,Volverá a ser parte del plano puro de las ideas.,Он снова станет частью мира чистых идей.,"この世界は再び
純粋なるイデアの領域の一部となるのよ。",回归纯粹的理念世界。
DLG_AMASHILAMAMONOLOGUE_13,Those living in the current world will no longer exist to experience the destruction of it.,Ceux qui vivent dans le monde actuel n'existeront plus pour vivre sa destruction.,"Diejenigen, die in der jetzigen Welt leben, werden nicht mehr existieren, um die Zerstörung dieser Welt zu erleben.",Tutti coloro che vivono nel mondo attuale non esisteranno abbastanza per sperimentarne la distruzione.,Os que vivem no mundo atual não mais existirão para testemunhar sua destruição.,Quienes viven en este mundo no existirán para presenciar su destrucción.,Живущие в текущей версии мира больше не будут существовать и не смогут прочувствовать разрушение его.,"今この世界に住む者たちも、
世界の破壊を味わうべく
存在することももうなくなる。",尚存于世的人届时将不复存在，因而不会经历这个世界的毁灭。
DLG_AMASHILAMAENTERS_6,"Yeah, that's a bunch of nonsense I'm not about to let happen.","Ouais, un ramassis de conneries que je compte bien empêcher.","Ja, das ist ein Haufen Blödsinn, den ich nicht zulassen werde.","Beh, questo è un mucchio di idiozie che non consentirò che accadano.","É, isso é um monte de besteira que eu não vou deixar acontecer.","Sí, un montón de estupideces que no voy a permitir.","Ага, и я не позволю, чтобы хоть что-то из этого бреда произошло.","ええ、何もかもがたわけた馬鹿話ね。
あなたは私が止める！",嗯，随你千说万说，我绝对不会让这种事情发生。
DLG_CAGEMONOLOGUE_0,Enough!,Assez !,Genug!,Basta così!,Basta!,¡Basta!,Довольно!,これで最後よ！,行了！
DLG_CAGEMONOLOGUE_1,You don't think I know what you're trying to do?,Tu crois que je ne vois pas ce que tu tentes d'accomplir ?,"Denkst du, ich weiß nicht, was du vorhast?",Non pensi che sappia cosa stai cercando di fare?,Você acha que eu não sei o que está tentando fazer?,¿Crees que no sé lo que estás intentando hacer?,"Думаешь, я не знаю, что ты пытаешься сделать?","あなたが何をしようとしているのか
私が知らないとでも思った？",你以为我不知道你想干什么吗？
DLG_CAGEMONOLOGUE_2,I was here when this bomb was MADE.,J'étais là quand cette bombe a été FABRIQUÉE.,"Ich war hier, als diese Bombe GEMACHT wurde.",Io ero qui quando questa bomba fu CREATA.,Eu estava aqui quando esta bomba doi FEITA.,Yo estaba aquí cuando se creó esta bomba.,"Я была здесь, когда эту бомбу СОЗДАЛИ.","この爆弾が”作られた時”に、
私はここにいたのよ。",这颗炸弹造出来的时候，我就在这个地方。
DLG_STRANGLEDIALOGUE_0,"Indra, hack the bomb!","Indra, pirate la bombe !","Indra, hacke die Bombe!","Indra, hackera la bomba!","Indra, hackeie a bomba!","¡Indra, hackea la bomba!","Индра, взломай бомбу!",インドラ、爆弾をハッキングして！,因德拉，快黑进炸弹！
DLG_STRANGLEDIALOGUE_3,"*GaSp* YOU!
How - ? *ChOkE*","!!!? Toi !
 Comment ? -Hhhh ! *S'étrangle*","*keuch* DU!
 Wie ...? *hust*","*gasp* TU!
 Come - ? *coff*","*Ugh* VOCÊ!
  Como - ? *argh*","¡Ah, tú!
  ¿Cómo...? *se ahoga*","*КхХх* ТЫ!
 Как ты?.. *АаРгх*","うぐっ、お前が！
なぜ？ぐううぅ","*倒抽一口气*你！
怎么可——？*哽住*"
DLG_STRANGLEDIALOGUE_4,- And get the hell out here!,- Sors d'ici tout de suite !,Und verschwinde von hier!,Vattene subito da qui!,— E dê o fora daqui!,¡Y vete al demonio!,И выбирайся оттуда скорее!,早くここを脱出しなさい！,之后赶紧出去！
DLG_STRANGLEDIALOGUE_5,I'll keep her busy!,Je vais la distraire !,Ich werde sie beschäftigen!,Io la terrò occupata!,Vou mantê-la ocupada!,¡Yo la mantendré ocupada!,Я ее задержу!,私が抑えてる今のうちに！,我来拖住她！
DLG_ORACLETERMINALESCAPE_0,"Indra, you did it! Run, hurry!","Indra, tu as réussi ! Déguerpis, dépêche-toi !","Indra, du hast es geschafft! Lauf, schnell!","Indra, ce l'hai fatta! Sbrigati, scappa!","Indra, você conseguiu! Corra, depressa!","¡Indra, lo lograste! ¡Deprisa, corre!","Индра, у тебя получилось! Бежим, скорее!","インドラよ、よくやりました！
ただちに脱出しなさい！",因德拉，你成功了！快，快跑！
DLG_ENDINGDAMU0_0,"True to what the Lamassu said, the Breach bomb completely obliterated the portal to A'ansur.","Comme le Lamassu l'avait prédit, la bombe de brèche annihila le portail vers A'ansur.","Getreu dem, was der Lamassu gesagt hatten, hat die Bruch-Bombe das Portal nach A’ansur komplett ausgelöscht.","Esattamente come aveva detto il Lamassu, la bomba-breccia distrusse completamente il portale per A'ansur.","De acordo com o que Lamassu disse, a bomba de ruptura obliterou o portal para A'ansur.","Tal como dijo la Lamassu, la bomba brecha destruyó el portal a A'ansur por completo.",Ламассу сказал правду: штормовая бомба полностью разрушила портал в А'ансур.,"ラマッスの言葉通り、ブリーチボムによって
アンヘルへと繋がるポータルは完全に
消滅した。",正如拉玛苏此前所言，漏洞炸弹完全湮灭了阿安苏尔的传送门。
DLG_ENDINGDAMU2_11,We had survived - Damu and myself.,"Nous avons survécu, Damu et moi.",Wir hatten überlebt – Damu und ich.,Eravamo sopravvissuti - Damu e io.,Nós sobrevivemos - Damu e eu.,"Habíamos sobrevivido, Damu y yo.",Мы с Даму выжили.,私とダムーは…生き残ることができた。,我和达木，我们都活下来了。
DLG_ENDINGDAMU2_12,Or at least some version of myself.,"Du moins, une certaine version de moi-même.",Oder zumindest eine Version von mir.,O almeno una versione di me lo era.,Pelo menos uma versão de mim.,O al menos alguna versión de mí.,"Ну, по крайней мере, какое-то подобие меня.",少なくとも私は、違う姿で。,我起码保住了自己的另一个版本。
DLG_ENDINGDAMU2_14,The other me - she'd died to protect everyone.,L'autre moi... Elle est morte pour protéger tout le monde.,"Das andere Ich – sie war gestorben, um alle zu beschützen.",L'altra me invece - era morta per proteggerci tutti.,A outra eu - morreu para proteger a todos.,Mi otra yo... murió por el bien todos.,"Другая я умерла, чтобы защитить остальных.",もう１人の私は、皆を守るために命を落とした。,另外一个我牺牲了自己，保护了大家。
DLG_ENDINGDAMU2_22,I realized then that I didn't care about getting home anymore.,J'ai alors réalisé que rentrer chez moi n'avait plus d'importance.,"Da wurde mir klar, dass es mir nicht mehr wichtig war, nach Hause zu kommen.",Fu allora che capii che non mi importava più tornare a casa.,Eu percebi que não me importava mais em voltar para casa.,Entonces entendí que ya no me importaba volver a casa.,"Тогда я поняла, что больше не хочу домой.","私は、元の世界へと戻ることなど
もうどうでもいいと思った。",这个时候，我突然发现自己不再一心想着回家了。
DLG_ENDINGDAMU2_23,"So I promised Damu that no matter what happened, I'd find a way to fix him.","Alors, j'ai promis à Damu que quoi qu'il arrive, je trouverai le moyen de le réparer.","Also versprach ich Damu, dass ich, egal was passiert, einen Weg finden würde, ihn zu reparieren.","Così promisi a Damu che avrei trovato un modo per ripararlo, a qualsiasi costo.","Então prometi a Damu que, custe o que custar, encontraria um jeito de ajudá-lo.","Así que le prometí a Damu que, sin importar lo que pasara, buscaría la manera de curarlo.","Я пообещала Даму, что найду способ вернуть его, несмотря ни на что.","それで私はダムーと１つ約束をした。
何があろうと必ず彼を直す方法を
見つけ出すと。",我向达木许下了诺言，无论怎样，我都会想办法让他恢复原样。
DLG_ENDINGDAMU2_30,To make him flesh and blood again.,De lui redonner un corps en chair et en os.,Um ihn wieder in Fleisch und Blut zu verwandeln.,Per farlo tornare in carne e ossa.,Torná-lo carne e sangue novamente.,De devolverle su forma humana.,Снова сделать его плотью и кровью.,彼が血と肉体を再び取り戻せるように。,让他重新变成有血有肉的人。
DLG_ENDINGDAMU2_31,And I knew where I could find the technology for that.,Et je savais où trouver la technologie qui m'aiderait dans cette entreprise.,"Und ich wusste, wo ich die Technologie dafür finden konnte.",E sapevo dove avrei potuto trovare la tecnologia per farlo.,E eu sabia onde encontrar a tecnologia para isso.,Y sabía dónde estaba la tecnología necesaria para lograrlo.,"И я знала, где можно найти подобную технолонию.","そのための技術が
どこで見つけられるかは知っていた。",而且我知道哪里能够找到这方面的科技。
DLG_ENDINGDAMU2_32,"But ironically, I'd just blown up the only known way to get there.","L'ironie, c'est que je venais juste de faire exploser le seul moyen de m'y rendre.",Aber ironischerweise hatte ich gerade den einzigen bekannten Weg dorthin in die Luft gesprengt.,"Ma, ironicamente, avevo appena fatto saltare in aria l'unico modo conosciuto per arrivarci.","Mas, ironicamente, eu explodi o único caminho para chegar lá.","Pero, justamente, había acabado con la única manera conocida de llegar allí.","Но ирония в том, что я только что взорвала единственный известный путь туда.","しかし皮肉にも、
そこへたどり着く唯一の方法を
自らの手で破壊してしまった。",只是我刚刚炸了去那个地方唯一的门路。
DLG_ENDINGDAMU2_33,So I was going to need help.,"Alors, j'allais avoir besoin d'aide.",Also würde ich Hilfe brauchen.,Quindi avrei avuto bisogno di aiuto.,Então eu ia precisar de ajuda.,Necesitaría ayuda.,Поэтому мне и нужна была помощь.,だから、私には助けが必要だ。,只是我自己没有办法过去。
DLG_ENDINGDRUSHKA_8,"And so you've come to me, hoping I can help you reach this ""A'ansur"".","Ah, tu es venue me trouver en espérant que je t'aide à atteindre cet « A'ansur ».","Und so bist du zu mir gekommen, in der Hoffnung, dass ich dir helfen kann, dieses „A’ansur“ zu erreichen.","Per questo sei venuta da me, sperando che io potessi aiutarti a raggiungere questo ""A'ansur"".","E aí você veio até mim, esperando que eu pudesse te ajudar a chegar nesse ""A'ansur"".","Así que acudes a mí para que te ayude a llegar a este tal ""A'ansur"".","И ты пришла ко мне в надежде, что я помогу тебе попасть в этот твой ""А'ансур"".","それで、私がその「アンスル」へと
到達する手助けを行うだろうと考え、
訪ねて来たのだな。",所以你来找我，希望我能助你前往这个“阿安苏尔”。
DLG_ENDINGDRUSHKA_13,"By your own admission, that was Amashilama's goal.",C'est toi-même qui as avoué qu'Amashilama avait la même intention.,Nach deinem eigenen Eingeständnis war das das Ziel von Amashilama.,"Per tua stessa ammissione, era l'obiettivo di Amashilama.","Como você havia admitido, esse era o objetivo de Amashilama.",Tú misma lo dijiste: esa era el objetivo de Amashilama.,"Ты же сама говорила, что это была цель Амашиламы.","あなたが認めたように、それは元々
アマシラーマの目的だったのであろう？",可你之前又说阿玛希拉玛也希望去阿安苏尔。
DLG_ENDINGDRUSHKA_14,Are you sure you are completely free of her influence?,Es-tu vraiment sûre de ne plus subir son influence ?,"Bist du sicher, dass du völlig frei von ihrem Einfluss bist?",Sei sicura di essere del tutto libera dalla sua influenza?,Tem certeza de que se livrou completamente da influência dela?,¿Estás segura de que te liberaste por completo de su influencia?,"Ты уверена, что полностью избавилась от ее влияния?","あなた自身が彼女の影響を全く
受けていないと言い切れるのか？",你确定自己完全没受到她影响吗？
DLG_ENDINGDRUSHKA_1,Of course. That was where they stored their most advanced tech.,Bien sûr. C'est là qu'ils gardaient leur technologie la plus avancée.,"Ja, natürlich. Dort lagerten sie ihre fortschrittlichste Technologie.",Certo. Era lì che custodivano la loro tecnologia più avanzata.,Claro. Lá é onde eles guardavam as tecnologias mais avançadas.,Claro que no lo estoy. Allí es donde guardaban su tecnología más avanzada.,Конечно. Именно там они хранили свои самые развитые технологии.,"もちろん、受けていないわ。そこは
最も発達した技術が保管されている
場所。",当然没有。只是那里存放着他们最先进的科技。
DLG_ENDINGDRUSHKA_15,"I'd think you, too, would find it ... lucrative.","Je pensais que, toi aussi, tu trouverais cela... lucratif.","Ich würde denken, dass auch du es ... lukrativ finden würdest.",Credo che anche tu lo troveresti… remunerativo.,Creio que você também vai achar isso muito... lucrativo.,Creo que a ti también te resultaría... provechoso.,"Думаю, тебе бы это тоже показалось... заманчивым.","あなたも…
有益な場所だと思うでしょうね。",你如果看到了那项科技，应该也会觉得……有利可图。
DLG_ENDINGDRUSHKA_16,"But in order to get there, we will need a PatternMind.","Mais pour y aller, il nous faut un Modèle-Esprit.","Aber um dorthin zu gelangen, brauchen wir einen MusterVerstand.","Ma per poterci arrivare, avremo bisogno di uno Schema-Mente.","Mas, para chegar lá, precisaremos de uma Mente Padrão.","Pero para llegar, necesitamos a una mente patrón.","Но, чтобы попасть туда, нам нужен будет Паттермайнд.","でもそこまでたどり着くには
パターンマインドの存在が必要よ。",不过，要想去那里，我们需要一套模式脑。
DLG_ENDINGDRUSHKA_2,"And Hammond? Do you think she is there, too?","Et Hammond ? Tu penses qu'elle est là-bas, aussi ?","Und Hammond? Denkst du, sie ist auch dort?",E Hammond? Credi che anche lei si trovi lì?,"E Hammond? Você acha que ela está lá, também?",¿Y Hammond? ¿Crees que ella también está allí?,"А Хаммонд? Думаешь, она все еще там?","それとハモンドもか？
彼女もその場所にいるのか？",还需要哈蒙德？你觉得她也在那里吗？
DLG_ENDINGDRUSHKA_4,I don’t pretend to have any idea where Hammond is ...,Je ne prétends pas savoir où Hammond se trouve...,"Ich gebe nicht vor, eine Ahnung zu haben, wo Hammond ist ...",Non pretendo di avere la più vaga idea di dove si trovi la dottoressa Hammond…,Eu não fingir que tenho alguma ideia do paradeiro de Hammond...,No pretendo conocer la ubicación de Hammond...,"Не буду притворяться, что вообще знаю, где сейчас Хаммонд...","ハモンドのいる場所を
知ってるフリをするわけじゃないけど...",我完全不知道哈蒙德目前身在何处，我如果知道的话，完全没必要隐瞒……
DLG_ENDINGDRUSHKA_5,"I tried contacting her using the ansibles, but they're all dead now.","J'ai essayé de la contacter avec les ansibles, mais aucun d'eux ne marchent plus, à présent.","Ich habe versucht, sie mithilfe der Ansibles zu kontaktieren, aber die sind jetzt alle tot.","Ho provato a contattarla usando gli ansible, ma sono tutti scarichi.","Tentei entrar em contato com ela, usando os ansibles, mas eles todos não funcionam mais.","Intenté contactarla con los ansibles, pero ya ninguno sirve.","Я пыталась выйти с ней на связь с ансиблей, но они все перестали работать.","アンシブルで彼女と連絡を取ろうと
したけど全く繋がらなくなった。",我之前想用安塞波和她联系，可是那些机器全都不能用了。
DLG_ENDINGDRUSHKA_6,"But I feel like she, and Samara, are still around, somewhere.","Mais, je sens qu'elle, et Samara, sont encore là, quelque part.","Aber ich habe das Gefühl, dass sie und Samara immer noch da sind, irgendwo.","Ma ho la sensazione che lei e Samara siano ancora in giro, da qualche parte.","Mas sinto que ela, e Samara, ainda estão por aí.","Sin embargo, siento que Samara y ella están por ahí, en algún lado.","Но я чувствую, что она, как и Самара, все еще живы, где-то там.","でもハモンドは、それとサマーラも
まだどこかにいるような気がするわ。",不过，我感觉，她还有萨玛拉应该还在某个地方。
DLG_ENDINGDRUSHKA_10,"Very well. I look forward to working with you, Indra.","Très bien. Il me tarde de travailler avec toi, Indra.","Nun gut. Ich freue mich auf die Zusammenarbeit mit dir, Indra.","Molto bene. Non vedo l'ora di lavorare con te, Indra.","Muito bem. Vai ser um prazer trabalhar com você, Indra.","Muy bien. Indra, espero que podamos colaborar.","Ну хорошо. Мне не терпится начать работать с тобой, Индра.","それは結構なことだ。
共に仕事ができることが楽しみだ、
インドラ。",那太好了。因德拉，我非常期待与你共事。
DLG_ENDINGDRUSHKA_17,"I don't think I can really call myself ""Indra"" anymore.",Je ne pense pas pouvoir continuer à utiliser le nom « Indra ».,"Ich glaube, ich kann mich nicht mehr „Indra“ nennen.","Non credo che io possa chiamarmi ancora ""Indra"".","Acho que não posso mais ser chamada de ""Indra"".","Ya no sé si puedo seguir llamándome ""Indra"".","Не думаю, что смогу продолжать называть себя ""Индра"".","私は既に”インドラ”という
存在じゃないわ。",我现在应该不能再叫“因德拉”了。
DLG_ENDINGDRUSHKA_21,The real Indra died saving us.,La vraie Indra est morte pour nous sauver.,"Der echte Indra ist gestorben, um uns zu retten.",La vera Indra è morta per salvarci.,A verdadeira Indra morreu para nos salvar.,La Indra de verdad murió para salvarnos.,"Настоящая Индра умерла, спасая нас.","本当のインドラは私たちを
助けるために命を落とした。",真正的因德拉为了救我们，已经牺牲了。
DLG_ENDINGDRUSHKA_20,I'm something else.,Je suis autre chose.,Ich bin etwas anderes.,Ora sono qualcos'altro.,Eu sou outra coisa agora.,Soy otra cosa.,Я нечто другое.,私は別の何かよ。,我已经不是自己。
DLG_ENDINGSAMARA_2,,,,,,,,,